OrderLineID,OrderID,CustomerID,ProductID,OrderDate,Quantity,UnitPrice,Discount,LineTotal
OL-00001,ORD-10001,CUST-0001,PROD-017,2024-05-26,1,242.78,0,242.78
OL-00002,ORD-10001,CUST-0001,PROD-033,2024-05-26,1,70.03,0.05,66.53
OL-00003,ORD-10001,CUST-0001,PROD-023,2024-05-26,3,88.43,0.1,238.76
OL-00004,ORD-10002,CUST-0001,PROD-030,2025-06-22,3,33.74,0,101.22
OL-00005,ORD-10003,CUST-0001,PROD-023,2025-07-27,3,88.43,0.15,225.5
OL-00006,ORD-10003,CUST-0001,PROD-020,2025-07-27,5,37.73,0.15,160.35
OL-00007,ORD-10004,CUST-0002,PROD-034,2024-02-08,5,79.8,0.1,359.1
OL-00008,ORD-10004,CUST-0002,PROD-016,2024-02-08,2,189.62,0.2,303.39
OL-00009,ORD-10004,CUST-0002,PROD-007,2024-02-08,3,511.33,0.05,1457.29
OL-00010,ORD-10004,CUST-0002,PROD-021,2024-02-08,1,38.34,0,38.34
OL-00011,ORD-10005,CUST-0002,PROD-027,2025-02-22,2,52.67,0.05,100.07
OL-00012,ORD-10005,CUST-0002,PROD-006,2025-02-22,2,689.21,0.05,1309.5
OL-00013,ORD-10005,CUST-0002,PROD-004,2025-02-22,1,921.23,0,921.23
OL-00014,ORD-10005,CUST-0002,PROD-028,2025-02-22,5,65.64,0.05,311.79
OL-00015,ORD-10006,CUST-0002,PROD-017,2024-12-21,4,242.78,0.15,825.45
OL-00016,ORD-10006,CUST-0002,PROD-032,2024-12-21,4,129.73,0.2,415.14
OL-00017,ORD-10006,CUST-0002,PROD-028,2024-12-21,2,65.64,0,131.28
OL-00018,ORD-10006,CUST-0002,PROD-029,2024-12-21,5,32.8,0,164
OL-00019,ORD-10007,CUST-0002,PROD-009,2024-10-29,2,89.78,0.05,170.58
OL-00020,ORD-10007,CUST-0002,PROD-033,2024-10-29,4,70.03,0,280.12
OL-00021,ORD-10007,CUST-0002,PROD-034,2024-10-29,2,79.8,0.1,143.64
OL-00022,ORD-10007,CUST-0002,PROD-008,2024-10-29,3,342.59,0,1027.77
OL-00023,ORD-10008,CUST-0002,PROD-008,2024-12-28,1,342.59,0.1,308.33
OL-00024,ORD-10008,CUST-0002,PROD-024,2024-12-28,2,38.87,0,77.74
OL-00025,ORD-10008,CUST-0002,PROD-037,2024-12-28,3,23.39,0,70.17
OL-00026,ORD-10008,CUST-0002,PROD-019,2024-12-28,3,21.71,0,65.13
OL-00027,ORD-10009,CUST-0002,PROD-002,2024-07-23,3,505.32,0,1515.96
OL-00028,ORD-10009,CUST-0002,PROD-010,2024-07-23,2,121.48,0,242.96
OL-00029,ORD-10009,CUST-0002,PROD-027,2024-07-23,4,52.67,0,210.68
OL-00030,ORD-10009,CUST-0002,PROD-004,2024-07-23,1,921.23,0.1,829.11
OL-00031,ORD-10010,CUST-0002,PROD-003,2024-08-20,4,722.82,0.05,2746.72
OL-00032,ORD-10011,CUST-0002,PROD-037,2024-12-13,4,23.39,0.05,88.88
OL-00033,ORD-10011,CUST-0002,PROD-029,2024-12-13,5,32.8,0,164
OL-00034,ORD-10011,CUST-0002,PROD-022,2024-12-13,2,27.82,0.1,50.08
OL-00035,ORD-10012,CUST-0002,PROD-029,2025-01-14,5,32.8,0.15,139.4
OL-00036,ORD-10012,CUST-0002,PROD-010,2025-01-14,5,121.48,0.05,577.03
OL-00037,ORD-10012,CUST-0002,PROD-021,2025-01-14,4,38.34,0,153.36
OL-00038,ORD-10012,CUST-0002,PROD-006,2025-01-14,4,689.21,0,2756.84
OL-00039,ORD-10013,CUST-0002,PROD-029,2024-11-26,3,32.8,0.15,83.64
OL-00040,ORD-10014,CUST-0002,PROD-002,2024-04-09,3,505.32,0.1,1364.36
OL-00041,ORD-10014,CUST-0002,PROD-037,2024-04-09,1,23.39,0.15,19.88
OL-00042,ORD-10015,CUST-0002,PROD-013,2024-12-06,5,134.4,0.1,604.8
OL-00043,ORD-10016,CUST-0002,PROD-037,2024-12-15,5,23.39,0,116.95
OL-00044,ORD-10017,CUST-0002,PROD-033,2025-03-14,2,70.03,0,140.06
OL-00045,ORD-10017,CUST-0002,PROD-002,2025-03-14,3,505.32,0.2,1212.77
OL-00046,ORD-10017,CUST-0002,PROD-008,2025-03-14,2,342.59,0,685.18
OL-00047,ORD-10017,CUST-0002,PROD-035,2025-03-14,5,75.75,0.05,359.81
OL-00048,ORD-10018,CUST-0002,PROD-026,2024-04-07,1,54.35,0,54.35
OL-00049,ORD-10018,CUST-0002,PROD-003,2024-04-07,4,722.82,0,2891.28
OL-00050,ORD-10018,CUST-0002,PROD-032,2024-04-07,4,129.73,0,518.92
OL-00051,ORD-10019,CUST-0002,PROD-025,2025-05-09,1,25.5,0,25.5
OL-00052,ORD-10019,CUST-0002,PROD-017,2025-05-09,5,242.78,0,1213.9
OL-00053,ORD-10019,CUST-0002,PROD-006,2025-05-09,3,689.21,0,2067.63
OL-00054,ORD-10020,CUST-0002,PROD-006,2024-05-27,4,689.21,0.15,2343.31
OL-00055,ORD-10020,CUST-0002,PROD-010,2024-05-27,2,121.48,0,242.96
OL-00056,ORD-10020,CUST-0002,PROD-020,2024-05-27,5,37.73,0,188.65
OL-00057,ORD-10021,CUST-0002,PROD-004,2024-05-26,3,921.23,0.05,2625.51
OL-00058,ORD-10022,CUST-0002,PROD-010,2024-04-14,3,121.48,0.05,346.22
OL-00059,ORD-10022,CUST-0002,PROD-027,2024-04-14,1,52.67,0,52.67
OL-00060,ORD-10022,CUST-0002,PROD-021,2024-04-14,2,38.34,0,76.68
OL-00061,ORD-10023,CUST-0002,PROD-032,2025-03-15,5,129.73,0.05,616.22
OL-00062,ORD-10023,CUST-0002,PROD-033,2025-03-15,1,70.03,0,70.03
OL-00063,ORD-10024,CUST-0002,PROD-030,2024-03-26,1,33.74,0.05,32.05
OL-00064,ORD-10024,CUST-0002,PROD-036,2024-03-26,1,97.89,0.05,93
OL-00065,ORD-10024,CUST-0002,PROD-027,2024-03-26,2,52.67,0,105.34
OL-00066,ORD-10025,CUST-0002,PROD-016,2024-07-10,5,189.62,0.15,805.88
OL-00067,ORD-10026,CUST-0002,PROD-020,2025-04-01,4,37.73,0.05,143.37
OL-00068,ORD-10026,CUST-0002,PROD-037,2025-04-01,1,23.39,0.2,18.71
OL-00069,ORD-10027,CUST-0002,PROD-010,2025-01-14,5,121.48,0,607.4
OL-00070,ORD-10027,CUST-0002,PROD-024,2025-01-14,2,38.87,0.1,69.97
OL-00071,ORD-10028,CUST-0003,PROD-036,2025-09-27,4,97.89,0.2,313.25
OL-00072,ORD-10028,CUST-0003,PROD-029,2025-09-27,5,32.8,0,164
OL-00073,ORD-10028,CUST-0003,PROD-003,2025-09-27,2,722.82,0,1445.64
OL-00074,ORD-10028,CUST-0003,PROD-001,2025-09-27,1,1226.38,0.05,1165.06
OL-00075,ORD-10029,CUST-0004,PROD-025,2024-11-19,5,25.5,0.2,102
OL-00076,ORD-10029,CUST-0004,PROD-023,2024-11-19,5,88.43,0,442.15
OL-00077,ORD-10029,CUST-0004,PROD-014,2024-11-19,1,487.6,0,487.6
OL-00078,ORD-10030,CUST-0004,PROD-020,2025-12-17,1,37.73,0.05,35.84
OL-00079,ORD-10031,CUST-0004,PROD-009,2025-11-26,5,89.78,0,448.9
OL-00080,ORD-10032,CUST-0005,PROD-033,2024-07-06,3,70.03,0.15,178.58
OL-00081,ORD-10032,CUST-0005,PROD-021,2024-07-06,3,38.34,0.2,92.02
OL-00082,ORD-10033,CUST-0006,PROD-018,2025-02-17,2,9.52,0.05,18.09
OL-00083,ORD-10033,CUST-0006,PROD-016,2025-02-17,5,189.62,0,948.1
OL-00084,ORD-10033,CUST-0006,PROD-021,2025-02-17,1,38.34,0.15,32.59
OL-00085,ORD-10033,CUST-0006,PROD-022,2025-02-17,2,27.82,0.15,47.29
OL-00086,ORD-10034,CUST-0007,PROD-031,2025-09-01,1,164.42,0,164.42
OL-00087,ORD-10035,CUST-0008,PROD-027,2025-11-18,4,52.67,0.2,168.54
OL-00088,ORD-10035,CUST-0008,PROD-036,2025-11-18,4,97.89,0.1,352.4
OL-00089,ORD-10036,CUST-0009,PROD-035,2024-04-07,1,75.75,0.2,60.6
OL-00090,ORD-10037,CUST-0009,PROD-008,2025-06-13,1,342.59,0,342.59
OL-00091,ORD-10037,CUST-0009,PROD-023,2025-06-13,4,88.43,0,353.72
OL-00092,ORD-10037,CUST-0009,PROD-025,2025-06-13,2,25.5,0.05,48.45
OL-00093,ORD-10037,CUST-0009,PROD-012,2025-06-13,1,109.67,0,109.67
OL-00094,ORD-10038,CUST-0009,PROD-018,2025-05-07,3,9.52,0,28.56
OL-00095,ORD-10039,CUST-0009,PROD-015,2024-06-07,1,295.3,0,295.3
OL-00096,ORD-10039,CUST-0009,PROD-032,2024-06-07,4,129.73,0.15,441.08
OL-00097,ORD-10039,CUST-0009,PROD-024,2024-06-07,5,38.87,0,194.35
OL-00098,ORD-10040,CUST-0009,PROD-026,2024-04-25,3,54.35,0.1,146.75
OL-00099,ORD-10040,CUST-0009,PROD-008,2024-04-25,5,342.59,0.05,1627.3
OL-00100,ORD-10041,CUST-0009,PROD-037,2024-07-18,1,23.39,0.1,21.05
OL-00101,ORD-10041,CUST-0009,PROD-012,2024-07-18,2,109.67,0.15,186.44
OL-00102,ORD-10042,CUST-0009,PROD-017,2024-05-25,2,242.78,0.1,437
OL-00103,ORD-10042,CUST-0009,PROD-037,2024-05-25,3,23.39,0,70.17
OL-00104,ORD-10043,CUST-0010,PROD-035,2025-03-20,5,75.75,0,378.75
OL-00105,ORD-10044,CUST-0011,PROD-001,2025-02-03,4,1226.38,0.2,3924.42
OL-00106,ORD-10044,CUST-0011,PROD-028,2025-02-03,4,65.64,0,262.56
OL-00107,ORD-10044,CUST-0011,PROD-004,2025-02-03,1,921.23,0.15,783.05
OL-00108,ORD-10044,CUST-0011,PROD-021,2025-02-03,5,38.34,0.05,182.12
OL-00109,ORD-10045,CUST-0012,PROD-034,2024-07-26,1,79.8,0,79.8
OL-00110,ORD-10045,CUST-0012,PROD-003,2024-07-26,4,722.82,0.1,2602.15
OL-00111,ORD-10045,CUST-0012,PROD-015,2024-07-26,4,295.3,0,1181.2
OL-00112,ORD-10046,CUST-0012,PROD-013,2024-08-12,1,134.4,0.15,114.24
OL-00113,ORD-10046,CUST-0012,PROD-022,2024-08-12,2,27.82,0.15,47.29
OL-00114,ORD-10046,CUST-0012,PROD-006,2024-08-12,4,689.21,0,2756.84
OL-00115,ORD-10046,CUST-0012,PROD-037,2024-08-12,2,23.39,0,46.78
OL-00116,ORD-10047,CUST-0012,PROD-020,2024-11-02,1,37.73,0.05,35.84
OL-00117,ORD-10047,CUST-0012,PROD-005,2024-11-02,4,843.32,0.2,2698.62
OL-00118,ORD-10047,CUST-0012,PROD-007,2024-11-02,1,511.33,0.1,460.2
OL-00119,ORD-10048,CUST-0012,PROD-017,2025-09-22,4,242.78,0,971.12
OL-00120,ORD-10048,CUST-0012,PROD-016,2025-09-22,3,189.62,0.2,455.09
OL-00121,ORD-10048,CUST-0012,PROD-007,2025-09-22,1,511.33,0.2,409.06
OL-00122,ORD-10049,CUST-0012,PROD-005,2025-01-27,1,843.32,0.15,716.82
OL-00123,ORD-10049,CUST-0012,PROD-029,2025-01-27,4,32.8,0.1,118.08
OL-00124,ORD-10050,CUST-0012,PROD-004,2024-10-12,1,921.23,0.05,875.17
OL-00125,ORD-10051,CUST-0012,PROD-009,2025-01-17,1,89.78,0.2,71.82
OL-00126,ORD-10052,CUST-0012,PROD-020,2025-03-24,5,37.73,0.15,160.35
OL-00127,ORD-10053,CUST-0012,PROD-007,2025-03-19,1,511.33,0.1,460.2
OL-00128,ORD-10054,CUST-0012,PROD-025,2024-09-05,5,25.5,0.2,102
OL-00129,ORD-10054,CUST-0012,PROD-026,2024-09-05,4,54.35,0,217.4
OL-00130,ORD-10054,CUST-0012,PROD-007,2024-09-05,5,511.33,0.2,2045.32
OL-00131,ORD-10055,CUST-0012,PROD-030,2025-07-13,4,33.74,0.05,128.21
OL-00132,ORD-10056,CUST-0012,PROD-007,2025-09-21,5,511.33,0,2556.65
OL-00133,ORD-10056,CUST-0012,PROD-022,2025-09-21,5,27.82,0,139.1
OL-00134,ORD-10056,CUST-0012,PROD-002,2025-09-21,1,505.32,0,505.32
OL-00135,ORD-10056,CUST-0012,PROD-030,2025-09-21,1,33.74,0.1,30.37
OL-00136,ORD-10057,CUST-0012,PROD-013,2025-08-10,5,134.4,0,672
OL-00137,ORD-10058,CUST-0012,PROD-023,2025-07-02,5,88.43,0.05,420.04
OL-00138,ORD-10058,CUST-0012,PROD-027,2025-07-02,2,52.67,0,105.34
OL-00139,ORD-10058,CUST-0012,PROD-031,2025-07-02,2,164.42,0.2,263.07
OL-00140,ORD-10059,CUST-0012,PROD-009,2024-09-01,3,89.78,0.1,242.41
OL-00141,ORD-10060,CUST-0012,PROD-020,2025-03-21,2,37.73,0.05,71.69
OL-00142,ORD-10060,CUST-0012,PROD-035,2025-03-21,3,75.75,0.1,204.53
OL-00143,ORD-10060,CUST-0012,PROD-010,2025-03-21,3,121.48,0,364.44
OL-00144,ORD-10061,CUST-0012,PROD-034,2025-02-14,5,79.8,0.15,339.15
OL-00145,ORD-10062,CUST-0012,PROD-004,2025-07-23,5,921.23,0.2,3684.92
OL-00146,ORD-10062,CUST-0012,PROD-016,2025-07-23,5,189.62,0.2,758.48
OL-00147,ORD-10063,CUST-0012,PROD-023,2024-09-06,2,88.43,0.15,150.33
OL-00148,ORD-10063,CUST-0012,PROD-013,2024-09-06,4,134.4,0.15,456.96
OL-00149,ORD-10063,CUST-0012,PROD-005,2024-09-06,4,843.32,0.1,3035.95
OL-00150,ORD-10063,CUST-0012,PROD-022,2024-09-06,3,27.82,0.2,66.77
OL-00151,ORD-10064,CUST-0012,PROD-020,2025-06-02,2,37.73,0,75.46
OL-00152,ORD-10064,CUST-0012,PROD-027,2025-06-02,4,52.67,0.2,168.54
OL-00153,ORD-10064,CUST-0012,PROD-022,2025-06-02,1,27.82,0.05,26.43
OL-00154,ORD-10065,CUST-0012,PROD-015,2024-11-30,2,295.3,0.05,561.07
OL-00155,ORD-10066,CUST-0012,PROD-016,2025-06-25,3,189.62,0.2,455.09
OL-00156,ORD-10066,CUST-0012,PROD-031,2025-06-25,4,164.42,0,657.68
OL-00157,ORD-10067,CUST-0012,PROD-001,2025-03-02,1,1226.38,0,1226.38
OL-00158,ORD-10067,CUST-0012,PROD-024,2025-03-02,3,38.87,0,116.61
OL-00159,ORD-10068,CUST-0012,PROD-010,2025-05-21,3,121.48,0.05,346.22
OL-00160,ORD-10069,CUST-0012,PROD-003,2024-11-17,2,722.82,0,1445.64
OL-00161,ORD-10069,CUST-0012,PROD-002,2024-11-17,2,505.32,0,1010.64
OL-00162,ORD-10069,CUST-0012,PROD-013,2024-11-17,3,134.4,0.15,342.72
OL-00163,ORD-10070,CUST-0012,PROD-036,2024-11-07,2,97.89,0,195.78
OL-00164,ORD-10070,CUST-0012,PROD-016,2024-11-07,2,189.62,0.2,303.39
OL-00165,ORD-10070,CUST-0012,PROD-012,2024-11-07,3,109.67,0,329.01
OL-00166,ORD-10071,CUST-0012,PROD-025,2024-08-20,3,25.5,0,76.5
OL-00167,ORD-10071,CUST-0012,PROD-008,2024-08-20,3,342.59,0.05,976.38
OL-00168,ORD-10072,CUST-0012,PROD-024,2024-12-10,5,38.87,0.05,184.63
OL-00169,ORD-10072,CUST-0012,PROD-011,2024-12-10,1,103.76,0,103.76
OL-00170,ORD-10072,CUST-0012,PROD-034,2024-12-10,2,79.8,0,159.6
OL-00171,ORD-10073,CUST-0013,PROD-013,2025-12-07,4,134.4,0.15,456.96
OL-00172,ORD-10073,CUST-0013,PROD-035,2025-12-07,3,75.75,0,227.25
OL-00173,ORD-10074,CUST-0014,PROD-003,2024-03-26,5,722.82,0,3614.1
OL-00174,ORD-10074,CUST-0014,PROD-013,2024-03-26,2,134.4,0,268.8
OL-00175,ORD-10075,CUST-0015,PROD-018,2024-03-24,2,9.52,0.2,15.23
OL-00176,ORD-10076,CUST-0016,PROD-014,2025-06-28,2,487.6,0.1,877.68
OL-00177,ORD-10076,CUST-0016,PROD-006,2025-06-28,4,689.21,0.2,2205.47
OL-00178,ORD-10076,CUST-0016,PROD-031,2025-06-28,5,164.42,0,822.1
OL-00179,ORD-10076,CUST-0016,PROD-005,2025-06-28,4,843.32,0.1,3035.95
OL-00180,ORD-10077,CUST-0017,PROD-021,2025-08-27,5,38.34,0.15,162.95
OL-00181,ORD-10077,CUST-0017,PROD-024,2025-08-27,4,38.87,0.15,132.16
OL-00182,ORD-10078,CUST-0018,PROD-026,2025-09-20,2,54.35,0,108.7
OL-00183,ORD-10078,CUST-0018,PROD-003,2025-09-20,4,722.82,0.2,2313.02
OL-00184,ORD-10078,CUST-0018,PROD-014,2025-09-20,2,487.6,0.05,926.44
OL-00185,ORD-10079,CUST-0019,PROD-025,2024-04-23,3,25.5,0.1,68.85
OL-00186,ORD-10079,CUST-0019,PROD-037,2024-04-23,1,23.39,0,23.39
OL-00187,ORD-10079,CUST-0019,PROD-011,2024-04-23,1,103.76,0,103.76
OL-00188,ORD-10079,CUST-0019,PROD-024,2024-04-23,4,38.87,0.1,139.93
OL-00189,ORD-10080,CUST-0019,PROD-003,2024-11-04,5,722.82,0.1,3252.69
OL-00190,ORD-10080,CUST-0019,PROD-030,2024-11-04,3,33.74,0.05,96.16
OL-00191,ORD-10081,CUST-0019,PROD-028,2024-12-24,3,65.64,0,196.92
OL-00192,ORD-10081,CUST-0019,PROD-027,2024-12-24,4,52.67,0,210.68
OL-00193,ORD-10081,CUST-0019,PROD-024,2024-12-24,2,38.87,0.05,73.85
OL-00194,ORD-10081,CUST-0019,PROD-032,2024-12-24,2,129.73,0,259.46
OL-00195,ORD-10082,CUST-0019,PROD-023,2025-04-03,1,88.43,0,88.43
OL-00196,ORD-10083,CUST-0020,PROD-018,2025-05-01,2,9.52,0,19.04
OL-00197,ORD-10084,CUST-0020,PROD-024,2025-07-15,1,38.87,0.1,34.98
OL-00198,ORD-10085,CUST-0021,PROD-013,2025-05-07,3,134.4,0.15,342.72
OL-00199,ORD-10085,CUST-0021,PROD-022,2025-05-07,3,27.82,0,83.46
OL-00200,ORD-10085,CUST-0021,PROD-017,2025-05-07,5,242.78,0,1213.9
OL-00201,ORD-10086,CUST-0022,PROD-001,2024-06-15,3,1226.38,0.2,2943.31
OL-00202,ORD-10086,CUST-0022,PROD-020,2024-06-15,4,37.73,0.05,143.37
OL-00203,ORD-10086,CUST-0022,PROD-019,2024-06-15,5,21.71,0.2,86.84
OL-00204,ORD-10087,CUST-0023,PROD-031,2025-05-02,5,164.42,0.2,657.68
OL-00205,ORD-10088,CUST-0023,PROD-015,2025-08-01,5,295.3,0.2,1181.2
OL-00206,ORD-10088,CUST-0023,PROD-014,2025-08-01,5,487.6,0.2,1950.4
OL-00207,ORD-10088,CUST-0023,PROD-031,2025-08-01,4,164.42,0.15,559.03
OL-00208,ORD-10088,CUST-0023,PROD-034,2025-08-01,4,79.8,0,319.2
OL-00209,ORD-10089,CUST-0024,PROD-021,2024-08-21,2,38.34,0.05,72.85
OL-00210,ORD-10090,CUST-0024,PROD-014,2025-10-04,3,487.6,0,1462.8
OL-00211,ORD-10090,CUST-0024,PROD-029,2025-10-04,5,32.8,0.2,131.2
OL-00212,ORD-10090,CUST-0024,PROD-036,2025-10-04,2,97.89,0,195.78
OL-00213,ORD-10090,CUST-0024,PROD-002,2025-10-04,1,505.32,0.05,480.05
OL-00214,ORD-10091,CUST-0024,PROD-022,2025-10-24,4,27.82,0.15,94.59
OL-00215,ORD-10091,CUST-0024,PROD-015,2025-10-24,4,295.3,0.2,944.96
OL-00216,ORD-10091,CUST-0024,PROD-027,2025-10-24,5,52.67,0,263.35
OL-00217,ORD-10092,CUST-0025,PROD-037,2025-06-24,1,23.39,0,23.39
OL-00218,ORD-10093,CUST-0025,PROD-037,2025-09-25,2,23.39,0.05,44.44
OL-00219,ORD-10093,CUST-0025,PROD-026,2025-09-25,1,54.35,0.1,48.91
OL-00220,ORD-10093,CUST-0025,PROD-025,2025-09-25,4,25.5,0,102
OL-00221,ORD-10094,CUST-0026,PROD-037,2025-07-13,1,23.39,0,23.39
OL-00222,ORD-10094,CUST-0026,PROD-029,2025-07-13,1,32.8,0.15,27.88
OL-00223,ORD-10094,CUST-0026,PROD-020,2025-07-13,5,37.73,0,188.65
OL-00224,ORD-10095,CUST-0026,PROD-002,2025-08-13,4,505.32,0,2021.28
OL-00225,ORD-10095,CUST-0026,PROD-012,2025-08-13,2,109.67,0,219.34
OL-00226,ORD-10095,CUST-0026,PROD-013,2025-08-13,3,134.4,0.15,342.72
OL-00227,ORD-10095,CUST-0026,PROD-005,2025-08-13,5,843.32,0,4216.6
OL-00228,ORD-10096,CUST-0027,PROD-034,2024-04-28,3,79.8,0.2,191.52
OL-00229,ORD-10096,CUST-0027,PROD-001,2024-04-28,4,1226.38,0.05,4660.24
OL-00230,ORD-10096,CUST-0027,PROD-011,2024-04-28,2,103.76,0,207.52
OL-00231,ORD-10097,CUST-0028,PROD-031,2025-08-12,2,164.42,0.2,263.07
OL-00232,ORD-10097,CUST-0028,PROD-005,2025-08-12,2,843.32,0,1686.64
OL-00233,ORD-10097,CUST-0028,PROD-025,2025-08-12,4,25.5,0.2,81.6
OL-00234,ORD-10097,CUST-0028,PROD-014,2025-08-12,4,487.6,0,1950.4
OL-00235,ORD-10098,CUST-0029,PROD-013,2025-08-05,3,134.4,0,403.2
OL-00236,ORD-10098,CUST-0029,PROD-033,2025-08-05,1,70.03,0,70.03
OL-00237,ORD-10098,CUST-0029,PROD-030,2025-08-05,4,33.74,0,134.96
OL-00238,ORD-10099,CUST-0030,PROD-034,2024-07-14,5,79.8,0.05,379.05
OL-00239,ORD-10099,CUST-0030,PROD-022,2024-07-14,4,27.82,0.05,105.72
OL-00240,ORD-10100,CUST-0031,PROD-006,2024-09-10,3,689.21,0.15,1757.49
OL-00241,ORD-10101,CUST-0031,PROD-023,2025-12-20,4,88.43,0,353.72
OL-00242,ORD-10101,CUST-0031,PROD-020,2025-12-20,2,37.73,0.1,67.91
OL-00243,ORD-10101,CUST-0031,PROD-026,2025-12-20,4,54.35,0.05,206.53
OL-00244,ORD-10101,CUST-0031,PROD-012,2025-12-20,4,109.67,0.15,372.88
OL-00245,ORD-10102,CUST-0031,PROD-026,2024-12-27,1,54.35,0,54.35
OL-00246,ORD-10103,CUST-0031,PROD-018,2025-12-22,3,9.52,0.15,24.28
OL-00247,ORD-10103,CUST-0031,PROD-035,2025-12-22,1,75.75,0.15,64.39
OL-00248,ORD-10104,CUST-0031,PROD-032,2025-10-01,5,129.73,0,648.65
OL-00249,ORD-10104,CUST-0031,PROD-027,2025-10-01,3,52.67,0,158.01
OL-00250,ORD-10105,CUST-0031,PROD-033,2025-10-16,3,70.03,0.05,199.59
OL-00251,ORD-10106,CUST-0031,PROD-017,2025-05-13,5,242.78,0,1213.9
OL-00252,ORD-10106,CUST-0031,PROD-014,2025-05-13,4,487.6,0,1950.4
OL-00253,ORD-10107,CUST-0032,PROD-025,2025-11-23,4,25.5,0,102
OL-00254,ORD-10107,CUST-0032,PROD-022,2025-11-23,1,27.82,0,27.82
OL-00255,ORD-10107,CUST-0032,PROD-026,2025-11-23,1,54.35,0.15,46.2
OL-00256,ORD-10107,CUST-0032,PROD-013,2025-11-23,2,134.4,0,268.8
OL-00257,ORD-10108,CUST-0033,PROD-032,2024-10-23,5,129.73,0.15,551.35
OL-00258,ORD-10108,CUST-0033,PROD-030,2024-10-23,2,33.74,0.15,57.36
OL-00259,ORD-10108,CUST-0033,PROD-005,2024-10-23,4,843.32,0,3373.28
OL-00260,ORD-10108,CUST-0033,PROD-006,2024-10-23,4,689.21,0.2,2205.47
OL-00261,ORD-10109,CUST-0034,PROD-011,2024-09-10,5,103.76,0,518.8
OL-00262,ORD-10109,CUST-0034,PROD-002,2024-09-10,2,505.32,0,1010.64
OL-00263,ORD-10110,CUST-0034,PROD-011,2024-11-27,2,103.76,0.05,197.14
OL-00264,ORD-10110,CUST-0034,PROD-005,2024-11-27,3,843.32,0,2529.96
OL-00265,ORD-10110,CUST-0034,PROD-001,2024-11-27,2,1226.38,0.15,2084.85
OL-00266,ORD-10110,CUST-0034,PROD-018,2024-11-27,1,9.52,0.15,8.09
OL-00267,ORD-10111,CUST-0034,PROD-029,2025-06-24,5,32.8,0.15,139.4
OL-00268,ORD-10111,CUST-0034,PROD-004,2025-06-24,1,921.23,0.05,875.17
OL-00269,ORD-10112,CUST-0034,PROD-029,2025-09-13,1,32.8,0.2,26.24
OL-00270,ORD-10112,CUST-0034,PROD-004,2025-09-13,4,921.23,0.2,2947.94
OL-00271,ORD-10112,CUST-0034,PROD-001,2025-09-13,2,1226.38,0,2452.76
OL-00272,ORD-10113,CUST-0034,PROD-013,2025-04-04,1,134.4,0.05,127.68
OL-00273,ORD-10113,CUST-0034,PROD-006,2025-04-04,1,689.21,0,689.21
OL-00274,ORD-10114,CUST-0034,PROD-005,2025-03-16,1,843.32,0.2,674.66
OL-00275,ORD-10114,CUST-0034,PROD-015,2025-03-16,2,295.3,0.15,502.01
OL-00276,ORD-10115,CUST-0034,PROD-027,2024-12-19,5,52.67,0,263.35
OL-00277,ORD-10116,CUST-0034,PROD-021,2025-11-16,5,38.34,0,191.7
OL-00278,ORD-10116,CUST-0034,PROD-036,2025-11-16,5,97.89,0.05,464.98
OL-00279,ORD-10116,CUST-0034,PROD-013,2025-11-16,4,134.4,0,537.6
OL-00280,ORD-10117,CUST-0034,PROD-007,2025-01-21,3,511.33,0,1533.99
OL-00281,ORD-10117,CUST-0034,PROD-023,2025-01-21,1,88.43,0.05,84.01
OL-00282,ORD-10118,CUST-0034,PROD-001,2025-08-25,4,1226.38,0,4905.52
OL-00283,ORD-10118,CUST-0034,PROD-025,2025-08-25,1,25.5,0.15,21.68
OL-00284,ORD-10118,CUST-0034,PROD-014,2025-08-25,3,487.6,0.15,1243.38
OL-00285,ORD-10119,CUST-0034,PROD-003,2025-08-10,4,722.82,0,2891.28
OL-00286,ORD-10119,CUST-0034,PROD-005,2025-08-10,5,843.32,0.05,4005.77
OL-00287,ORD-10119,CUST-0034,PROD-014,2025-08-10,1,487.6,0.15,414.46
OL-00288,ORD-10120,CUST-0034,PROD-017,2025-06-26,5,242.78,0,1213.9
OL-00289,ORD-10120,CUST-0034,PROD-007,2025-06-26,4,511.33,0.15,1738.52
OL-00290,ORD-10121,CUST-0035,PROD-022,2024-04-20,3,27.82,0.2,66.77
OL-00291,ORD-10121,CUST-0035,PROD-012,2024-04-20,4,109.67,0,438.68
OL-00292,ORD-10122,CUST-0035,PROD-029,2024-10-23,4,32.8,0.1,118.08
OL-00293,ORD-10123,CUST-0035,PROD-033,2025-03-28,2,70.03,0,140.06
OL-00294,ORD-10123,CUST-0035,PROD-001,2025-03-28,5,1226.38,0.2,4905.52
OL-00295,ORD-10124,CUST-0035,PROD-020,2025-08-07,2,37.73,0.15,64.14
OL-00296,ORD-10125,CUST-0035,PROD-006,2024-12-10,2,689.21,0,1378.42
OL-00297,ORD-10125,CUST-0035,PROD-004,2024-12-10,4,921.23,0,3684.92
OL-00298,ORD-10126,CUST-0035,PROD-025,2024-08-16,1,25.5,0,25.5
OL-00299,ORD-10126,CUST-0035,PROD-014,2024-08-16,5,487.6,0.05,2316.1
OL-00300,ORD-10127,CUST-0035,PROD-009,2025-05-18,1,89.78,0.1,80.8
OL-00301,ORD-10127,CUST-0035,PROD-018,2025-05-18,4,9.52,0.15,32.37
OL-00302,ORD-10127,CUST-0035,PROD-021,2025-05-18,3,38.34,0.2,92.02
OL-00303,ORD-10128,CUST-0035,PROD-022,2024-05-17,2,27.82,0.1,50.08
OL-00304,ORD-10128,CUST-0035,PROD-016,2024-05-17,1,189.62,0.15,161.18
OL-00305,ORD-10129,CUST-0035,PROD-025,2024-09-09,3,25.5,0,76.5
OL-00306,ORD-10129,CUST-0035,PROD-034,2024-09-09,4,79.8,0.15,271.32
OL-00307,ORD-10130,CUST-0035,PROD-032,2024-05-08,1,129.73,0,129.73
OL-00308,ORD-10131,CUST-0035,PROD-014,2024-05-31,1,487.6,0,487.6
OL-00309,ORD-10131,CUST-0035,PROD-009,2024-05-31,5,89.78,0.1,404.01
OL-00310,ORD-10132,CUST-0035,PROD-016,2025-07-04,1,189.62,0.05,180.14
OL-00311,ORD-10132,CUST-0035,PROD-033,2025-07-04,4,70.03,0,280.12
OL-00312,ORD-10133,CUST-0035,PROD-016,2024-07-28,2,189.62,0.1,341.32
OL-00313,ORD-10133,CUST-0035,PROD-028,2024-07-28,2,65.64,0,131.28
OL-00314,ORD-10134,CUST-0035,PROD-013,2024-09-28,3,134.4,0.05,383.04
OL-00315,ORD-10134,CUST-0035,PROD-018,2024-09-28,4,9.52,0,38.08
OL-00316,ORD-10134,CUST-0035,PROD-031,2024-09-28,4,164.42,0.05,624.8
OL-00317,ORD-10134,CUST-0035,PROD-006,2024-09-28,4,689.21,0.1,2481.16
OL-00318,ORD-10135,CUST-0035,PROD-010,2025-03-13,4,121.48,0.2,388.74
OL-00319,ORD-10135,CUST-0035,PROD-031,2025-03-13,1,164.42,0.2,131.54
OL-00320,ORD-10135,CUST-0035,PROD-002,2025-03-13,3,505.32,0.1,1364.36
OL-00321,ORD-10135,CUST-0035,PROD-025,2025-03-13,5,25.5,0,127.5
OL-00322,ORD-10136,CUST-0035,PROD-017,2025-02-12,4,242.78,0,971.12
OL-00323,ORD-10136,CUST-0035,PROD-025,2025-02-12,4,25.5,0,102
OL-00324,ORD-10137,CUST-0035,PROD-005,2024-11-13,2,843.32,0,1686.64
OL-00325,ORD-10137,CUST-0035,PROD-022,2024-11-13,2,27.82,0,55.64
OL-00326,ORD-10137,CUST-0035,PROD-009,2024-11-13,1,89.78,0.2,71.82
OL-00327,ORD-10137,CUST-0035,PROD-031,2024-11-13,5,164.42,0.15,698.78
OL-00328,ORD-10138,CUST-0035,PROD-032,2025-05-11,4,129.73,0.15,441.08
OL-00329,ORD-10138,CUST-0035,PROD-026,2025-05-11,3,54.35,0.05,154.9
OL-00330,ORD-10138,CUST-0035,PROD-027,2025-05-11,4,52.67,0,210.68
OL-00331,ORD-10139,CUST-0035,PROD-027,2025-03-29,1,52.67,0,52.67
OL-00332,ORD-10140,CUST-0035,PROD-013,2024-11-18,3,134.4,0.2,322.56
OL-00333,ORD-10140,CUST-0035,PROD-028,2024-11-18,3,65.64,0.1,177.23
OL-00334,ORD-10141,CUST-0035,PROD-024,2025-05-03,2,38.87,0,77.74
OL-00335,ORD-10141,CUST-0035,PROD-004,2025-05-03,4,921.23,0,3684.92
OL-00336,ORD-10141,CUST-0035,PROD-025,2025-05-03,3,25.5,0.15,65.02
OL-00337,ORD-10141,CUST-0035,PROD-028,2025-05-03,1,65.64,0.15,55.79
OL-00338,ORD-10142,CUST-0035,PROD-017,2025-04-10,2,242.78,0,485.56
OL-00339,ORD-10142,CUST-0035,PROD-030,2025-04-10,2,33.74,0.1,60.73
OL-00340,ORD-10143,CUST-0035,PROD-001,2025-02-25,1,1226.38,0.15,1042.42
OL-00341,ORD-10143,CUST-0035,PROD-008,2025-02-25,4,342.59,0.05,1301.84
OL-00342,ORD-10144,CUST-0035,PROD-034,2025-05-01,2,79.8,0.05,151.62
OL-00343,ORD-10145,CUST-0035,PROD-017,2024-07-28,4,242.78,0.1,874.01
OL-00344,ORD-10145,CUST-0035,PROD-020,2024-07-28,3,37.73,0.15,96.21
OL-00345,ORD-10145,CUST-0035,PROD-033,2024-07-28,4,70.03,0.2,224.1
OL-00346,ORD-10145,CUST-0035,PROD-035,2024-07-28,1,75.75,0,75.75
OL-00347,ORD-10146,CUST-0035,PROD-010,2025-03-26,4,121.48,0.15,413.03
OL-00348,ORD-10146,CUST-0035,PROD-018,2025-03-26,3,9.52,0,28.56
OL-00349,ORD-10146,CUST-0035,PROD-014,2025-03-26,2,487.6,0.2,780.16
OL-00350,ORD-10147,CUST-0036,PROD-007,2024-04-14,1,511.33,0.2,409.06
OL-00351,ORD-10148,CUST-0036,PROD-034,2025-04-20,2,79.8,0,159.6
OL-00352,ORD-10148,CUST-0036,PROD-027,2025-04-20,3,52.67,0,158.01
OL-00353,ORD-10148,CUST-0036,PROD-019,2025-04-20,2,21.71,0,43.42
OL-00354,ORD-10148,CUST-0036,PROD-028,2025-04-20,4,65.64,0,262.56
OL-00355,ORD-10149,CUST-0036,PROD-029,2025-01-11,5,32.8,0.2,131.2
OL-00356,ORD-10150,CUST-0036,PROD-013,2024-08-15,2,134.4,0.2,215.04
OL-00357,ORD-10150,CUST-0036,PROD-004,2024-08-15,2,921.23,0,1842.46
OL-00358,ORD-10151,CUST-0036,PROD-029,2025-08-03,3,32.8,0,98.4
OL-00359,ORD-10151,CUST-0036,PROD-007,2025-08-03,4,511.33,0,2045.32
OL-00360,ORD-10151,CUST-0036,PROD-011,2025-08-03,3,103.76,0,311.28
OL-00361,ORD-10151,CUST-0036,PROD-006,2025-08-03,3,689.21,0,2067.63
OL-00362,ORD-10152,CUST-0036,PROD-031,2025-02-22,1,164.42,0,164.42
OL-00363,ORD-10152,CUST-0036,PROD-032,2025-02-22,1,129.73,0,129.73
OL-00364,ORD-10153,CUST-0036,PROD-003,2025-05-18,1,722.82,0,722.82
OL-00365,ORD-10154,CUST-0036,PROD-025,2025-01-21,5,25.5,0.1,114.75
OL-00366,ORD-10155,CUST-0036,PROD-032,2025-05-23,5,129.73,0.05,616.22
OL-00367,ORD-10155,CUST-0036,PROD-031,2025-05-23,3,164.42,0,493.26
OL-00368,ORD-10155,CUST-0036,PROD-022,2025-05-23,3,27.82,0,83.46
OL-00369,ORD-10156,CUST-0036,PROD-024,2025-06-21,4,38.87,0.1,139.93
OL-00370,ORD-10156,CUST-0036,PROD-026,2025-06-21,1,54.35,0,54.35
OL-00371,ORD-10157,CUST-0036,PROD-007,2025-07-20,4,511.33,0.15,1738.52
OL-00372,ORD-10157,CUST-0036,PROD-001,2025-07-20,2,1226.38,0,2452.76
OL-00373,ORD-10157,CUST-0036,PROD-030,2025-07-20,5,33.74,0,168.7
OL-00374,ORD-10158,CUST-0036,PROD-016,2025-07-17,5,189.62,0.15,805.88
OL-00375,ORD-10158,CUST-0036,PROD-024,2025-07-17,4,38.87,0.1,139.93
OL-00376,ORD-10158,CUST-0036,PROD-029,2025-07-17,4,32.8,0.15,111.52
OL-00377,ORD-10159,CUST-0036,PROD-021,2024-08-03,1,38.34,0.15,32.59
OL-00378,ORD-10160,CUST-0037,PROD-021,2024-06-08,4,38.34,0,153.36
OL-00379,ORD-10161,CUST-0037,PROD-026,2025-04-29,4,54.35,0.15,184.79
OL-00380,ORD-10161,CUST-0037,PROD-006,2025-04-29,1,689.21,0.15,585.83
OL-00381,ORD-10161,CUST-0037,PROD-023,2025-04-29,4,88.43,0,353.72
OL-00382,ORD-10161,CUST-0037,PROD-028,2025-04-29,5,65.64,0,328.2
OL-00383,ORD-10162,CUST-0038,PROD-034,2025-04-07,5,79.8,0,399
OL-00384,ORD-10162,CUST-0038,PROD-037,2025-04-07,2,23.39,0.05,44.44
OL-00385,ORD-10163,CUST-0039,PROD-020,2025-04-16,5,37.73,0.2,150.92
OL-00386,ORD-10164,CUST-0039,PROD-029,2025-12-26,4,32.8,0.15,111.52
OL-00387,ORD-10164,CUST-0039,PROD-008,2025-12-26,5,342.59,0,1712.95
OL-00388,ORD-10165,CUST-0039,PROD-011,2025-09-02,1,103.76,0.05,98.57
OL-00389,ORD-10165,CUST-0039,PROD-006,2025-09-02,1,689.21,0,689.21
OL-00390,ORD-10166,CUST-0040,PROD-025,2025-02-11,3,25.5,0.15,65.02
OL-00391,ORD-10166,CUST-0040,PROD-018,2025-02-11,4,9.52,0.15,32.37
OL-00392,ORD-10166,CUST-0040,PROD-015,2025-02-11,1,295.3,0.15,251
OL-00393,ORD-10167,CUST-0040,PROD-006,2025-05-06,5,689.21,0,3446.05
OL-00394,ORD-10167,CUST-0040,PROD-022,2025-05-06,3,27.82,0.05,79.29
OL-00395,ORD-10167,CUST-0040,PROD-015,2025-05-06,4,295.3,0.15,1004.02
OL-00396,ORD-10167,CUST-0040,PROD-037,2025-05-06,5,23.39,0.2,93.56
OL-00397,ORD-10168,CUST-0040,PROD-015,2025-10-07,1,295.3,0,295.3
OL-00398,ORD-10168,CUST-0040,PROD-017,2025-10-07,1,242.78,0,242.78
OL-00399,ORD-10169,CUST-0040,PROD-013,2025-04-12,3,134.4,0,403.2
OL-00400,ORD-10169,CUST-0040,PROD-008,2025-04-12,3,342.59,0.05,976.38
OL-00401,ORD-10169,CUST-0040,PROD-037,2025-04-12,5,23.39,0.15,99.41
OL-00402,ORD-10170,CUST-0041,PROD-004,2024-05-24,4,921.23,0.05,3500.67
OL-00403,ORD-10170,CUST-0041,PROD-035,2024-05-24,3,75.75,0.2,181.8
OL-00404,ORD-10170,CUST-0041,PROD-013,2024-05-24,3,134.4,0.2,322.56
OL-00405,ORD-10171,CUST-0042,PROD-034,2024-05-01,1,79.8,0.05,75.81
OL-00406,ORD-10171,CUST-0042,PROD-015,2024-05-01,1,295.3,0.1,265.77
OL-00407,ORD-10172,CUST-0042,PROD-021,2025-07-26,4,38.34,0.15,130.36
OL-00408,ORD-10172,CUST-0042,PROD-010,2025-07-26,4,121.48,0,485.92
OL-00409,ORD-10172,CUST-0042,PROD-019,2025-07-26,5,21.71,0,108.55
OL-00410,ORD-10172,CUST-0042,PROD-015,2025-07-26,2,295.3,0.15,502.01
OL-00411,ORD-10173,CUST-0042,PROD-021,2025-04-21,3,38.34,0.1,103.52
OL-00412,ORD-10174,CUST-0042,PROD-018,2025-05-03,5,9.52,0.05,45.22
OL-00413,ORD-10175,CUST-0042,PROD-032,2025-04-04,4,129.73,0,518.92
OL-00414,ORD-10175,CUST-0042,PROD-019,2025-04-04,3,21.71,0,65.13
OL-00415,ORD-10176,CUST-0043,PROD-015,2025-08-29,2,295.3,0.2,472.48
OL-00416,ORD-10176,CUST-0043,PROD-004,2025-08-29,4,921.23,0.15,3132.18
OL-00417,ORD-10177,CUST-0044,PROD-011,2025-06-07,4,103.76,0,415.04
OL-00418,ORD-10177,CUST-0044,PROD-002,2025-06-07,4,505.32,0.15,1718.09
OL-00419,ORD-10177,CUST-0044,PROD-036,2025-06-07,4,97.89,0,391.56
OL-00420,ORD-10178,CUST-0045,PROD-005,2024-07-13,5,843.32,0.05,4005.77
OL-00421,ORD-10178,CUST-0045,PROD-034,2024-07-13,1,79.8,0,79.8
OL-00422,ORD-10178,CUST-0045,PROD-019,2024-07-13,3,21.71,0.2,52.1
OL-00423,ORD-10178,CUST-0045,PROD-013,2024-07-13,5,134.4,0.2,537.6
OL-00424,ORD-10179,CUST-0045,PROD-020,2025-09-13,4,37.73,0.15,128.28
OL-00425,ORD-10180,CUST-0046,PROD-029,2025-04-21,3,32.8,0,98.4
OL-00426,ORD-10180,CUST-0046,PROD-031,2025-04-21,2,164.42,0,328.84
OL-00427,ORD-10181,CUST-0047,PROD-001,2025-06-30,5,1226.38,0,6131.9
OL-00428,ORD-10181,CUST-0047,PROD-024,2025-06-30,2,38.87,0.05,73.85
OL-00429,ORD-10182,CUST-0048,PROD-004,2025-09-29,3,921.23,0.05,2625.51
OL-00430,ORD-10182,CUST-0048,PROD-007,2025-09-29,2,511.33,0,1022.66
OL-00431,ORD-10183,CUST-0048,PROD-028,2025-12-13,2,65.64,0,131.28
OL-00432,ORD-10183,CUST-0048,PROD-010,2025-12-13,1,121.48,0,121.48
OL-00433,ORD-10183,CUST-0048,PROD-026,2025-12-13,4,54.35,0.05,206.53
OL-00434,ORD-10184,CUST-0049,PROD-025,2025-10-05,4,25.5,0.2,81.6
OL-00435,ORD-10184,CUST-0049,PROD-006,2025-10-05,4,689.21,0,2756.84
OL-00436,ORD-10185,CUST-0050,PROD-024,2025-07-16,1,38.87,0.05,36.93
OL-00437,ORD-10185,CUST-0050,PROD-001,2025-07-16,5,1226.38,0,6131.9
OL-00438,ORD-10185,CUST-0050,PROD-008,2025-07-16,1,342.59,0.1,308.33
OL-00439,ORD-10185,CUST-0050,PROD-006,2025-07-16,5,689.21,0.1,3101.45
OL-00440,ORD-10186,CUST-0051,PROD-007,2024-09-28,4,511.33,0.15,1738.52
OL-00441,ORD-10186,CUST-0051,PROD-012,2024-09-28,4,109.67,0,438.68
OL-00442,ORD-10186,CUST-0051,PROD-025,2024-09-28,5,25.5,0,127.5
OL-00443,ORD-10187,CUST-0051,PROD-005,2024-12-02,4,843.32,0.2,2698.62
OL-00444,ORD-10187,CUST-0051,PROD-035,2024-12-02,1,75.75,0.05,71.96
OL-00445,ORD-10187,CUST-0051,PROD-012,2024-12-02,5,109.67,0.2,438.68
OL-00446,ORD-10188,CUST-0051,PROD-005,2025-07-14,2,843.32,0.15,1433.64
OL-00447,ORD-10188,CUST-0051,PROD-034,2025-07-14,1,79.8,0,79.8
OL-00448,ORD-10188,CUST-0051,PROD-035,2025-07-14,5,75.75,0.15,321.94
OL-00449,ORD-10188,CUST-0051,PROD-008,2025-07-14,2,342.59,0,685.18
OL-00450,ORD-10189,CUST-0051,PROD-021,2025-07-24,5,38.34,0,191.7
OL-00451,ORD-10189,CUST-0051,PROD-008,2025-07-24,2,342.59,0,685.18
OL-00452,ORD-10189,CUST-0051,PROD-003,2025-07-24,5,722.82,0,3614.1
OL-00453,ORD-10189,CUST-0051,PROD-009,2025-07-24,1,89.78,0,89.78
OL-00454,ORD-10190,CUST-0051,PROD-024,2024-12-15,4,38.87,0.15,132.16
OL-00455,ORD-10190,CUST-0051,PROD-035,2024-12-15,1,75.75,0,75.75
OL-00456,ORD-10190,CUST-0051,PROD-011,2024-12-15,3,103.76,0,311.28
OL-00457,ORD-10191,CUST-0052,PROD-035,2025-10-31,5,75.75,0.05,359.81
OL-00458,ORD-10191,CUST-0052,PROD-029,2025-10-31,3,32.8,0.1,88.56
OL-00459,ORD-10191,CUST-0052,PROD-009,2025-10-31,3,89.78,0.1,242.41
OL-00460,ORD-10192,CUST-0053,PROD-007,2025-09-03,2,511.33,0,1022.66
OL-00461,ORD-10192,CUST-0053,PROD-003,2025-09-03,2,722.82,0,1445.64
OL-00462,ORD-10193,CUST-0054,PROD-009,2025-01-11,2,89.78,0.1,161.6
OL-00463,ORD-10193,CUST-0054,PROD-036,2025-01-11,3,97.89,0,293.67
OL-00464,ORD-10194,CUST-0054,PROD-005,2025-04-01,2,843.32,0.05,1602.31
OL-00465,ORD-10194,CUST-0054,PROD-036,2025-04-01,4,97.89,0,391.56
OL-00466,ORD-10194,CUST-0054,PROD-017,2025-04-01,3,242.78,0.15,619.09
OL-00467,ORD-10194,CUST-0054,PROD-025,2025-04-01,4,25.5,0.15,86.7
OL-00468,ORD-10195,CUST-0054,PROD-005,2025-04-09,2,843.32,0.15,1433.64
OL-00469,ORD-10195,CUST-0054,PROD-018,2025-04-09,3,9.52,0.1,25.7
OL-00470,ORD-10196,CUST-0054,PROD-027,2025-12-28,3,52.67,0.2,126.41
OL-00471,ORD-10196,CUST-0054,PROD-010,2025-12-28,4,121.48,0.05,461.62
OL-00472,ORD-10197,CUST-0054,PROD-005,2025-02-08,1,843.32,0.1,758.99
OL-00473,ORD-10197,CUST-0054,PROD-018,2025-02-08,1,9.52,0.15,8.09
OL-00474,ORD-10198,CUST-0054,PROD-005,2025-11-02,3,843.32,0.2,2023.97
OL-00475,ORD-10198,CUST-0054,PROD-022,2025-11-02,3,27.82,0,83.46
OL-00476,ORD-10198,CUST-0054,PROD-006,2025-11-02,2,689.21,0,1378.42
OL-00477,ORD-10198,CUST-0054,PROD-024,2025-11-02,1,38.87,0,38.87
OL-00478,ORD-10199,CUST-0054,PROD-025,2025-08-07,1,25.5,0,25.5
OL-00479,ORD-10199,CUST-0054,PROD-007,2025-08-07,5,511.33,0.15,2173.15
OL-00480,ORD-10200,CUST-0055,PROD-007,2024-11-23,3,511.33,0.1,1380.59
OL-00481,ORD-10200,CUST-0055,PROD-034,2024-11-23,3,79.8,0.1,215.46
OL-00482,ORD-10200,CUST-0055,PROD-023,2024-11-23,1,88.43,0,88.43
OL-00483,ORD-10200,CUST-0055,PROD-037,2024-11-23,2,23.39,0,46.78
OL-00484,ORD-10201,CUST-0056,PROD-012,2025-11-16,5,109.67,0.2,438.68
OL-00485,ORD-10201,CUST-0056,PROD-023,2025-11-16,4,88.43,0.05,336.03
OL-00486,ORD-10201,CUST-0056,PROD-035,2025-11-16,5,75.75,0,378.75
OL-00487,ORD-10201,CUST-0056,PROD-036,2025-11-16,3,97.89,0,293.67
OL-00488,ORD-10202,CUST-0057,PROD-009,2024-10-31,4,89.78,0.1,323.21
OL-00489,ORD-10202,CUST-0057,PROD-010,2024-10-31,3,121.48,0,364.44
OL-00490,ORD-10203,CUST-0058,PROD-016,2025-03-13,2,189.62,0.05,360.28
OL-00491,ORD-10203,CUST-0058,PROD-027,2025-03-13,3,52.67,0.2,126.41
OL-00492,ORD-10203,CUST-0058,PROD-030,2025-03-13,4,33.74,0.1,121.46
OL-00493,ORD-10204,CUST-0059,PROD-028,2025-10-07,3,65.64,0.15,167.38
OL-00494,ORD-10204,CUST-0059,PROD-034,2025-10-07,1,79.8,0,79.8
OL-00495,ORD-10204,CUST-0059,PROD-015,2025-10-07,4,295.3,0.2,944.96
OL-00496,ORD-10205,CUST-0060,PROD-006,2025-12-01,1,689.21,0.15,585.83
OL-00497,ORD-10206,CUST-0061,PROD-011,2025-09-19,5,103.76,0,518.8
OL-00498,ORD-10207,CUST-0061,PROD-036,2025-11-16,4,97.89,0.15,332.83
OL-00499,ORD-10207,CUST-0061,PROD-032,2025-11-16,5,129.73,0.15,551.35
OL-00500,ORD-10207,CUST-0061,PROD-001,2025-11-16,2,1226.38,0.05,2330.12
OL-00501,ORD-10208,CUST-0062,PROD-026,2025-01-19,1,54.35,0.1,48.91
OL-00502,ORD-10209,CUST-0062,PROD-028,2025-05-11,5,65.64,0.15,278.97
OL-00503,ORD-10210,CUST-0063,PROD-034,2024-03-16,5,79.8,0.05,379.05
OL-00504,ORD-10210,CUST-0063,PROD-003,2024-03-16,2,722.82,0.15,1228.79
OL-00505,ORD-10211,CUST-0063,PROD-012,2025-07-20,3,109.67,0.2,263.21
OL-00506,ORD-10211,CUST-0063,PROD-005,2025-07-20,2,843.32,0.1,1517.98
OL-00507,ORD-10212,CUST-0063,PROD-028,2024-09-27,4,65.64,0.05,249.43
OL-00508,ORD-10213,CUST-0063,PROD-008,2024-06-26,5,342.59,0.2,1370.36
OL-00509,ORD-10213,CUST-0063,PROD-022,2024-06-26,1,27.82,0,27.82
OL-00510,ORD-10213,CUST-0063,PROD-016,2024-06-26,3,189.62,0.05,540.42
OL-00511,ORD-10214,CUST-0063,PROD-014,2024-08-28,4,487.6,0,1950.4
OL-00512,ORD-10214,CUST-0063,PROD-001,2024-08-28,3,1226.38,0.15,3127.27
OL-00513,ORD-10214,CUST-0063,PROD-037,2024-08-28,5,23.39,0.2,93.56
OL-00514,ORD-10215,CUST-0063,PROD-030,2025-07-01,5,33.74,0.2,134.96
OL-00515,ORD-10216,CUST-0063,PROD-023,2024-12-05,1,88.43,0.1,79.59
OL-00516,ORD-10217,CUST-0063,PROD-020,2024-11-21,1,37.73,0,37.73
OL-00517,ORD-10217,CUST-0063,PROD-023,2024-11-21,2,88.43,0.05,168.02
OL-00518,ORD-10217,CUST-0063,PROD-007,2024-11-21,3,511.33,0,1533.99
OL-00519,ORD-10218,CUST-0063,PROD-032,2024-05-21,5,129.73,0,648.65
OL-00520,ORD-10218,CUST-0063,PROD-013,2024-05-21,4,134.4,0,537.6
OL-00521,ORD-10218,CUST-0063,PROD-006,2024-05-21,4,689.21,0,2756.84
OL-00522,ORD-10218,CUST-0063,PROD-034,2024-05-21,2,79.8,0.2,127.68
OL-00523,ORD-10219,CUST-0063,PROD-015,2025-03-02,3,295.3,0,885.9
OL-00524,ORD-10219,CUST-0063,PROD-031,2025-03-02,3,164.42,0.05,468.6
OL-00525,ORD-10219,CUST-0063,PROD-026,2025-03-02,2,54.35,0.1,97.83
OL-00526,ORD-10220,CUST-0063,PROD-007,2025-05-20,2,511.33,0,1022.66
OL-00527,ORD-10220,CUST-0063,PROD-029,2025-05-20,4,32.8,0,131.2
OL-00528,ORD-10220,CUST-0063,PROD-011,2025-05-20,3,103.76,0.2,249.02
OL-00529,ORD-10221,CUST-0063,PROD-008,2025-03-29,3,342.59,0,1027.77
OL-00530,ORD-10221,CUST-0063,PROD-013,2025-03-29,2,134.4,0.05,255.36
OL-00531,ORD-10222,CUST-0063,PROD-003,2024-11-01,4,722.82,0.15,2457.59
OL-00532,ORD-10222,CUST-0063,PROD-011,2024-11-01,3,103.76,0,311.28
OL-00533,ORD-10222,CUST-0063,PROD-013,2024-11-01,4,134.4,0.05,510.72
OL-00534,ORD-10223,CUST-0063,PROD-009,2025-01-06,4,89.78,0,359.12
OL-00535,ORD-10223,CUST-0063,PROD-021,2025-01-06,1,38.34,0,38.34
OL-00536,ORD-10223,CUST-0063,PROD-026,2025-01-06,1,54.35,0,54.35
OL-00537,ORD-10223,CUST-0063,PROD-033,2025-01-06,2,70.03,0,140.06
OL-00538,ORD-10224,CUST-0064,PROD-016,2025-01-09,1,189.62,0.15,161.18
OL-00539,ORD-10225,CUST-0065,PROD-001,2025-04-04,3,1226.38,0.05,3495.18
OL-00540,ORD-10225,CUST-0065,PROD-028,2025-04-04,1,65.64,0.2,52.51
OL-00541,ORD-10225,CUST-0065,PROD-031,2025-04-04,4,164.42,0,657.68
OL-00542,ORD-10225,CUST-0065,PROD-019,2025-04-04,5,21.71,0,108.55
OL-00543,ORD-10226,CUST-0066,PROD-016,2025-12-09,1,189.62,0.2,151.7
OL-00544,ORD-10226,CUST-0066,PROD-018,2025-12-09,3,9.52,0.15,24.28
OL-00545,ORD-10227,CUST-0067,PROD-013,2024-07-13,5,134.4,0,672
OL-00546,ORD-10227,CUST-0067,PROD-031,2024-07-13,2,164.42,0.2,263.07
OL-00547,ORD-10227,CUST-0067,PROD-007,2024-07-13,5,511.33,0.15,2173.15
OL-00548,ORD-10227,CUST-0067,PROD-033,2024-07-13,2,70.03,0,140.06
OL-00549,ORD-10228,CUST-0068,PROD-026,2024-02-17,3,54.35,0,163.05
OL-00550,ORD-10228,CUST-0068,PROD-003,2024-02-17,2,722.82,0.05,1373.36
OL-00551,ORD-10229,CUST-0068,PROD-006,2024-03-13,4,689.21,0.05,2619
OL-00552,ORD-10229,CUST-0068,PROD-004,2024-03-13,5,921.23,0,4606.15
OL-00553,ORD-10230,CUST-0068,PROD-015,2025-02-25,4,295.3,0.05,1122.14
OL-00554,ORD-10230,CUST-0068,PROD-022,2025-02-25,1,27.82,0.1,25.04
OL-00555,ORD-10231,CUST-0068,PROD-020,2024-10-08,1,37.73,0,37.73
OL-00556,ORD-10232,CUST-0068,PROD-023,2024-09-06,3,88.43,0,265.29
OL-00557,ORD-10232,CUST-0068,PROD-027,2024-09-06,2,52.67,0,105.34
OL-00558,ORD-10232,CUST-0068,PROD-016,2024-09-06,1,189.62,0,189.62
OL-00559,ORD-10233,CUST-0068,PROD-014,2025-02-05,3,487.6,0.1,1316.52
OL-00560,ORD-10233,CUST-0068,PROD-019,2025-02-05,1,21.71,0.05,20.62
OL-00561,ORD-10233,CUST-0068,PROD-031,2025-02-05,2,164.42,0,328.84
OL-00562,ORD-10234,CUST-0068,PROD-024,2025-07-02,1,38.87,0.15,33.04
OL-00563,ORD-10234,CUST-0068,PROD-022,2025-07-02,1,27.82,0.15,23.65
OL-00564,ORD-10234,CUST-0068,PROD-020,2025-07-02,5,37.73,0.2,150.92
OL-00565,ORD-10234,CUST-0068,PROD-008,2025-07-02,2,342.59,0,685.18
OL-00566,ORD-10235,CUST-0068,PROD-034,2024-09-04,3,79.8,0,239.4
OL-00567,ORD-10235,CUST-0068,PROD-024,2024-09-04,5,38.87,0.05,184.63
OL-00568,ORD-10235,CUST-0068,PROD-016,2024-09-04,1,189.62,0,189.62
OL-00569,ORD-10236,CUST-0068,PROD-003,2024-05-09,5,722.82,0.15,3071.99
OL-00570,ORD-10237,CUST-0068,PROD-013,2025-04-26,1,134.4,0,134.4
OL-00571,ORD-10237,CUST-0068,PROD-029,2025-04-26,5,32.8,0.1,147.6
OL-00572,ORD-10238,CUST-0068,PROD-031,2024-08-26,2,164.42,0,328.84
OL-00573,ORD-10238,CUST-0068,PROD-013,2024-08-26,2,134.4,0,268.8
OL-00574,ORD-10238,CUST-0068,PROD-035,2024-08-26,4,75.75,0.1,272.7
OL-00575,ORD-10239,CUST-0068,PROD-036,2025-03-03,4,97.89,0.15,332.83
OL-00576,ORD-10239,CUST-0068,PROD-023,2025-03-03,1,88.43,0.05,84.01
OL-00577,ORD-10239,CUST-0068,PROD-024,2025-03-03,1,38.87,0.05,36.93
OL-00578,ORD-10240,CUST-0069,PROD-011,2025-01-24,5,103.76,0,518.8
OL-00579,ORD-10241,CUST-0070,PROD-019,2024-10-14,5,21.71,0,108.55
OL-00580,ORD-10241,CUST-0070,PROD-003,2024-10-14,2,722.82,0.15,1228.79
OL-00581,ORD-10242,CUST-0070,PROD-032,2025-12-20,2,129.73,0.05,246.49
OL-00582,ORD-10242,CUST-0070,PROD-035,2025-12-20,5,75.75,0.05,359.81
OL-00583,ORD-10242,CUST-0070,PROD-033,2025-12-20,5,70.03,0.2,280.12
OL-00584,ORD-10242,CUST-0070,PROD-005,2025-12-20,4,843.32,0.05,3204.62
OL-00585,ORD-10243,CUST-0070,PROD-014,2025-09-04,2,487.6,0.1,877.68
OL-00586,ORD-10243,CUST-0070,PROD-012,2025-09-04,2,109.67,0.1,197.41
OL-00587,ORD-10243,CUST-0070,PROD-001,2025-09-04,1,1226.38,0.2,981.1
OL-00588,ORD-10244,CUST-0070,PROD-033,2025-07-18,2,70.03,0,140.06
OL-00589,ORD-10244,CUST-0070,PROD-034,2025-07-18,3,79.8,0.1,215.46
OL-00590,ORD-10244,CUST-0070,PROD-017,2025-07-18,1,242.78,0,242.78
OL-00591,ORD-10244,CUST-0070,PROD-020,2025-07-18,2,37.73,0,75.46
OL-00592,ORD-10245,CUST-0070,PROD-019,2025-07-29,2,21.71,0,43.42
OL-00593,ORD-10245,CUST-0070,PROD-003,2025-07-29,2,722.82,0,1445.64
OL-00594,ORD-10246,CUST-0071,PROD-016,2025-01-26,2,189.62,0.1,341.32
OL-00595,ORD-10247,CUST-0071,PROD-023,2025-04-10,5,88.43,0,442.15
OL-00596,ORD-10248,CUST-0071,PROD-036,2025-07-26,3,97.89,0.15,249.62
OL-00597,ORD-10249,CUST-0071,PROD-019,2025-04-19,3,21.71,0,65.13
OL-00598,ORD-10249,CUST-0071,PROD-021,2025-04-19,3,38.34,0,115.02
OL-00599,ORD-10249,CUST-0071,PROD-004,2025-04-19,3,921.23,0,2763.69
OL-00600,ORD-10249,CUST-0071,PROD-001,2025-04-19,5,1226.38,0.15,5212.12
OL-00601,ORD-10250,CUST-0072,PROD-025,2024-06-09,3,25.5,0.2,61.2
OL-00602,ORD-10251,CUST-0073,PROD-029,2025-05-27,3,32.8,0,98.4
OL-00603,ORD-10251,CUST-0073,PROD-015,2025-05-27,2,295.3,0.1,531.54
OL-00604,ORD-10252,CUST-0074,PROD-010,2025-12-17,3,121.48,0,364.44
OL-00605,ORD-10252,CUST-0074,PROD-029,2025-12-17,4,32.8,0,131.2
OL-00606,ORD-10252,CUST-0074,PROD-015,2025-12-17,4,295.3,0,1181.2
OL-00607,ORD-10252,CUST-0074,PROD-028,2025-12-17,4,65.64,0,262.56
OL-00608,ORD-10253,CUST-0075,PROD-013,2024-12-07,4,134.4,0.15,456.96
OL-00609,ORD-10253,CUST-0075,PROD-037,2024-12-07,2,23.39,0.15,39.76
OL-00610,ORD-10254,CUST-0075,PROD-020,2025-05-15,2,37.73,0,75.46
OL-00611,ORD-10255,CUST-0076,PROD-005,2024-02-23,1,843.32,0.05,801.15
OL-00612,ORD-10255,CUST-0076,PROD-010,2024-02-23,2,121.48,0.05,230.81
OL-00613,ORD-10256,CUST-0076,PROD-007,2025-06-18,5,511.33,0,2556.65
OL-00614,ORD-10256,CUST-0076,PROD-034,2025-06-18,4,79.8,0.05,303.24
OL-00615,ORD-10256,CUST-0076,PROD-009,2025-06-18,1,89.78,0,89.78
OL-00616,ORD-10256,CUST-0076,PROD-001,2025-06-18,1,1226.38,0.2,981.1
OL-00617,ORD-10257,CUST-0076,PROD-009,2025-05-09,2,89.78,0.2,143.65
OL-00618,ORD-10258,CUST-0076,PROD-010,2024-04-21,5,121.48,0.15,516.29
OL-00619,ORD-10258,CUST-0076,PROD-001,2024-04-21,3,1226.38,0.2,2943.31
OL-00620,ORD-10258,CUST-0076,PROD-007,2024-04-21,1,511.33,0,511.33
OL-00621,ORD-10259,CUST-0076,PROD-037,2024-05-20,3,23.39,0.05,66.66
OL-00622,ORD-10259,CUST-0076,PROD-029,2024-05-20,2,32.8,0,65.6
OL-00623,ORD-10259,CUST-0076,PROD-011,2024-05-20,1,103.76,0.1,93.38
OL-00624,ORD-10259,CUST-0076,PROD-020,2024-05-20,3,37.73,0.15,96.21
OL-00625,ORD-10260,CUST-0076,PROD-002,2024-12-13,1,505.32,0,505.32
OL-00626,ORD-10261,CUST-0076,PROD-007,2024-12-13,2,511.33,0,1022.66
OL-00627,ORD-10261,CUST-0076,PROD-033,2024-12-13,2,70.03,0,140.06
OL-00628,ORD-10261,CUST-0076,PROD-027,2024-12-13,2,52.67,0.05,100.07
OL-00629,ORD-10262,CUST-0076,PROD-023,2024-09-23,2,88.43,0.15,150.33
OL-00630,ORD-10262,CUST-0076,PROD-019,2024-09-23,4,21.71,0.15,73.81
OL-00631,ORD-10263,CUST-0076,PROD-032,2025-06-05,2,129.73,0,259.46
OL-00632,ORD-10264,CUST-0076,PROD-019,2024-07-02,3,21.71,0,65.13
OL-00633,ORD-10265,CUST-0077,PROD-008,2024-11-07,1,342.59,0.1,308.33
OL-00634,ORD-10265,CUST-0077,PROD-024,2024-11-07,2,38.87,0,77.74
OL-00635,ORD-10265,CUST-0077,PROD-006,2024-11-07,4,689.21,0.1,2481.16
OL-00636,ORD-10266,CUST-0077,PROD-028,2025-05-12,3,65.64,0.1,177.23
OL-00637,ORD-10266,CUST-0077,PROD-010,2025-05-12,3,121.48,0,364.44
OL-00638,ORD-10267,CUST-0078,PROD-032,2024-11-24,1,129.73,0.2,103.78
OL-00639,ORD-10267,CUST-0078,PROD-024,2024-11-24,1,38.87,0.2,31.1
OL-00640,ORD-10267,CUST-0078,PROD-017,2024-11-24,2,242.78,0.2,388.45
OL-00641,ORD-10268,CUST-0079,PROD-021,2025-09-24,4,38.34,0.05,145.69
OL-00642,ORD-10268,CUST-0079,PROD-010,2025-09-24,4,121.48,0.2,388.74
OL-00643,ORD-10269,CUST-0079,PROD-037,2025-11-12,4,23.39,0.15,79.53
OL-00644,ORD-10270,CUST-0080,PROD-021,2025-07-15,2,38.34,0,76.68
OL-00645,ORD-10271,CUST-0081,PROD-023,2025-01-23,4,88.43,0.15,300.66
OL-00646,ORD-10271,CUST-0081,PROD-021,2025-01-23,4,38.34,0.1,138.02
OL-00647,ORD-10271,CUST-0081,PROD-032,2025-01-23,3,129.73,0,389.19
OL-00648,ORD-10271,CUST-0081,PROD-028,2025-01-23,2,65.64,0.05,124.72
OL-00649,ORD-10272,CUST-0081,PROD-035,2025-09-09,1,75.75,0.1,68.17
OL-00650,ORD-10272,CUST-0081,PROD-032,2025-09-09,4,129.73,0.1,467.03
OL-00651,ORD-10272,CUST-0081,PROD-015,2025-09-09,5,295.3,0.2,1181.2
OL-00652,ORD-10272,CUST-0081,PROD-025,2025-09-09,2,25.5,0.15,43.35
OL-00653,ORD-10273,CUST-0081,PROD-024,2025-03-23,2,38.87,0.2,62.19
OL-00654,ORD-10273,CUST-0081,PROD-001,2025-03-23,1,1226.38,0,1226.38
OL-00655,ORD-10274,CUST-0081,PROD-009,2025-11-19,3,89.78,0.2,215.47
OL-00656,ORD-10274,CUST-0081,PROD-008,2025-11-19,2,342.59,0,685.18
OL-00657,ORD-10274,CUST-0081,PROD-004,2025-11-19,4,921.23,0,3684.92
OL-00658,ORD-10274,CUST-0081,PROD-023,2025-11-19,5,88.43,0.05,420.04
OL-00659,ORD-10275,CUST-0081,PROD-015,2025-06-11,2,295.3,0,590.6
OL-00660,ORD-10275,CUST-0081,PROD-004,2025-06-11,2,921.23,0.05,1750.34
OL-00661,ORD-10276,CUST-0082,PROD-024,2024-11-05,4,38.87,0.2,124.38
OL-00662,ORD-10276,CUST-0082,PROD-004,2024-11-05,5,921.23,0.2,3684.92
OL-00663,ORD-10276,CUST-0082,PROD-007,2024-11-05,2,511.33,0,1022.66
OL-00664,ORD-10276,CUST-0082,PROD-005,2024-11-05,2,843.32,0,1686.64
OL-00665,ORD-10277,CUST-0082,PROD-016,2025-01-31,1,189.62,0,189.62
OL-00666,ORD-10278,CUST-0082,PROD-010,2025-09-07,5,121.48,0.15,516.29
OL-00667,ORD-10278,CUST-0082,PROD-012,2025-09-07,3,109.67,0.05,312.56
OL-00668,ORD-10278,CUST-0082,PROD-031,2025-09-07,4,164.42,0.15,559.03
OL-00669,ORD-10278,CUST-0082,PROD-009,2025-09-07,3,89.78,0.05,255.87
OL-00670,ORD-10279,CUST-0082,PROD-019,2025-12-25,1,21.71,0,21.71
OL-00671,ORD-10280,CUST-0082,PROD-012,2024-12-20,5,109.67,0,548.35
OL-00672,ORD-10281,CUST-0082,PROD-028,2024-11-25,5,65.64,0.1,295.38
OL-00673,ORD-10281,CUST-0082,PROD-030,2024-11-25,3,33.74,0.15,86.04
OL-00674,ORD-10281,CUST-0082,PROD-036,2024-11-25,2,97.89,0.05,185.99
OL-00675,ORD-10281,CUST-0082,PROD-017,2024-11-25,2,242.78,0,485.56
OL-00676,ORD-10282,CUST-0082,PROD-009,2025-01-06,2,89.78,0.05,170.58
OL-00677,ORD-10282,CUST-0082,PROD-014,2025-01-06,2,487.6,0.2,780.16
OL-00678,ORD-10282,CUST-0082,PROD-026,2025-01-06,5,54.35,0.1,244.58
OL-00679,ORD-10282,CUST-0082,PROD-004,2025-01-06,1,921.23,0.2,736.98
OL-00680,ORD-10283,CUST-0083,PROD-031,2025-12-15,2,164.42,0,328.84
OL-00681,ORD-10283,CUST-0083,PROD-021,2025-12-15,3,38.34,0.15,97.77
OL-00682,ORD-10283,CUST-0083,PROD-026,2025-12-15,4,54.35,0,217.4
OL-00683,ORD-10283,CUST-0083,PROD-025,2025-12-15,3,25.5,0,76.5
OL-00684,ORD-10284,CUST-0084,PROD-022,2025-01-28,3,27.82,0,83.46
OL-00685,ORD-10284,CUST-0084,PROD-002,2025-01-28,5,505.32,0,2526.6
OL-00686,ORD-10284,CUST-0084,PROD-016,2025-01-28,1,189.62,0,189.62
OL-00687,ORD-10285,CUST-0085,PROD-020,2024-02-08,2,37.73,0.1,67.91
OL-00688,ORD-10286,CUST-0085,PROD-016,2024-06-06,3,189.62,0,568.86
OL-00689,ORD-10287,CUST-0086,PROD-037,2025-10-20,4,23.39,0,93.56
OL-00690,ORD-10288,CUST-0086,PROD-006,2025-11-28,3,689.21,0.2,1654.1
OL-00691,ORD-10288,CUST-0086,PROD-020,2025-11-28,3,37.73,0.05,107.53
OL-00692,ORD-10288,CUST-0086,PROD-001,2025-11-28,5,1226.38,0,6131.9
OL-00693,ORD-10289,CUST-0087,PROD-023,2025-07-26,4,88.43,0.15,300.66
OL-00694,ORD-10289,CUST-0087,PROD-009,2025-07-26,5,89.78,0,448.9
OL-00695,ORD-10289,CUST-0087,PROD-007,2025-07-26,5,511.33,0.2,2045.32
OL-00696,ORD-10289,CUST-0087,PROD-022,2025-07-26,2,27.82,0,55.64
OL-00697,ORD-10290,CUST-0088,PROD-031,2025-12-31,2,164.42,0.15,279.51
OL-00698,ORD-10290,CUST-0088,PROD-003,2025-12-31,4,722.82,0,2891.28
OL-00699,ORD-10290,CUST-0088,PROD-019,2025-12-31,1,21.71,0.15,18.45
OL-00700,ORD-10290,CUST-0088,PROD-011,2025-12-31,2,103.76,0,207.52
OL-00701,ORD-10291,CUST-0089,PROD-011,2024-10-01,5,103.76,0.15,440.98
OL-00702,ORD-10291,CUST-0089,PROD-033,2024-10-01,5,70.03,0.15,297.63
OL-00703,ORD-10292,CUST-0089,PROD-029,2025-07-10,3,32.8,0,98.4
OL-00704,ORD-10292,CUST-0089,PROD-009,2025-07-10,5,89.78,0.2,359.12
OL-00705,ORD-10292,CUST-0089,PROD-022,2025-07-10,4,27.82,0,111.28
OL-00706,ORD-10293,CUST-0090,PROD-016,2025-06-16,5,189.62,0.15,805.88
OL-00707,ORD-10293,CUST-0090,PROD-014,2025-06-16,4,487.6,0,1950.4
OL-00708,ORD-10293,CUST-0090,PROD-005,2025-06-16,1,843.32,0,843.32
OL-00709,ORD-10293,CUST-0090,PROD-010,2025-06-16,3,121.48,0.1,328
OL-00710,ORD-10294,CUST-0091,PROD-032,2025-10-03,1,129.73,0.05,123.24
OL-00711,ORD-10295,CUST-0092,PROD-019,2025-11-23,1,21.71,0,21.71
OL-00712,ORD-10295,CUST-0092,PROD-011,2025-11-23,5,103.76,0,518.8
OL-00713,ORD-10296,CUST-0093,PROD-012,2025-12-19,4,109.67,0,438.68
OL-00714,ORD-10297,CUST-0094,PROD-009,2024-05-21,1,89.78,0,89.78
OL-00715,ORD-10297,CUST-0094,PROD-008,2024-05-21,3,342.59,0.05,976.38
OL-00716,ORD-10297,CUST-0094,PROD-037,2024-05-21,4,23.39,0.2,74.85
OL-00717,ORD-10297,CUST-0094,PROD-032,2024-05-21,5,129.73,0.15,551.35
OL-00718,ORD-10298,CUST-0094,PROD-024,2024-08-10,4,38.87,0.1,139.93
OL-00719,ORD-10298,CUST-0094,PROD-033,2024-08-10,4,70.03,0,280.12
OL-00720,ORD-10298,CUST-0094,PROD-021,2024-08-10,1,38.34,0.1,34.51
OL-00721,ORD-10298,CUST-0094,PROD-006,2024-08-10,1,689.21,0.15,585.83
OL-00722,ORD-10299,CUST-0094,PROD-036,2025-07-14,2,97.89,0.2,156.62
OL-00723,ORD-10299,CUST-0094,PROD-001,2025-07-14,1,1226.38,0,1226.38
OL-00724,ORD-10300,CUST-0094,PROD-037,2024-12-14,1,23.39,0,23.39
OL-00725,ORD-10300,CUST-0094,PROD-026,2024-12-14,4,54.35,0.2,173.92
OL-00726,ORD-10301,CUST-0094,PROD-023,2025-01-27,4,88.43,0.05,336.03
OL-00727,ORD-10302,CUST-0094,PROD-007,2025-04-29,4,511.33,0,2045.32
OL-00728,ORD-10302,CUST-0094,PROD-006,2025-04-29,4,689.21,0,2756.84
OL-00729,ORD-10302,CUST-0094,PROD-012,2025-04-29,1,109.67,0,109.67
OL-00730,ORD-10302,CUST-0094,PROD-026,2025-04-29,3,54.35,0.1,146.75
OL-00731,ORD-10303,CUST-0095,PROD-031,2025-08-27,3,164.42,0.05,468.6
OL-00732,ORD-10303,CUST-0095,PROD-008,2025-08-27,1,342.59,0.1,308.33
OL-00733,ORD-10304,CUST-0095,PROD-010,2025-11-29,1,121.48,0.1,109.33
OL-00734,ORD-10304,CUST-0095,PROD-014,2025-11-29,4,487.6,0,1950.4
OL-00735,ORD-10304,CUST-0095,PROD-021,2025-11-29,3,38.34,0.2,92.02
OL-00736,ORD-10304,CUST-0095,PROD-037,2025-11-29,4,23.39,0.05,88.88
OL-00737,ORD-10305,CUST-0095,PROD-014,2025-12-29,1,487.6,0.2,390.08
OL-00738,ORD-10306,CUST-0096,PROD-017,2025-06-28,2,242.78,0,485.56
OL-00739,ORD-10306,CUST-0096,PROD-012,2025-06-28,3,109.67,0.05,312.56
OL-00740,ORD-10306,CUST-0096,PROD-006,2025-06-28,1,689.21,0,689.21
OL-00741,ORD-10307,CUST-0097,PROD-027,2025-06-16,2,52.67,0.2,84.27
OL-00742,ORD-10307,CUST-0097,PROD-034,2025-06-16,1,79.8,0,79.8
OL-00743,ORD-10307,CUST-0097,PROD-014,2025-06-16,4,487.6,0,1950.4
OL-00744,ORD-10307,CUST-0097,PROD-017,2025-06-16,3,242.78,0,728.34
OL-00745,ORD-10308,CUST-0097,PROD-027,2025-10-10,2,52.67,0.15,89.54
OL-00746,ORD-10308,CUST-0097,PROD-031,2025-10-10,4,164.42,0,657.68
OL-00747,ORD-10308,CUST-0097,PROD-035,2025-10-10,5,75.75,0.05,359.81
OL-00748,ORD-10309,CUST-0098,PROD-005,2024-10-11,3,843.32,0.15,2150.47
OL-00749,ORD-10309,CUST-0098,PROD-010,2024-10-11,3,121.48,0,364.44
OL-00750,ORD-10310,CUST-0098,PROD-010,2025-01-11,4,121.48,0,485.92
OL-00751,ORD-10310,CUST-0098,PROD-032,2025-01-11,5,129.73,0.15,551.35
OL-00752,ORD-10310,CUST-0098,PROD-021,2025-01-11,1,38.34,0.05,36.42
OL-00753,ORD-10310,CUST-0098,PROD-008,2025-01-11,2,342.59,0.15,582.4
OL-00754,ORD-10311,CUST-0098,PROD-003,2025-06-13,2,722.82,0.15,1228.79
OL-00755,ORD-10312,CUST-0098,PROD-035,2025-01-30,3,75.75,0,227.25
OL-00756,ORD-10312,CUST-0098,PROD-011,2025-01-30,2,103.76,0.15,176.39
OL-00757,ORD-10312,CUST-0098,PROD-025,2025-01-30,5,25.5,0,127.5
OL-00758,ORD-10312,CUST-0098,PROD-014,2025-01-30,3,487.6,0.2,1170.24
OL-00759,ORD-10313,CUST-0099,PROD-020,2024-04-13,3,37.73,0.1,101.87
OL-00760,ORD-10314,CUST-0100,PROD-032,2025-08-29,4,129.73,0.05,492.97
OL-00761,ORD-10315,CUST-0101,PROD-023,2024-07-02,5,88.43,0.2,353.72
OL-00762,ORD-10315,CUST-0101,PROD-035,2024-07-02,3,75.75,0,227.25
OL-00763,ORD-10315,CUST-0101,PROD-028,2024-07-02,2,65.64,0.05,124.72
OL-00764,ORD-10316,CUST-0102,PROD-012,2025-05-20,5,109.67,0.05,520.93
OL-00765,ORD-10316,CUST-0102,PROD-036,2025-05-20,4,97.89,0,391.56
OL-00766,ORD-10316,CUST-0102,PROD-011,2025-05-20,4,103.76,0.15,352.78
OL-00767,ORD-10317,CUST-0102,PROD-006,2025-10-27,1,689.21,0,689.21
OL-00768,ORD-10318,CUST-0103,PROD-007,2025-08-23,5,511.33,0.1,2300.99
OL-00769,ORD-10318,CUST-0103,PROD-032,2025-08-23,1,129.73,0.15,110.27
OL-00770,ORD-10318,CUST-0103,PROD-035,2025-08-23,3,75.75,0.2,181.8
OL-00771,ORD-10318,CUST-0103,PROD-029,2025-08-23,4,32.8,0,131.2
OL-00772,ORD-10319,CUST-0103,PROD-036,2025-12-30,4,97.89,0,391.56
OL-00773,ORD-10319,CUST-0103,PROD-025,2025-12-30,3,25.5,0.2,61.2
OL-00774,ORD-10319,CUST-0103,PROD-008,2025-12-30,4,342.59,0.05,1301.84
OL-00775,ORD-10319,CUST-0103,PROD-013,2025-12-30,4,134.4,0,537.6
OL-00776,ORD-10320,CUST-0104,PROD-033,2025-01-19,3,70.03,0.15,178.58
OL-00777,ORD-10320,CUST-0104,PROD-019,2025-01-19,3,21.71,0,65.13
OL-00778,ORD-10321,CUST-0105,PROD-016,2025-09-09,1,189.62,0,189.62
OL-00779,ORD-10321,CUST-0105,PROD-001,2025-09-09,2,1226.38,0.2,1962.21
OL-00780,ORD-10321,CUST-0105,PROD-027,2025-09-09,3,52.67,0.2,126.41
OL-00781,ORD-10321,CUST-0105,PROD-003,2025-09-09,5,722.82,0.2,2891.28
OL-00782,ORD-10322,CUST-0106,PROD-022,2025-06-20,4,27.82,0,111.28
OL-00783,ORD-10322,CUST-0106,PROD-011,2025-06-20,5,103.76,0.05,492.86
OL-00784,ORD-10322,CUST-0106,PROD-037,2025-06-20,2,23.39,0.1,42.1
OL-00785,ORD-10323,CUST-0107,PROD-037,2025-05-19,4,23.39,0,93.56
OL-00786,ORD-10324,CUST-0108,PROD-012,2025-10-09,2,109.67,0.05,208.37
OL-00787,ORD-10324,CUST-0108,PROD-026,2025-10-09,2,54.35,0,108.7
OL-00788,ORD-10324,CUST-0108,PROD-021,2025-10-09,2,38.34,0.1,69.01
OL-00789,ORD-10324,CUST-0108,PROD-034,2025-10-09,1,79.8,0.15,67.83
OL-00790,ORD-10325,CUST-0109,PROD-017,2025-06-07,2,242.78,0,485.56
OL-00791,ORD-10325,CUST-0109,PROD-036,2025-06-07,1,97.89,0,97.89
OL-00792,ORD-10325,CUST-0109,PROD-011,2025-06-07,4,103.76,0,415.04
OL-00793,ORD-10325,CUST-0109,PROD-021,2025-06-07,5,38.34,0,191.7
OL-00794,ORD-10326,CUST-0109,PROD-037,2025-07-06,4,23.39,0,93.56
OL-00795,ORD-10327,CUST-0110,PROD-030,2025-05-28,2,33.74,0,67.48
OL-00796,ORD-10327,CUST-0110,PROD-023,2025-05-28,2,88.43,0,176.86
OL-00797,ORD-10328,CUST-0111,PROD-025,2025-03-20,1,25.5,0,25.5
OL-00798,ORD-10328,CUST-0111,PROD-017,2025-03-20,1,242.78,0,242.78
OL-00799,ORD-10329,CUST-0112,PROD-008,2024-02-24,4,342.59,0.1,1233.32
OL-00800,ORD-10330,CUST-0113,PROD-010,2025-11-06,3,121.48,0,364.44
OL-00801,ORD-10331,CUST-0114,PROD-005,2025-10-10,4,843.32,0.2,2698.62
OL-00802,ORD-10332,CUST-0115,PROD-026,2025-09-28,4,54.35,0.2,173.92
OL-00803,ORD-10332,CUST-0115,PROD-007,2025-09-28,1,511.33,0.05,485.76
OL-00804,ORD-10333,CUST-0115,PROD-005,2025-11-19,3,843.32,0.15,2150.47
OL-00805,ORD-10333,CUST-0115,PROD-014,2025-11-19,4,487.6,0.2,1560.32
OL-00806,ORD-10333,CUST-0115,PROD-027,2025-11-19,2,52.67,0,105.34
OL-00807,ORD-10333,CUST-0115,PROD-025,2025-11-19,3,25.5,0,76.5
OL-00808,ORD-10334,CUST-0116,PROD-008,2024-07-02,3,342.59,0,1027.77
OL-00809,ORD-10335,CUST-0116,PROD-011,2025-03-21,5,103.76,0.15,440.98
OL-00810,ORD-10336,CUST-0116,PROD-013,2024-11-24,5,134.4,0,672
OL-00811,ORD-10337,CUST-0116,PROD-034,2025-04-17,5,79.8,0.2,319.2
OL-00812,ORD-10338,CUST-0116,PROD-024,2024-10-03,2,38.87,0,77.74
OL-00813,ORD-10338,CUST-0116,PROD-008,2024-10-03,3,342.59,0,1027.77
OL-00814,ORD-10339,CUST-0116,PROD-009,2024-11-06,3,89.78,0,269.34
OL-00815,ORD-10340,CUST-0116,PROD-006,2025-03-20,5,689.21,0.15,2929.14
OL-00816,ORD-10340,CUST-0116,PROD-023,2025-03-20,3,88.43,0.05,252.03
OL-00817,ORD-10341,CUST-0116,PROD-028,2025-08-02,3,65.64,0,196.92
OL-00818,ORD-10341,CUST-0116,PROD-033,2025-08-02,2,70.03,0.15,119.05
OL-00819,ORD-10341,CUST-0116,PROD-026,2025-08-02,3,54.35,0.05,154.9
OL-00820,ORD-10341,CUST-0116,PROD-013,2025-08-02,1,134.4,0.1,120.96
OL-00821,ORD-10342,CUST-0116,PROD-011,2025-08-27,4,103.76,0.05,394.29
OL-00822,ORD-10342,CUST-0116,PROD-014,2025-08-27,4,487.6,0.1,1755.36
OL-00823,ORD-10342,CUST-0116,PROD-032,2025-08-27,3,129.73,0.2,311.35
OL-00824,ORD-10343,CUST-0116,PROD-025,2024-12-27,4,25.5,0,102
OL-00825,ORD-10344,CUST-0116,PROD-024,2025-05-03,2,38.87,0,77.74
OL-00826,ORD-10344,CUST-0116,PROD-005,2025-05-03,5,843.32,0,4216.6
OL-00827,ORD-10344,CUST-0116,PROD-029,2025-05-03,5,32.8,0.05,155.8
OL-00828,ORD-10345,CUST-0116,PROD-026,2024-12-14,2,54.35,0.2,86.96
OL-00829,ORD-10345,CUST-0116,PROD-002,2024-12-14,3,505.32,0.05,1440.16
OL-00830,ORD-10345,CUST-0116,PROD-008,2024-12-14,2,342.59,0,685.18
OL-00831,ORD-10346,CUST-0116,PROD-014,2024-11-19,3,487.6,0,1462.8
OL-00832,ORD-10347,CUST-0116,PROD-008,2024-09-29,1,342.59,0.15,291.2
OL-00833,ORD-10347,CUST-0116,PROD-001,2024-09-29,3,1226.38,0,3679.14
OL-00834,ORD-10347,CUST-0116,PROD-021,2024-09-29,4,38.34,0.1,138.02
OL-00835,ORD-10348,CUST-0116,PROD-015,2025-08-28,4,295.3,0,1181.2
OL-00836,ORD-10348,CUST-0116,PROD-036,2025-08-28,5,97.89,0,489.45
OL-00837,ORD-10348,CUST-0116,PROD-005,2025-08-28,5,843.32,0,4216.6
OL-00838,ORD-10349,CUST-0116,PROD-005,2024-09-07,4,843.32,0,3373.28
OL-00839,ORD-10349,CUST-0116,PROD-037,2024-09-07,3,23.39,0,70.17
OL-00840,ORD-10349,CUST-0116,PROD-027,2024-09-07,2,52.67,0,105.34
OL-00841,ORD-10350,CUST-0117,PROD-032,2024-08-07,1,129.73,0,129.73
OL-00842,ORD-10350,CUST-0117,PROD-003,2024-08-07,4,722.82,0,2891.28
OL-00843,ORD-10350,CUST-0117,PROD-018,2024-08-07,5,9.52,0,47.6
OL-00844,ORD-10350,CUST-0117,PROD-027,2024-08-07,5,52.67,0.05,250.18
OL-00845,ORD-10351,CUST-0117,PROD-019,2024-12-21,1,21.71,0.15,18.45
OL-00846,ORD-10352,CUST-0117,PROD-030,2025-09-27,3,33.74,0,101.22
OL-00847,ORD-10353,CUST-0117,PROD-003,2025-10-26,1,722.82,0,722.82
OL-00848,ORD-10353,CUST-0117,PROD-035,2025-10-26,4,75.75,0,303
OL-00849,ORD-10353,CUST-0117,PROD-034,2025-10-26,4,79.8,0.15,271.32
OL-00850,ORD-10353,CUST-0117,PROD-022,2025-10-26,3,27.82,0,83.46
OL-00851,ORD-10354,CUST-0117,PROD-026,2025-01-31,3,54.35,0.05,154.9
OL-00852,ORD-10354,CUST-0117,PROD-006,2025-01-31,5,689.21,0,3446.05
OL-00853,ORD-10354,CUST-0117,PROD-036,2025-01-31,4,97.89,0,391.56
OL-00854,ORD-10355,CUST-0117,PROD-032,2025-08-13,1,129.73,0,129.73
OL-00855,ORD-10355,CUST-0117,PROD-008,2025-08-13,1,342.59,0.2,274.07
OL-00856,ORD-10355,CUST-0117,PROD-024,2025-08-13,1,38.87,0,38.87
OL-00857,ORD-10355,CUST-0117,PROD-007,2025-08-13,1,511.33,0,511.33
OL-00858,ORD-10356,CUST-0117,PROD-015,2025-11-06,3,295.3,0.2,708.72
OL-00859,ORD-10356,CUST-0117,PROD-011,2025-11-06,5,103.76,0,518.8
OL-00860,ORD-10356,CUST-0117,PROD-006,2025-11-06,1,689.21,0,689.21
OL-00861,ORD-10356,CUST-0117,PROD-013,2025-11-06,1,134.4,0,134.4
OL-00862,ORD-10357,CUST-0117,PROD-005,2024-09-15,5,843.32,0.2,3373.28
OL-00863,ORD-10357,CUST-0117,PROD-017,2024-09-15,4,242.78,0,971.12
OL-00864,ORD-10357,CUST-0117,PROD-022,2024-09-15,2,27.82,0,55.64
OL-00865,ORD-10358,CUST-0117,PROD-008,2025-06-16,5,342.59,0.2,1370.36
OL-00866,ORD-10358,CUST-0117,PROD-009,2025-06-16,4,89.78,0.15,305.25
OL-00867,ORD-10358,CUST-0117,PROD-021,2025-06-16,4,38.34,0.15,130.36
OL-00868,ORD-10358,CUST-0117,PROD-010,2025-06-16,1,121.48,0.1,109.33
OL-00869,ORD-10359,CUST-0117,PROD-037,2025-05-19,4,23.39,0,93.56
OL-00870,ORD-10359,CUST-0117,PROD-031,2025-05-19,3,164.42,0.2,394.61
OL-00871,ORD-10360,CUST-0117,PROD-015,2025-08-31,1,295.3,0,295.3
OL-00872,ORD-10360,CUST-0117,PROD-006,2025-08-31,5,689.21,0.2,2756.84
OL-00873,ORD-10360,CUST-0117,PROD-017,2025-08-31,2,242.78,0.15,412.73
OL-00874,ORD-10360,CUST-0117,PROD-019,2025-08-31,2,21.71,0.15,36.91
OL-00875,ORD-10361,CUST-0117,PROD-032,2024-09-30,1,129.73,0,129.73
OL-00876,ORD-10362,CUST-0117,PROD-030,2024-08-28,2,33.74,0.05,64.11
OL-00877,ORD-10362,CUST-0117,PROD-025,2024-08-28,1,25.5,0,25.5
OL-00878,ORD-10363,CUST-0118,PROD-020,2025-08-26,5,37.73,0,188.65
OL-00879,ORD-10363,CUST-0118,PROD-030,2025-08-26,2,33.74,0,67.48
OL-00880,ORD-10363,CUST-0118,PROD-010,2025-08-26,3,121.48,0.05,346.22
OL-00881,ORD-10364,CUST-0119,PROD-026,2025-12-09,1,54.35,0,54.35
OL-00882,ORD-10364,CUST-0119,PROD-013,2025-12-09,4,134.4,0,537.6
OL-00883,ORD-10365,CUST-0120,PROD-010,2025-09-26,4,121.48,0,485.92
OL-00884,ORD-10366,CUST-0121,PROD-002,2025-03-22,2,505.32,0,1010.64
OL-00885,ORD-10366,CUST-0121,PROD-030,2025-03-22,1,33.74,0.05,32.05
OL-00886,ORD-10367,CUST-0122,PROD-023,2025-04-09,1,88.43,0,88.43
OL-00887,ORD-10367,CUST-0122,PROD-017,2025-04-09,4,242.78,0,971.12
OL-00888,ORD-10367,CUST-0122,PROD-008,2025-04-09,2,342.59,0.05,650.92
OL-00889,ORD-10367,CUST-0122,PROD-036,2025-04-09,5,97.89,0.05,464.98
OL-00890,ORD-10368,CUST-0123,PROD-029,2025-05-07,3,32.8,0,98.4
OL-00891,ORD-10369,CUST-0123,PROD-025,2025-07-11,4,25.5,0,102
OL-00892,ORD-10370,CUST-0123,PROD-026,2025-10-19,5,54.35,0,271.75
OL-00893,ORD-10370,CUST-0123,PROD-012,2025-10-19,5,109.67,0.1,493.52
OL-00894,ORD-10371,CUST-0124,PROD-007,2024-11-04,2,511.33,0,1022.66
OL-00895,ORD-10371,CUST-0124,PROD-004,2024-11-04,1,921.23,0,921.23
OL-00896,ORD-10371,CUST-0124,PROD-016,2024-11-04,5,189.62,0,948.1
OL-00897,ORD-10371,CUST-0124,PROD-008,2024-11-04,2,342.59,0,685.18
OL-00898,ORD-10372,CUST-0125,PROD-018,2025-10-03,2,9.52,0.1,17.14
OL-00899,ORD-10373,CUST-0126,PROD-026,2024-05-14,4,54.35,0,217.4
OL-00900,ORD-10373,CUST-0126,PROD-007,2024-05-14,2,511.33,0.2,818.13
OL-00901,ORD-10373,CUST-0126,PROD-015,2024-05-14,2,295.3,0,590.6
OL-00902,ORD-10373,CUST-0126,PROD-018,2024-05-14,3,9.52,0.15,24.28
OL-00903,ORD-10374,CUST-0126,PROD-001,2025-03-30,5,1226.38,0.15,5212.12
OL-00904,ORD-10374,CUST-0126,PROD-007,2025-03-30,5,511.33,0.05,2428.82
OL-00905,ORD-10374,CUST-0126,PROD-012,2025-03-30,3,109.67,0.2,263.21
OL-00906,ORD-10375,CUST-0126,PROD-011,2025-09-05,1,103.76,0,103.76
OL-00907,ORD-10375,CUST-0126,PROD-021,2025-09-05,2,38.34,0,76.68
OL-00908,ORD-10376,CUST-0126,PROD-010,2025-09-01,3,121.48,0,364.44
OL-00909,ORD-10376,CUST-0126,PROD-001,2025-09-01,2,1226.38,0,2452.76
OL-00910,ORD-10376,CUST-0126,PROD-031,2025-09-01,1,164.42,0,164.42
OL-00911,ORD-10376,CUST-0126,PROD-028,2025-09-01,1,65.64,0.1,59.08
OL-00912,ORD-10377,CUST-0127,PROD-001,2025-12-08,1,1226.38,0,1226.38
OL-00913,ORD-10377,CUST-0127,PROD-032,2025-12-08,1,129.73,0.1,116.76
OL-00914,ORD-10377,CUST-0127,PROD-016,2025-12-08,3,189.62,0.2,455.09
OL-00915,ORD-10377,CUST-0127,PROD-031,2025-12-08,2,164.42,0.1,295.96
OL-00916,ORD-10378,CUST-0128,PROD-007,2024-07-16,3,511.33,0.05,1457.29
OL-00917,ORD-10378,CUST-0128,PROD-020,2024-07-16,4,37.73,0.15,128.28
OL-00918,ORD-10379,CUST-0128,PROD-032,2025-01-26,4,129.73,0,518.92
OL-00919,ORD-10379,CUST-0128,PROD-017,2025-01-26,3,242.78,0,728.34
OL-00920,ORD-10379,CUST-0128,PROD-024,2025-01-26,3,38.87,0.1,104.95
OL-00921,ORD-10380,CUST-0128,PROD-008,2025-08-31,2,342.59,0.05,650.92
OL-00922,ORD-10380,CUST-0128,PROD-018,2025-08-31,2,9.52,0.15,16.18
OL-00923,ORD-10380,CUST-0128,PROD-034,2025-08-31,2,79.8,0,159.6
OL-00924,ORD-10380,CUST-0128,PROD-002,2025-08-31,4,505.32,0,2021.28
OL-00925,ORD-10381,CUST-0128,PROD-024,2024-12-03,4,38.87,0.15,132.16
OL-00926,ORD-10381,CUST-0128,PROD-014,2024-12-03,1,487.6,0,487.6
OL-00927,ORD-10381,CUST-0128,PROD-006,2024-12-03,5,689.21,0.05,3273.75
OL-00928,ORD-10381,CUST-0128,PROD-013,2024-12-03,5,134.4,0,672
OL-00929,ORD-10382,CUST-0128,PROD-022,2024-12-13,3,27.82,0,83.46
OL-00930,ORD-10382,CUST-0128,PROD-026,2024-12-13,2,54.35,0,108.7
OL-00931,ORD-10382,CUST-0128,PROD-027,2024-12-13,5,52.67,0.1,237.02
OL-00932,ORD-10383,CUST-0128,PROD-008,2025-07-25,5,342.59,0.2,1370.36
OL-00933,ORD-10383,CUST-0128,PROD-028,2025-07-25,3,65.64,0,196.92
OL-00934,ORD-10383,CUST-0128,PROD-030,2025-07-25,1,33.74,0,33.74
OL-00935,ORD-10384,CUST-0128,PROD-030,2025-04-12,5,33.74,0,168.7
OL-00936,ORD-10384,CUST-0128,PROD-010,2025-04-12,5,121.48,0.1,546.66
OL-00937,ORD-10385,CUST-0128,PROD-020,2025-07-06,3,37.73,0,113.19
OL-00938,ORD-10385,CUST-0128,PROD-032,2025-07-06,3,129.73,0,389.19
OL-00939,ORD-10386,CUST-0128,PROD-014,2025-03-20,3,487.6,0.2,1170.24
OL-00940,ORD-10387,CUST-0128,PROD-004,2025-05-30,4,921.23,0,3684.92
OL-00941,ORD-10388,CUST-0128,PROD-023,2024-08-02,2,88.43,0,176.86
OL-00942,ORD-10388,CUST-0128,PROD-001,2024-08-02,3,1226.38,0.2,2943.31
OL-00943,ORD-10388,CUST-0128,PROD-004,2024-08-02,5,921.23,0.15,3915.23
OL-00944,ORD-10388,CUST-0128,PROD-017,2024-08-02,5,242.78,0,1213.9
OL-00945,ORD-10389,CUST-0128,PROD-010,2024-09-13,5,121.48,0,607.4
OL-00946,ORD-10389,CUST-0128,PROD-013,2024-09-13,3,134.4,0,403.2
OL-00947,ORD-10389,CUST-0128,PROD-028,2024-09-13,1,65.64,0.05,62.36
OL-00948,ORD-10390,CUST-0128,PROD-016,2025-11-20,4,189.62,0,758.48
OL-00949,ORD-10390,CUST-0128,PROD-025,2025-11-20,3,25.5,0,76.5
OL-00950,ORD-10390,CUST-0128,PROD-028,2025-11-20,5,65.64,0,328.2
OL-00951,ORD-10391,CUST-0128,PROD-021,2024-10-27,2,38.34,0.05,72.85
OL-00952,ORD-10391,CUST-0128,PROD-009,2024-10-27,5,89.78,0,448.9
OL-00953,ORD-10391,CUST-0128,PROD-013,2024-10-27,3,134.4,0,403.2
OL-00954,ORD-10391,CUST-0128,PROD-017,2024-10-27,1,242.78,0,242.78
OL-00955,ORD-10392,CUST-0128,PROD-035,2025-05-17,1,75.75,0,75.75
OL-00956,ORD-10392,CUST-0128,PROD-012,2025-05-17,5,109.67,0.05,520.93
OL-00957,ORD-10392,CUST-0128,PROD-025,2025-05-17,3,25.5,0.1,68.85
OL-00958,ORD-10392,CUST-0128,PROD-028,2025-05-17,3,65.64,0.05,187.07
OL-00959,ORD-10393,CUST-0129,PROD-030,2025-09-25,1,33.74,0.2,26.99
OL-00960,ORD-10393,CUST-0129,PROD-027,2025-09-25,4,52.67,0,210.68
OL-00961,ORD-10393,CUST-0129,PROD-002,2025-09-25,2,505.32,0.1,909.58
OL-00962,ORD-10393,CUST-0129,PROD-036,2025-09-25,3,97.89,0.2,234.94
OL-00963,ORD-10394,CUST-0130,PROD-009,2024-04-13,3,89.78,0,269.34
OL-00964,ORD-10394,CUST-0130,PROD-035,2024-04-13,4,75.75,0,303
OL-00965,ORD-10394,CUST-0130,PROD-037,2024-04-13,4,23.39,0.15,79.53
OL-00966,ORD-10395,CUST-0130,PROD-034,2024-05-01,1,79.8,0,79.8
OL-00967,ORD-10395,CUST-0130,PROD-030,2024-05-01,1,33.74,0,33.74
OL-00968,ORD-10395,CUST-0130,PROD-004,2024-05-01,5,921.23,0,4606.15
OL-00969,ORD-10395,CUST-0130,PROD-006,2024-05-01,3,689.21,0.1,1860.87
OL-00970,ORD-10396,CUST-0130,PROD-004,2024-12-30,1,921.23,0.15,783.05
OL-00971,ORD-10396,CUST-0130,PROD-008,2024-12-30,2,342.59,0.1,616.66
OL-00972,ORD-10396,CUST-0130,PROD-033,2024-12-30,2,70.03,0.1,126.05
OL-00973,ORD-10397,CUST-0130,PROD-009,2025-05-12,3,89.78,0.15,228.94
OL-00974,ORD-10397,CUST-0130,PROD-015,2025-05-12,1,295.3,0.2,236.24
OL-00975,ORD-10397,CUST-0130,PROD-010,2025-05-12,4,121.48,0.1,437.33
OL-00976,ORD-10397,CUST-0130,PROD-020,2025-05-12,2,37.73,0,75.46
OL-00977,ORD-10398,CUST-0130,PROD-010,2024-06-01,5,121.48,0,607.4
OL-00978,ORD-10399,CUST-0131,PROD-016,2025-12-09,2,189.62,0,379.24
OL-00979,ORD-10400,CUST-0132,PROD-026,2024-08-16,4,54.35,0.05,206.53
OL-00980,ORD-10400,CUST-0132,PROD-004,2024-08-16,2,921.23,0.2,1473.97
OL-00981,ORD-10400,CUST-0132,PROD-008,2024-08-16,2,342.59,0.2,548.14
OL-00982,ORD-10400,CUST-0132,PROD-020,2024-08-16,5,37.73,0,188.65
OL-00983,ORD-10401,CUST-0132,PROD-008,2025-10-25,2,342.59,0,685.18
OL-00984,ORD-10401,CUST-0132,PROD-028,2025-10-25,2,65.64,0,131.28
OL-00985,ORD-10401,CUST-0132,PROD-010,2025-10-25,5,121.48,0.15,516.29
OL-00986,ORD-10401,CUST-0132,PROD-002,2025-10-25,5,505.32,0,2526.6
OL-00987,ORD-10402,CUST-0133,PROD-019,2025-08-20,3,21.71,0.05,61.87
OL-00988,ORD-10402,CUST-0133,PROD-007,2025-08-20,4,511.33,0.15,1738.52
OL-00989,ORD-10402,CUST-0133,PROD-032,2025-08-20,1,129.73,0.05,123.24
OL-00990,ORD-10402,CUST-0133,PROD-024,2025-08-20,4,38.87,0.2,124.38
OL-00991,ORD-10403,CUST-0134,PROD-002,2025-12-21,4,505.32,0,2021.28
OL-00992,ORD-10403,CUST-0134,PROD-019,2025-12-21,5,21.71,0.05,103.12
OL-00993,ORD-10404,CUST-0135,PROD-003,2024-08-23,2,722.82,0.05,1373.36
OL-00994,ORD-10404,CUST-0135,PROD-029,2024-08-23,4,32.8,0,131.2
OL-00995,ORD-10404,CUST-0135,PROD-023,2024-08-23,1,88.43,0,88.43
OL-00996,ORD-10405,CUST-0135,PROD-023,2025-03-09,4,88.43,0.1,318.35
OL-00997,ORD-10405,CUST-0135,PROD-034,2025-03-09,1,79.8,0,79.8
OL-00998,ORD-10406,CUST-0135,PROD-023,2025-08-08,3,88.43,0.05,252.03
OL-00999,ORD-10406,CUST-0135,PROD-037,2025-08-08,2,23.39,0,46.78
OL-01000,ORD-10407,CUST-0135,PROD-026,2025-10-13,4,54.35,0.05,206.53
OL-01001,ORD-10407,CUST-0135,PROD-005,2025-10-13,5,843.32,0.15,3584.11
OL-01002,ORD-10407,CUST-0135,PROD-031,2025-10-13,2,164.42,0.1,295.96
OL-01003,ORD-10408,CUST-0135,PROD-009,2025-09-04,5,89.78,0.1,404.01
OL-01004,ORD-10408,CUST-0135,PROD-021,2025-09-04,4,38.34,0,153.36
OL-01005,ORD-10408,CUST-0135,PROD-023,2025-09-04,1,88.43,0,88.43
OL-01006,ORD-10409,CUST-0135,PROD-015,2025-11-17,1,295.3,0.05,280.54
OL-01007,ORD-10409,CUST-0135,PROD-007,2025-11-17,4,511.33,0,2045.32
OL-01008,ORD-10410,CUST-0135,PROD-016,2025-10-01,2,189.62,0.15,322.35
OL-01009,ORD-10410,CUST-0135,PROD-007,2025-10-01,4,511.33,0.2,1636.26
OL-01010,ORD-10411,CUST-0135,PROD-004,2025-04-10,5,921.23,0,4606.15
OL-01011,ORD-10412,CUST-0135,PROD-005,2024-11-04,4,843.32,0.2,2698.62
OL-01012,ORD-10413,CUST-0135,PROD-012,2025-03-17,3,109.67,0,329.01
OL-01013,ORD-10414,CUST-0135,PROD-025,2025-08-30,2,25.5,0,51
OL-01014,ORD-10414,CUST-0135,PROD-009,2025-08-30,3,89.78,0.05,255.87
OL-01015,ORD-10414,CUST-0135,PROD-037,2025-08-30,4,23.39,0.15,79.53
OL-01016,ORD-10414,CUST-0135,PROD-036,2025-08-30,3,97.89,0,293.67
OL-01017,ORD-10415,CUST-0135,PROD-028,2024-12-19,2,65.64,0,131.28
OL-01018,ORD-10415,CUST-0135,PROD-034,2024-12-19,5,79.8,0,399
OL-01019,ORD-10416,CUST-0135,PROD-014,2025-07-26,1,487.6,0.2,390.08
OL-01020,ORD-10417,CUST-0135,PROD-024,2024-11-17,4,38.87,0.1,139.93
OL-01021,ORD-10418,CUST-0135,PROD-022,2025-06-13,2,27.82,0.15,47.29
OL-01022,ORD-10419,CUST-0135,PROD-013,2025-09-15,5,134.4,0,672
OL-01023,ORD-10419,CUST-0135,PROD-014,2025-09-15,3,487.6,0.1,1316.52
OL-01024,ORD-10419,CUST-0135,PROD-037,2025-09-15,5,23.39,0.2,93.56
OL-01025,ORD-10419,CUST-0135,PROD-031,2025-09-15,2,164.42,0.2,263.07
OL-01026,ORD-10420,CUST-0135,PROD-028,2024-10-11,1,65.64,0,65.64
OL-01027,ORD-10420,CUST-0135,PROD-025,2024-10-11,5,25.5,0,127.5
OL-01028,ORD-10420,CUST-0135,PROD-005,2024-10-11,1,843.32,0,843.32
OL-01029,ORD-10420,CUST-0135,PROD-037,2024-10-11,4,23.39,0,93.56
OL-01030,ORD-10421,CUST-0135,PROD-002,2024-10-03,3,505.32,0.05,1440.16
OL-01031,ORD-10421,CUST-0135,PROD-015,2024-10-03,3,295.3,0,885.9
OL-01032,ORD-10421,CUST-0135,PROD-019,2024-10-03,2,21.71,0,43.42
OL-01033,ORD-10422,CUST-0135,PROD-034,2024-10-15,3,79.8,0.05,227.43
OL-01034,ORD-10422,CUST-0135,PROD-033,2024-10-15,5,70.03,0,350.15
OL-01035,ORD-10423,CUST-0135,PROD-031,2025-06-13,3,164.42,0.15,419.27
OL-01036,ORD-10424,CUST-0135,PROD-022,2024-09-22,4,27.82,0,111.28
OL-01037,ORD-10425,CUST-0135,PROD-004,2024-12-18,5,921.23,0.2,3684.92
OL-01038,ORD-10425,CUST-0135,PROD-009,2024-12-18,3,89.78,0.2,215.47
OL-01039,ORD-10425,CUST-0135,PROD-014,2024-12-18,1,487.6,0,487.6
OL-01040,ORD-10426,CUST-0136,PROD-037,2025-12-08,5,23.39,0.15,99.41
OL-01041,ORD-10427,CUST-0137,PROD-023,2025-10-14,1,88.43,0.05,84.01
OL-01042,ORD-10428,CUST-0138,PROD-036,2024-12-17,4,97.89,0,391.56
OL-01043,ORD-10429,CUST-0138,PROD-007,2025-05-19,1,511.33,0.05,485.76
OL-01044,ORD-10430,CUST-0138,PROD-023,2025-09-17,4,88.43,0,353.72
OL-01045,ORD-10430,CUST-0138,PROD-028,2025-09-17,2,65.64,0,131.28
OL-01046,ORD-10431,CUST-0139,PROD-013,2025-07-04,5,134.4,0.1,604.8
OL-01047,ORD-10432,CUST-0140,PROD-036,2025-12-16,4,97.89,0,391.56
OL-01048,ORD-10433,CUST-0141,PROD-009,2025-06-14,4,89.78,0,359.12
OL-01049,ORD-10433,CUST-0141,PROD-028,2025-06-14,5,65.64,0,328.2
OL-01050,ORD-10433,CUST-0141,PROD-036,2025-06-14,3,97.89,0,293.67
OL-01051,ORD-10433,CUST-0141,PROD-008,2025-06-14,3,342.59,0.05,976.38
OL-01052,ORD-10434,CUST-0142,PROD-015,2024-09-19,5,295.3,0,1476.5
OL-01053,ORD-10434,CUST-0142,PROD-006,2024-09-19,2,689.21,0.05,1309.5
OL-01054,ORD-10435,CUST-0142,PROD-001,2025-10-21,2,1226.38,0.2,1962.21
OL-01055,ORD-10436,CUST-0143,PROD-004,2024-03-20,2,921.23,0.05,1750.34
OL-01056,ORD-10437,CUST-0143,PROD-003,2024-07-05,5,722.82,0.15,3071.99
OL-01057,ORD-10437,CUST-0143,PROD-021,2024-07-05,2,38.34,0,76.68
OL-01058,ORD-10437,CUST-0143,PROD-023,2024-07-05,2,88.43,0.1,159.17
OL-01059,ORD-10438,CUST-0143,PROD-008,2024-10-24,2,342.59,0.05,650.92
OL-01060,ORD-10438,CUST-0143,PROD-005,2024-10-24,3,843.32,0.2,2023.97
OL-01061,ORD-10438,CUST-0143,PROD-017,2024-10-24,2,242.78,0.05,461.28
OL-01062,ORD-10438,CUST-0143,PROD-035,2024-10-24,3,75.75,0,227.25
OL-01063,ORD-10439,CUST-0143,PROD-016,2025-05-08,3,189.62,0.15,483.53
OL-01064,ORD-10439,CUST-0143,PROD-034,2025-05-08,5,79.8,0.1,359.1
OL-01065,ORD-10439,CUST-0143,PROD-018,2025-05-08,1,9.52,0,9.52
OL-01066,ORD-10440,CUST-0143,PROD-032,2024-09-28,2,129.73,0.2,207.57
OL-01067,ORD-10440,CUST-0143,PROD-018,2024-09-28,5,9.52,0,47.6
OL-01068,ORD-10440,CUST-0143,PROD-006,2024-09-28,3,689.21,0.15,1757.49
OL-01069,ORD-10440,CUST-0143,PROD-014,2024-09-28,5,487.6,0,2438
OL-01070,ORD-10441,CUST-0144,PROD-010,2024-11-15,4,121.48,0.15,413.03
OL-01071,ORD-10441,CUST-0144,PROD-003,2024-11-15,4,722.82,0,2891.28
OL-01072,ORD-10441,CUST-0144,PROD-016,2024-11-15,1,189.62,0.05,180.14
OL-01073,ORD-10442,CUST-0145,PROD-018,2025-09-15,1,9.52,0,9.52
OL-01074,ORD-10442,CUST-0145,PROD-025,2025-09-15,3,25.5,0.2,61.2
OL-01075,ORD-10442,CUST-0145,PROD-020,2025-09-15,5,37.73,0.05,179.22
OL-01076,ORD-10443,CUST-0146,PROD-025,2025-03-31,2,25.5,0.05,48.45
OL-01077,ORD-10443,CUST-0146,PROD-029,2025-03-31,2,32.8,0.15,55.76
OL-01078,ORD-10443,CUST-0146,PROD-003,2025-03-31,4,722.82,0.1,2602.15
OL-01079,ORD-10443,CUST-0146,PROD-015,2025-03-31,1,295.3,0.15,251
OL-01080,ORD-10444,CUST-0147,PROD-035,2024-03-22,3,75.75,0,227.25
OL-01081,ORD-10445,CUST-0147,PROD-017,2025-07-15,3,242.78,0.15,619.09
OL-01082,ORD-10445,CUST-0147,PROD-014,2025-07-15,5,487.6,0.05,2316.1
OL-01083,ORD-10445,CUST-0147,PROD-002,2025-07-15,4,505.32,0.2,1617.02
OL-01084,ORD-10446,CUST-0147,PROD-007,2025-04-14,5,511.33,0.05,2428.82
OL-01085,ORD-10447,CUST-0147,PROD-035,2025-04-10,5,75.75,0.15,321.94
OL-01086,ORD-10447,CUST-0147,PROD-030,2025-04-10,5,33.74,0.2,134.96
OL-01087,ORD-10447,CUST-0147,PROD-028,2025-04-10,5,65.64,0,328.2
OL-01088,ORD-10448,CUST-0147,PROD-030,2024-06-28,3,33.74,0.2,80.98
OL-01089,ORD-10448,CUST-0147,PROD-016,2024-06-28,3,189.62,0,568.86
OL-01090,ORD-10448,CUST-0147,PROD-009,2024-06-28,2,89.78,0.2,143.65
OL-01091,ORD-10448,CUST-0147,PROD-001,2024-06-28,5,1226.38,0,6131.9
OL-01092,ORD-10449,CUST-0147,PROD-003,2024-09-25,5,722.82,0,3614.1
OL-01093,ORD-10449,CUST-0147,PROD-018,2024-09-25,1,9.52,0,9.52
OL-01094,ORD-10449,CUST-0147,PROD-024,2024-09-25,5,38.87,0.15,165.2
OL-01095,ORD-10449,CUST-0147,PROD-017,2024-09-25,3,242.78,0.2,582.67
OL-01096,ORD-10450,CUST-0147,PROD-029,2024-08-19,1,32.8,0.05,31.16
OL-01097,ORD-10450,CUST-0147,PROD-030,2024-08-19,1,33.74,0.05,32.05
OL-01098,ORD-10451,CUST-0148,PROD-031,2024-09-30,4,164.42,0,657.68
OL-01099,ORD-10451,CUST-0148,PROD-036,2024-09-30,5,97.89,0,489.45
OL-01100,ORD-10451,CUST-0148,PROD-014,2024-09-30,3,487.6,0.1,1316.52
OL-01101,ORD-10452,CUST-0148,PROD-005,2025-07-24,3,843.32,0.2,2023.97
OL-01102,ORD-10452,CUST-0148,PROD-029,2025-07-24,3,32.8,0,98.4
OL-01103,ORD-10452,CUST-0148,PROD-012,2025-07-24,4,109.67,0,438.68
OL-01104,ORD-10453,CUST-0148,PROD-010,2025-02-08,2,121.48,0,242.96
OL-01105,ORD-10453,CUST-0148,PROD-004,2025-02-08,1,921.23,0,921.23
OL-01106,ORD-10454,CUST-0148,PROD-021,2025-09-30,1,38.34,0.15,32.59
OL-01107,ORD-10454,CUST-0148,PROD-003,2025-09-30,3,722.82,0,2168.46
OL-01108,ORD-10454,CUST-0148,PROD-036,2025-09-30,1,97.89,0.15,83.21
OL-01109,ORD-10454,CUST-0148,PROD-015,2025-09-30,3,295.3,0.1,797.31
OL-01110,ORD-10455,CUST-0148,PROD-016,2025-10-17,3,189.62,0,568.86
OL-01111,ORD-10456,CUST-0149,PROD-008,2024-06-14,2,342.59,0,685.18
OL-01112,ORD-10456,CUST-0149,PROD-033,2024-06-14,5,70.03,0,350.15
OL-01113,ORD-10456,CUST-0149,PROD-005,2024-06-14,4,843.32,0,3373.28
OL-01114,ORD-10456,CUST-0149,PROD-016,2024-06-14,4,189.62,0,758.48
OL-01115,ORD-10457,CUST-0150,PROD-021,2024-02-12,5,38.34,0.2,153.36
OL-01116,ORD-10458,CUST-0150,PROD-027,2024-08-30,3,52.67,0.1,142.21
OL-01117,ORD-10458,CUST-0150,PROD-024,2024-08-30,1,38.87,0,38.87
OL-01118,ORD-10458,CUST-0150,PROD-031,2024-08-30,3,164.42,0,493.26
OL-01119,ORD-10459,CUST-0151,PROD-002,2025-04-28,5,505.32,0,2526.6
OL-01120,ORD-10459,CUST-0151,PROD-007,2025-04-28,3,511.33,0.1,1380.59
OL-01121,ORD-10460,CUST-0152,PROD-014,2025-11-21,2,487.6,0.05,926.44
OL-01122,ORD-10460,CUST-0152,PROD-025,2025-11-21,1,25.5,0,25.5
OL-01123,ORD-10460,CUST-0152,PROD-003,2025-11-21,2,722.82,0.1,1301.08
OL-01124,ORD-10461,CUST-0153,PROD-035,2025-12-01,5,75.75,0.05,359.81
OL-01125,ORD-10461,CUST-0153,PROD-008,2025-12-01,5,342.59,0.1,1541.65
OL-01126,ORD-10461,CUST-0153,PROD-034,2025-12-01,4,79.8,0,319.2
OL-01127,ORD-10461,CUST-0153,PROD-004,2025-12-01,3,921.23,0,2763.69
OL-01128,ORD-10462,CUST-0154,PROD-016,2024-08-11,2,189.62,0.05,360.28
OL-01129,ORD-10462,CUST-0154,PROD-022,2024-08-11,3,27.82,0.15,70.94
OL-01130,ORD-10462,CUST-0154,PROD-024,2024-08-11,1,38.87,0.15,33.04
OL-01131,ORD-10463,CUST-0154,PROD-027,2024-12-27,5,52.67,0.1,237.02
OL-01132,ORD-10463,CUST-0154,PROD-024,2024-12-27,1,38.87,0,38.87
OL-01133,ORD-10463,CUST-0154,PROD-006,2024-12-27,4,689.21,0.1,2481.16
OL-01134,ORD-10463,CUST-0154,PROD-023,2024-12-27,2,88.43,0.05,168.02
OL-01135,ORD-10464,CUST-0154,PROD-015,2025-10-02,2,295.3,0.2,472.48
OL-01136,ORD-10464,CUST-0154,PROD-037,2025-10-02,4,23.39,0.15,79.53
OL-01137,ORD-10464,CUST-0154,PROD-009,2025-10-02,5,89.78,0.15,381.56
OL-01138,ORD-10464,CUST-0154,PROD-035,2025-10-02,2,75.75,0.1,136.35
OL-01139,ORD-10465,CUST-0154,PROD-022,2025-01-06,1,27.82,0.05,26.43
OL-01140,ORD-10465,CUST-0154,PROD-021,2025-01-06,4,38.34,0.1,138.02
OL-01141,ORD-10465,CUST-0154,PROD-008,2025-01-06,2,342.59,0.1,616.66
OL-01142,ORD-10466,CUST-0154,PROD-012,2025-05-06,1,109.67,0,109.67
OL-01143,ORD-10466,CUST-0154,PROD-030,2025-05-06,1,33.74,0.05,32.05
OL-01144,ORD-10467,CUST-0155,PROD-007,2025-04-11,1,511.33,0.15,434.63
OL-01145,ORD-10467,CUST-0155,PROD-009,2025-04-11,2,89.78,0,179.56
OL-01146,ORD-10467,CUST-0155,PROD-003,2025-04-11,2,722.82,0.1,1301.08
OL-01147,ORD-10467,CUST-0155,PROD-028,2025-04-11,5,65.64,0.05,311.79
OL-01148,ORD-10468,CUST-0156,PROD-009,2024-11-02,2,89.78,0.15,152.63
OL-01149,ORD-10468,CUST-0156,PROD-026,2024-11-02,3,54.35,0,163.05
OL-01150,ORD-10468,CUST-0156,PROD-036,2024-11-02,3,97.89,0.2,234.94
OL-01151,ORD-10469,CUST-0157,PROD-003,2024-03-03,1,722.82,0.15,614.4
OL-01152,ORD-10470,CUST-0157,PROD-029,2025-07-02,3,32.8,0.2,78.72
OL-01153,ORD-10470,CUST-0157,PROD-027,2025-07-02,4,52.67,0.15,179.08
OL-01154,ORD-10470,CUST-0157,PROD-028,2025-07-02,2,65.64,0.15,111.59
OL-01155,ORD-10471,CUST-0157,PROD-010,2024-06-19,1,121.48,0.1,109.33
OL-01156,ORD-10472,CUST-0157,PROD-030,2025-01-15,4,33.74,0,134.96
OL-01157,ORD-10472,CUST-0157,PROD-025,2025-01-15,5,25.5,0.15,108.38
OL-01158,ORD-10472,CUST-0157,PROD-021,2025-01-15,5,38.34,0,191.7
OL-01159,ORD-10473,CUST-0157,PROD-015,2025-07-14,3,295.3,0.05,841.61
OL-01160,ORD-10474,CUST-0157,PROD-037,2024-09-08,5,23.39,0.1,105.26
OL-01161,ORD-10475,CUST-0157,PROD-019,2025-01-08,2,21.71,0,43.42
OL-01162,ORD-10475,CUST-0157,PROD-021,2025-01-08,2,38.34,0.05,72.85
OL-01163,ORD-10475,CUST-0157,PROD-025,2025-01-08,5,25.5,0,127.5
OL-01164,ORD-10475,CUST-0157,PROD-012,2025-01-08,5,109.67,0.1,493.52
OL-01165,ORD-10476,CUST-0157,PROD-023,2024-08-25,3,88.43,0,265.29
OL-01166,ORD-10477,CUST-0158,PROD-018,2024-08-30,2,9.52,0,19.04
OL-01167,ORD-10477,CUST-0158,PROD-032,2024-08-30,3,129.73,0,389.19
OL-01168,ORD-10477,CUST-0158,PROD-029,2024-08-30,5,32.8,0.2,131.2
OL-01169,ORD-10478,CUST-0158,PROD-018,2024-11-07,1,9.52,0,9.52
OL-01170,ORD-10478,CUST-0158,PROD-010,2024-11-07,5,121.48,0.2,485.92
OL-01171,ORD-10479,CUST-0158,PROD-002,2025-06-01,5,505.32,0.1,2273.94
OL-01172,ORD-10479,CUST-0158,PROD-003,2025-06-01,2,722.82,0,1445.64
OL-01173,ORD-10480,CUST-0158,PROD-024,2025-05-22,2,38.87,0,77.74
OL-01174,ORD-10481,CUST-0159,PROD-029,2024-08-28,3,32.8,0,98.4
OL-01175,ORD-10481,CUST-0159,PROD-034,2024-08-28,1,79.8,0.05,75.81
OL-01176,ORD-10481,CUST-0159,PROD-009,2024-08-28,4,89.78,0.05,341.16
OL-01177,ORD-10481,CUST-0159,PROD-030,2024-08-28,3,33.74,0,101.22
OL-01178,ORD-10482,CUST-0159,PROD-018,2025-11-28,3,9.52,0.2,22.85
OL-01179,ORD-10482,CUST-0159,PROD-008,2025-11-28,1,342.59,0.15,291.2
OL-01180,ORD-10483,CUST-0160,PROD-005,2024-08-24,2,843.32,0.1,1517.98
OL-01181,ORD-10483,CUST-0160,PROD-021,2024-08-24,3,38.34,0,115.02
OL-01182,ORD-10484,CUST-0160,PROD-021,2025-04-28,1,38.34,0.05,36.42
OL-01183,ORD-10485,CUST-0160,PROD-013,2024-10-29,1,134.4,0,134.4
OL-01184,ORD-10485,CUST-0160,PROD-036,2024-10-29,2,97.89,0.1,176.2
OL-01185,ORD-10485,CUST-0160,PROD-003,2024-10-29,4,722.82,0.2,2313.02
OL-01186,ORD-10486,CUST-0161,PROD-017,2025-05-11,2,242.78,0.05,461.28
OL-01187,ORD-10486,CUST-0161,PROD-031,2025-05-11,2,164.42,0.15,279.51
OL-01188,ORD-10487,CUST-0162,PROD-013,2024-07-02,5,134.4,0.2,537.6
OL-01189,ORD-10487,CUST-0162,PROD-006,2024-07-02,2,689.21,0,1378.42
OL-01190,ORD-10488,CUST-0162,PROD-032,2025-02-24,5,129.73,0.1,583.78
OL-01191,ORD-10489,CUST-0162,PROD-003,2024-10-31,3,722.82,0.1,1951.61
OL-01192,ORD-10489,CUST-0162,PROD-027,2024-10-31,4,52.67,0.15,179.08
OL-01193,ORD-10490,CUST-0162,PROD-023,2025-05-11,5,88.43,0.15,375.83
OL-01194,ORD-10490,CUST-0162,PROD-031,2025-05-11,2,164.42,0,328.84
OL-01195,ORD-10491,CUST-0162,PROD-019,2025-09-20,4,21.71,0.2,69.47
OL-01196,ORD-10491,CUST-0162,PROD-032,2025-09-20,4,129.73,0.1,467.03
OL-01197,ORD-10492,CUST-0162,PROD-019,2025-01-15,3,21.71,0.05,61.87
OL-01198,ORD-10492,CUST-0162,PROD-007,2025-01-15,4,511.33,0,2045.32
OL-01199,ORD-10492,CUST-0162,PROD-015,2025-01-15,2,295.3,0.15,502.01
OL-01200,ORD-10492,CUST-0162,PROD-008,2025-01-15,4,342.59,0,1370.36
OL-01201,ORD-10493,CUST-0162,PROD-021,2024-10-15,2,38.34,0.2,61.34
OL-01202,ORD-10493,CUST-0162,PROD-008,2024-10-15,4,342.59,0.2,1096.29
OL-01203,ORD-10493,CUST-0162,PROD-023,2024-10-15,4,88.43,0.1,318.35
OL-01204,ORD-10493,CUST-0162,PROD-026,2024-10-15,4,54.35,0.15,184.79
OL-01205,ORD-10494,CUST-0162,PROD-019,2024-11-14,3,21.71,0.1,58.62
OL-01206,ORD-10495,CUST-0163,PROD-004,2025-02-28,3,921.23,0.05,2625.51
OL-01207,ORD-10495,CUST-0163,PROD-036,2025-02-28,4,97.89,0.2,313.25
OL-01208,ORD-10495,CUST-0163,PROD-021,2025-02-28,4,38.34,0.05,145.69
OL-01209,ORD-10495,CUST-0163,PROD-017,2025-02-28,4,242.78,0,971.12
OL-01210,ORD-10496,CUST-0164,PROD-032,2024-12-01,1,129.73,0,129.73
OL-01211,ORD-10496,CUST-0164,PROD-015,2024-12-01,4,295.3,0.05,1122.14
OL-01212,ORD-10496,CUST-0164,PROD-022,2024-12-01,2,27.82,0.1,50.08
OL-01213,ORD-10497,CUST-0165,PROD-008,2024-01-12,2,342.59,0.1,616.66
OL-01214,ORD-10497,CUST-0165,PROD-022,2024-01-12,5,27.82,0,139.1
OL-01215,ORD-10498,CUST-0166,PROD-025,2025-03-07,1,25.5,0.2,20.4
OL-01216,ORD-10499,CUST-0167,PROD-036,2024-08-18,5,97.89,0,489.45
OL-01217,ORD-10499,CUST-0167,PROD-005,2024-08-18,3,843.32,0.1,2276.96
OL-01218,ORD-10499,CUST-0167,PROD-004,2024-08-18,2,921.23,0,1842.46
OL-01219,ORD-10500,CUST-0167,PROD-015,2025-11-05,3,295.3,0.05,841.61
OL-01220,ORD-10500,CUST-0167,PROD-019,2025-11-05,2,21.71,0.1,39.08
OL-01221,ORD-10500,CUST-0167,PROD-011,2025-11-05,2,103.76,0,207.52
OL-01222,ORD-10500,CUST-0167,PROD-024,2025-11-05,1,38.87,0.2,31.1
OL-01223,ORD-10501,CUST-0167,PROD-033,2024-09-12,4,70.03,0.2,224.1
OL-01224,ORD-10502,CUST-0168,PROD-011,2025-12-17,3,103.76,0,311.28
OL-01225,ORD-10503,CUST-0169,PROD-016,2025-12-29,3,189.62,0.15,483.53
OL-01226,ORD-10503,CUST-0169,PROD-003,2025-12-29,1,722.82,0.2,578.26
OL-01227,ORD-10504,CUST-0170,PROD-026,2024-05-26,1,54.35,0,54.35
OL-01228,ORD-10504,CUST-0170,PROD-009,2024-05-26,5,89.78,0.15,381.56
OL-01229,ORD-10504,CUST-0170,PROD-018,2024-05-26,4,9.52,0,38.08
OL-01230,ORD-10504,CUST-0170,PROD-006,2024-05-26,1,689.21,0.15,585.83
OL-01231,ORD-10505,CUST-0170,PROD-007,2025-08-09,2,511.33,0.2,818.13
OL-01232,ORD-10505,CUST-0170,PROD-026,2025-08-09,5,54.35,0.2,217.4
OL-01233,ORD-10506,CUST-0170,PROD-028,2024-11-16,3,65.64,0,196.92
OL-01234,ORD-10506,CUST-0170,PROD-033,2024-11-16,4,70.03,0,280.12
OL-01235,ORD-10506,CUST-0170,PROD-002,2024-11-16,1,505.32,0,505.32
OL-01236,ORD-10507,CUST-0170,PROD-025,2025-05-11,2,25.5,0.05,48.45
OL-01237,ORD-10507,CUST-0170,PROD-019,2025-05-11,5,21.71,0,108.55
OL-01238,ORD-10507,CUST-0170,PROD-028,2025-05-11,4,65.64,0,262.56
OL-01239,ORD-10507,CUST-0170,PROD-006,2025-05-11,5,689.21,0.1,3101.45
OL-01240,ORD-10508,CUST-0170,PROD-002,2024-10-13,5,505.32,0.15,2147.61
OL-01241,ORD-10508,CUST-0170,PROD-032,2024-10-13,1,129.73,0.05,123.24
OL-01242,ORD-10508,CUST-0170,PROD-026,2024-10-13,2,54.35,0.1,97.83
OL-01243,ORD-10508,CUST-0170,PROD-024,2024-10-13,1,38.87,0.05,36.93
OL-01244,ORD-10509,CUST-0170,PROD-029,2025-07-09,4,32.8,0.1,118.08
OL-01245,ORD-10509,CUST-0170,PROD-024,2025-07-09,1,38.87,0.15,33.04
OL-01246,ORD-10510,CUST-0170,PROD-010,2024-11-16,5,121.48,0,607.4
OL-01247,ORD-10510,CUST-0170,PROD-006,2024-11-16,2,689.21,0.2,1102.74
OL-01248,ORD-10510,CUST-0170,PROD-007,2024-11-16,4,511.33,0.1,1840.79
OL-01249,ORD-10511,CUST-0171,PROD-010,2024-06-22,4,121.48,0.1,437.33
OL-01250,ORD-10512,CUST-0171,PROD-034,2025-09-09,4,79.8,0,319.2
OL-01251,ORD-10512,CUST-0171,PROD-037,2025-09-09,4,23.39,0,93.56
OL-01252,ORD-10512,CUST-0171,PROD-015,2025-09-09,3,295.3,0.2,708.72
OL-01253,ORD-10512,CUST-0171,PROD-004,2025-09-09,2,921.23,0,1842.46
OL-01254,ORD-10513,CUST-0171,PROD-001,2024-12-18,4,1226.38,0.1,4414.97
OL-01255,ORD-10513,CUST-0171,PROD-018,2024-12-18,4,9.52,0,38.08
OL-01256,ORD-10513,CUST-0171,PROD-014,2024-12-18,2,487.6,0,975.2
OL-01257,ORD-10513,CUST-0171,PROD-036,2024-12-18,4,97.89,0.15,332.83
OL-01258,ORD-10514,CUST-0171,PROD-007,2025-03-11,4,511.33,0.15,1738.52
OL-01259,ORD-10515,CUST-0171,PROD-009,2024-08-15,1,89.78,0,89.78
OL-01260,ORD-10515,CUST-0171,PROD-001,2024-08-15,2,1226.38,0.05,2330.12
OL-01261,ORD-10515,CUST-0171,PROD-011,2024-08-15,1,103.76,0,103.76
OL-01262,ORD-10515,CUST-0171,PROD-034,2024-08-15,4,79.8,0.05,303.24
OL-01263,ORD-10516,CUST-0171,PROD-009,2024-10-02,1,89.78,0,89.78
OL-01264,ORD-10516,CUST-0171,PROD-036,2024-10-02,1,97.89,0.05,93
OL-01265,ORD-10516,CUST-0171,PROD-027,2024-10-02,3,52.67,0.15,134.31
OL-01266,ORD-10516,CUST-0171,PROD-026,2024-10-02,3,54.35,0.1,146.75
OL-01267,ORD-10517,CUST-0171,PROD-037,2024-12-19,3,23.39,0.1,63.15
OL-01268,ORD-10517,CUST-0171,PROD-011,2024-12-19,2,103.76,0.2,166.02
OL-01269,ORD-10517,CUST-0171,PROD-010,2024-12-19,5,121.48,0.15,516.29
OL-01270,ORD-10518,CUST-0171,PROD-031,2025-01-13,3,164.42,0.15,419.27
OL-01271,ORD-10518,CUST-0171,PROD-030,2025-01-13,2,33.74,0,67.48
OL-01272,ORD-10518,CUST-0171,PROD-014,2025-01-13,5,487.6,0.15,2072.3
OL-01273,ORD-10519,CUST-0171,PROD-001,2025-09-04,2,1226.38,0.05,2330.12
OL-01274,ORD-10519,CUST-0171,PROD-021,2025-09-04,1,38.34,0,38.34
OL-01275,ORD-10519,CUST-0171,PROD-027,2025-09-04,3,52.67,0.15,134.31
OL-01276,ORD-10519,CUST-0171,PROD-012,2025-09-04,2,109.67,0,219.34
OL-01277,ORD-10520,CUST-0172,PROD-035,2025-06-23,4,75.75,0,303
OL-01278,ORD-10521,CUST-0173,PROD-030,2024-07-21,5,33.74,0,168.7
OL-01279,ORD-10522,CUST-0173,PROD-036,2024-09-08,1,97.89,0,97.89
OL-01280,ORD-10522,CUST-0173,PROD-015,2024-09-08,3,295.3,0,885.9
OL-01281,ORD-10522,CUST-0173,PROD-023,2024-09-08,4,88.43,0.1,318.35
OL-01282,ORD-10523,CUST-0173,PROD-024,2025-08-13,5,38.87,0.1,174.91
OL-01283,ORD-10523,CUST-0173,PROD-026,2025-08-13,2,54.35,0,108.7
OL-01284,ORD-10523,CUST-0173,PROD-017,2025-08-13,5,242.78,0,1213.9
OL-01285,ORD-10524,CUST-0173,PROD-018,2024-09-26,3,9.52,0.1,25.7
OL-01286,ORD-10524,CUST-0173,PROD-012,2024-09-26,1,109.67,0,109.67
OL-01287,ORD-10525,CUST-0173,PROD-022,2025-09-17,2,27.82,0,55.64
OL-01288,ORD-10525,CUST-0173,PROD-037,2025-09-17,1,23.39,0.2,18.71
OL-01289,ORD-10525,CUST-0173,PROD-018,2025-09-17,2,9.52,0,19.04
OL-01290,ORD-10525,CUST-0173,PROD-031,2025-09-17,1,164.42,0.2,131.54
OL-01291,ORD-10526,CUST-0174,PROD-010,2024-11-18,4,121.48,0.2,388.74
OL-01292,ORD-10526,CUST-0174,PROD-011,2024-11-18,1,103.76,0,103.76
OL-01293,ORD-10527,CUST-0174,PROD-009,2025-01-11,5,89.78,0.2,359.12
OL-01294,ORD-10528,CUST-0175,PROD-031,2024-01-31,1,164.42,0,164.42
OL-01295,ORD-10528,CUST-0175,PROD-021,2024-01-31,5,38.34,0.05,182.12
OL-01296,ORD-10528,CUST-0175,PROD-020,2024-01-31,4,37.73,0.2,120.74
OL-01297,ORD-10528,CUST-0175,PROD-033,2024-01-31,4,70.03,0.15,238.1
OL-01298,ORD-10529,CUST-0175,PROD-020,2024-10-15,5,37.73,0,188.65
OL-01299,ORD-10529,CUST-0175,PROD-034,2024-10-15,5,79.8,0.2,319.2
OL-01300,ORD-10529,CUST-0175,PROD-021,2024-10-15,2,38.34,0,76.68
OL-01301,ORD-10530,CUST-0175,PROD-010,2025-06-14,4,121.48,0.05,461.62
OL-01302,ORD-10530,CUST-0175,PROD-028,2025-06-14,3,65.64,0.15,167.38
OL-01303,ORD-10530,CUST-0175,PROD-036,2025-06-14,1,97.89,0.1,88.1
OL-01304,ORD-10531,CUST-0175,PROD-023,2025-05-21,4,88.43,0.2,282.98
OL-01305,ORD-10531,CUST-0175,PROD-012,2025-05-21,3,109.67,0.15,279.66
OL-01306,ORD-10531,CUST-0175,PROD-002,2025-05-21,4,505.32,0,2021.28
OL-01307,ORD-10531,CUST-0175,PROD-024,2025-05-21,5,38.87,0.1,174.91
OL-01308,ORD-10532,CUST-0175,PROD-025,2025-05-09,2,25.5,0.15,43.35
OL-01309,ORD-10532,CUST-0175,PROD-024,2025-05-09,1,38.87,0,38.87
OL-01310,ORD-10533,CUST-0175,PROD-034,2024-09-29,5,79.8,0,399
OL-01311,ORD-10533,CUST-0175,PROD-013,2024-09-29,3,134.4,0,403.2
OL-01312,ORD-10533,CUST-0175,PROD-001,2024-09-29,3,1226.38,0,3679.14
OL-01313,ORD-10534,CUST-0175,PROD-018,2024-10-30,1,9.52,0.15,8.09
OL-01314,ORD-10535,CUST-0175,PROD-026,2024-07-05,1,54.35,0.1,48.91
OL-01315,ORD-10535,CUST-0175,PROD-003,2024-07-05,1,722.82,0.2,578.26
OL-01316,ORD-10535,CUST-0175,PROD-017,2024-07-05,4,242.78,0.1,874.01
OL-01317,ORD-10535,CUST-0175,PROD-018,2024-07-05,4,9.52,0.05,36.18
OL-01318,ORD-10536,CUST-0176,PROD-035,2025-11-18,1,75.75,0.1,68.17
OL-01319,ORD-10536,CUST-0176,PROD-007,2025-11-18,2,511.33,0.15,869.26
OL-01320,ORD-10536,CUST-0176,PROD-003,2025-11-18,2,722.82,0.2,1156.51
OL-01321,ORD-10536,CUST-0176,PROD-024,2025-11-18,2,38.87,0,77.74
OL-01322,ORD-10537,CUST-0177,PROD-004,2025-01-02,4,921.23,0.15,3132.18
OL-01323,ORD-10538,CUST-0178,PROD-007,2024-07-16,2,511.33,0.15,869.26
OL-01324,ORD-10538,CUST-0178,PROD-035,2024-07-16,5,75.75,0.15,321.94
OL-01325,ORD-10538,CUST-0178,PROD-018,2024-07-16,1,9.52,0,9.52
OL-01326,ORD-10539,CUST-0178,PROD-011,2025-10-02,1,103.76,0.15,88.2
OL-01327,ORD-10539,CUST-0178,PROD-024,2025-10-02,4,38.87,0.05,147.71
OL-01328,ORD-10539,CUST-0178,PROD-034,2025-10-02,1,79.8,0,79.8
OL-01329,ORD-10540,CUST-0178,PROD-018,2024-11-06,2,9.52,0.05,18.09
OL-01330,ORD-10540,CUST-0178,PROD-006,2024-11-06,1,689.21,0,689.21
OL-01331,ORD-10541,CUST-0179,PROD-033,2025-04-04,2,70.03,0.15,119.05
OL-01332,ORD-10541,CUST-0179,PROD-027,2025-04-04,1,52.67,0,52.67
OL-01333,ORD-10542,CUST-0179,PROD-008,2025-09-06,5,342.59,0.2,1370.36
OL-01334,ORD-10542,CUST-0179,PROD-022,2025-09-06,1,27.82,0.1,25.04
OL-01335,ORD-10542,CUST-0179,PROD-030,2025-09-06,4,33.74,0,134.96
OL-01336,ORD-10543,CUST-0179,PROD-012,2025-06-17,1,109.67,0,109.67
OL-01337,ORD-10544,CUST-0179,PROD-011,2025-09-28,1,103.76,0,103.76
OL-01338,ORD-10545,CUST-0180,PROD-006,2025-02-18,2,689.21,0,1378.42
OL-01339,ORD-10545,CUST-0180,PROD-016,2025-02-18,1,189.62,0.05,180.14
OL-01340,ORD-10545,CUST-0180,PROD-020,2025-02-18,3,37.73,0,113.19
OL-01341,ORD-10545,CUST-0180,PROD-013,2025-02-18,3,134.4,0,403.2
OL-01342,ORD-10546,CUST-0181,PROD-027,2025-10-03,3,52.67,0,158.01
OL-01343,ORD-10546,CUST-0181,PROD-015,2025-10-03,2,295.3,0,590.6
OL-01344,ORD-10546,CUST-0181,PROD-013,2025-10-03,3,134.4,0.15,342.72
OL-01345,ORD-10547,CUST-0182,PROD-032,2025-04-29,3,129.73,0.1,350.27
OL-01346,ORD-10548,CUST-0183,PROD-034,2024-10-22,1,79.8,0.2,63.84
OL-01347,ORD-10548,CUST-0183,PROD-029,2024-10-22,5,32.8,0.05,155.8
OL-01348,ORD-10548,CUST-0183,PROD-011,2024-10-22,2,103.76,0.1,186.77
OL-01349,ORD-10549,CUST-0183,PROD-028,2025-08-24,3,65.64,0,196.92
OL-01350,ORD-10549,CUST-0183,PROD-023,2025-08-24,3,88.43,0.15,225.5
OL-01351,ORD-10550,CUST-0183,PROD-006,2025-07-21,3,689.21,0,2067.63
OL-01352,ORD-10550,CUST-0183,PROD-033,2025-07-21,4,70.03,0,280.12
OL-01353,ORD-10550,CUST-0183,PROD-014,2025-07-21,1,487.6,0,487.6
OL-01354,ORD-10551,CUST-0183,PROD-031,2025-07-28,4,164.42,0.1,591.91
OL-01355,ORD-10551,CUST-0183,PROD-009,2025-07-28,3,89.78,0,269.34
OL-01356,ORD-10552,CUST-0183,PROD-003,2025-08-21,1,722.82,0,722.82
OL-01357,ORD-10552,CUST-0183,PROD-021,2025-08-21,4,38.34,0.05,145.69
OL-01358,ORD-10552,CUST-0183,PROD-007,2025-08-21,3,511.33,0,1533.99
OL-01359,ORD-10552,CUST-0183,PROD-023,2025-08-21,1,88.43,0,88.43
OL-01360,ORD-10553,CUST-0184,PROD-011,2024-12-25,2,103.76,0.2,166.02
OL-01361,ORD-10553,CUST-0184,PROD-030,2024-12-25,1,33.74,0.05,32.05
OL-01362,ORD-10553,CUST-0184,PROD-035,2024-12-25,5,75.75,0.05,359.81
OL-01363,ORD-10554,CUST-0184,PROD-026,2025-11-08,3,54.35,0.1,146.75
OL-01364,ORD-10554,CUST-0184,PROD-031,2025-11-08,3,164.42,0.05,468.6
OL-01365,ORD-10554,CUST-0184,PROD-016,2025-11-08,4,189.62,0,758.48
OL-01366,ORD-10554,CUST-0184,PROD-017,2025-11-08,1,242.78,0,242.78
OL-01367,ORD-10555,CUST-0185,PROD-027,2024-04-06,4,52.67,0.2,168.54
OL-01368,ORD-10556,CUST-0185,PROD-002,2024-09-05,5,505.32,0.15,2147.61
OL-01369,ORD-10556,CUST-0185,PROD-011,2024-09-05,5,103.76,0,518.8
OL-01370,ORD-10556,CUST-0185,PROD-033,2024-09-05,5,70.03,0.2,280.12
OL-01371,ORD-10556,CUST-0185,PROD-020,2024-09-05,2,37.73,0,75.46
OL-01372,ORD-10557,CUST-0186,PROD-004,2024-05-15,2,921.23,0.2,1473.97
OL-01373,ORD-10557,CUST-0186,PROD-006,2024-05-15,3,689.21,0.05,1964.25
OL-01374,ORD-10557,CUST-0186,PROD-020,2024-05-15,4,37.73,0,150.92
OL-01375,ORD-10558,CUST-0186,PROD-010,2025-01-20,2,121.48,0,242.96
OL-01376,ORD-10559,CUST-0186,PROD-006,2024-10-31,2,689.21,0.05,1309.5
OL-01377,ORD-10559,CUST-0186,PROD-012,2024-10-31,1,109.67,0.15,93.22
OL-01378,ORD-10559,CUST-0186,PROD-016,2024-10-31,2,189.62,0,379.24
OL-01379,ORD-10560,CUST-0186,PROD-001,2025-05-15,3,1226.38,0,3679.14
OL-01380,ORD-10560,CUST-0186,PROD-031,2025-05-15,4,164.42,0.1,591.91
OL-01381,ORD-10560,CUST-0186,PROD-011,2025-05-15,4,103.76,0.15,352.78
OL-01382,ORD-10561,CUST-0186,PROD-025,2024-09-15,4,25.5,0,102
OL-01383,ORD-10561,CUST-0186,PROD-030,2024-09-15,3,33.74,0.2,80.98
OL-01384,ORD-10561,CUST-0186,PROD-016,2024-09-15,2,189.62,0.05,360.28
OL-01385,ORD-10561,CUST-0186,PROD-007,2024-09-15,3,511.33,0,1533.99
OL-01386,ORD-10562,CUST-0186,PROD-026,2025-07-23,4,54.35,0.15,184.79
OL-01387,ORD-10562,CUST-0186,PROD-035,2025-07-23,5,75.75,0,378.75
OL-01388,ORD-10562,CUST-0186,PROD-005,2025-07-23,2,843.32,0.1,1517.98
OL-01389,ORD-10562,CUST-0186,PROD-023,2025-07-23,2,88.43,0.2,141.49
OL-01390,ORD-10563,CUST-0186,PROD-024,2024-09-27,1,38.87,0.1,34.98
OL-01391,ORD-10563,CUST-0186,PROD-022,2024-09-27,5,27.82,0.2,111.28
OL-01392,ORD-10563,CUST-0186,PROD-033,2024-09-27,4,70.03,0,280.12
OL-01393,ORD-10564,CUST-0186,PROD-009,2025-04-25,2,89.78,0,179.56
OL-01394,ORD-10564,CUST-0186,PROD-032,2025-04-25,2,129.73,0,259.46
OL-01395,ORD-10565,CUST-0187,PROD-022,2025-12-12,4,27.82,0.15,94.59
OL-01396,ORD-10566,CUST-0188,PROD-019,2024-11-24,4,21.71,0.15,73.81
OL-01397,ORD-10566,CUST-0188,PROD-020,2024-11-24,4,37.73,0,150.92
OL-01398,ORD-10567,CUST-0188,PROD-012,2025-04-21,1,109.67,0.05,104.19
OL-01399,ORD-10567,CUST-0188,PROD-011,2025-04-21,1,103.76,0,103.76
OL-01400,ORD-10567,CUST-0188,PROD-026,2025-04-21,1,54.35,0.15,46.2
OL-01401,ORD-10567,CUST-0188,PROD-034,2025-04-21,4,79.8,0.2,255.36
OL-01402,ORD-10568,CUST-0189,PROD-021,2025-02-26,5,38.34,0.1,172.53
OL-01403,ORD-10568,CUST-0189,PROD-009,2025-02-26,4,89.78,0.15,305.25
OL-01404,ORD-10569,CUST-0189,PROD-032,2025-10-31,4,129.73,0.05,492.97
OL-01405,ORD-10570,CUST-0190,PROD-028,2025-01-30,5,65.64,0.2,262.56
OL-01406,ORD-10570,CUST-0190,PROD-017,2025-01-30,4,242.78,0.1,874.01
OL-01407,ORD-10570,CUST-0190,PROD-008,2025-01-30,3,342.59,0.2,822.22
OL-01408,ORD-10571,CUST-0190,PROD-035,2025-10-14,2,75.75,0.05,143.92
OL-01409,ORD-10571,CUST-0190,PROD-024,2025-10-14,5,38.87,0.2,155.48
OL-01410,ORD-10571,CUST-0190,PROD-008,2025-10-14,4,342.59,0.2,1096.29
OL-01411,ORD-10572,CUST-0191,PROD-010,2025-05-31,1,121.48,0,121.48
OL-01412,ORD-10573,CUST-0192,PROD-013,2025-06-21,4,134.4,0,537.6
OL-01413,ORD-10573,CUST-0192,PROD-033,2025-06-21,4,70.03,0,280.12
OL-01414,ORD-10573,CUST-0192,PROD-030,2025-06-21,1,33.74,0,33.74
OL-01415,ORD-10574,CUST-0193,PROD-024,2025-01-20,3,38.87,0.15,99.12
OL-01416,ORD-10574,CUST-0193,PROD-004,2025-01-20,3,921.23,0.2,2210.95
OL-01417,ORD-10574,CUST-0193,PROD-017,2025-01-20,1,242.78,0.1,218.5
OL-01418,ORD-10574,CUST-0193,PROD-028,2025-01-20,3,65.64,0,196.92
OL-01419,ORD-10575,CUST-0193,PROD-027,2025-07-04,3,52.67,0,158.01
OL-01420,ORD-10575,CUST-0193,PROD-002,2025-07-04,1,505.32,0.1,454.79
OL-01421,ORD-10575,CUST-0193,PROD-029,2025-07-04,1,32.8,0,32.8
OL-01422,ORD-10576,CUST-0194,PROD-016,2025-04-15,1,189.62,0,189.62
OL-01423,ORD-10576,CUST-0194,PROD-012,2025-04-15,2,109.67,0.15,186.44
OL-01424,ORD-10576,CUST-0194,PROD-006,2025-04-15,4,689.21,0.05,2619
OL-01425,ORD-10576,CUST-0194,PROD-035,2025-04-15,3,75.75,0,227.25
OL-01426,ORD-10577,CUST-0194,PROD-034,2025-12-20,4,79.8,0,319.2
OL-01427,ORD-10577,CUST-0194,PROD-037,2025-12-20,1,23.39,0,23.39
OL-01428,ORD-10578,CUST-0194,PROD-010,2025-11-06,5,121.48,0.15,516.29
OL-01429,ORD-10579,CUST-0195,PROD-025,2025-03-18,5,25.5,0.15,108.38
OL-01430,ORD-10580,CUST-0195,PROD-020,2025-05-12,1,37.73,0,37.73
OL-01431,ORD-10580,CUST-0195,PROD-028,2025-05-12,3,65.64,0.15,167.38
OL-01432,ORD-10580,CUST-0195,PROD-026,2025-05-12,1,54.35,0.2,43.48
OL-01433,ORD-10581,CUST-0196,PROD-013,2024-11-26,5,134.4,0,672
OL-01434,ORD-10582,CUST-0196,PROD-004,2025-05-15,5,921.23,0.05,4375.84
OL-01435,ORD-10582,CUST-0196,PROD-024,2025-05-15,2,38.87,0.2,62.19
OL-01436,ORD-10583,CUST-0197,PROD-012,2025-12-31,1,109.67,0.1,98.7
OL-01437,ORD-10583,CUST-0197,PROD-018,2025-12-31,4,9.52,0,38.08
OL-01438,ORD-10583,CUST-0197,PROD-033,2025-12-31,3,70.03,0,210.09
OL-01439,ORD-10584,CUST-0198,PROD-002,2024-11-16,2,505.32,0,1010.64
OL-01440,ORD-10584,CUST-0198,PROD-027,2024-11-16,3,52.67,0.05,150.11
OL-01441,ORD-10585,CUST-0198,PROD-007,2025-10-03,3,511.33,0,1533.99
OL-01442,ORD-10585,CUST-0198,PROD-015,2025-10-03,1,295.3,0.1,265.77
OL-01443,ORD-10585,CUST-0198,PROD-002,2025-10-03,3,505.32,0.15,1288.57
OL-01444,ORD-10586,CUST-0198,PROD-027,2025-11-30,4,52.67,0.1,189.61
OL-01445,ORD-10586,CUST-0198,PROD-022,2025-11-30,1,27.82,0,27.82
OL-01446,ORD-10586,CUST-0198,PROD-035,2025-11-30,3,75.75,0,227.25
OL-01447,ORD-10586,CUST-0198,PROD-025,2025-11-30,3,25.5,0.2,61.2
OL-01448,ORD-10587,CUST-0198,PROD-030,2025-07-16,2,33.74,0.1,60.73
OL-01449,ORD-10587,CUST-0198,PROD-032,2025-07-16,2,129.73,0.15,220.54
OL-01450,ORD-10588,CUST-0198,PROD-026,2025-06-18,1,54.35,0.15,46.2
OL-01451,ORD-10588,CUST-0198,PROD-003,2025-06-18,4,722.82,0.1,2602.15
OL-01452,ORD-10588,CUST-0198,PROD-037,2025-06-18,3,23.39,0,70.17
OL-01453,ORD-10589,CUST-0198,PROD-020,2025-03-17,4,37.73,0.15,128.28
OL-01454,ORD-10589,CUST-0198,PROD-019,2025-03-17,4,21.71,0,86.84
OL-01455,ORD-10589,CUST-0198,PROD-021,2025-03-17,2,38.34,0.1,69.01
OL-01456,ORD-10590,CUST-0198,PROD-023,2025-09-26,4,88.43,0.05,336.03
OL-01457,ORD-10590,CUST-0198,PROD-037,2025-09-26,1,23.39,0.2,18.71
OL-01458,ORD-10591,CUST-0198,PROD-016,2025-04-25,4,189.62,0.1,682.63
OL-01459,ORD-10591,CUST-0198,PROD-025,2025-04-25,1,25.5,0,25.5
OL-01460,ORD-10591,CUST-0198,PROD-035,2025-04-25,4,75.75,0,303
OL-01461,ORD-10591,CUST-0198,PROD-009,2025-04-25,2,89.78,0,179.56
OL-01462,ORD-10592,CUST-0198,PROD-012,2025-09-19,5,109.67,0.05,520.93
OL-01463,ORD-10592,CUST-0198,PROD-011,2025-09-19,3,103.76,0.2,249.02
OL-01464,ORD-10592,CUST-0198,PROD-026,2025-09-19,2,54.35,0.05,103.27
OL-01465,ORD-10593,CUST-0199,PROD-021,2024-08-21,3,38.34,0.1,103.52
OL-01466,ORD-10593,CUST-0199,PROD-024,2024-08-21,5,38.87,0.1,174.91
OL-01467,ORD-10593,CUST-0199,PROD-007,2024-08-21,4,511.33,0,2045.32
OL-01468,ORD-10594,CUST-0199,PROD-032,2025-11-18,2,129.73,0.2,207.57
OL-01469,ORD-10594,CUST-0199,PROD-030,2025-11-18,2,33.74,0.05,64.11
OL-01470,ORD-10594,CUST-0199,PROD-019,2025-11-18,3,21.71,0,65.13
OL-01471,ORD-10594,CUST-0199,PROD-029,2025-11-18,5,32.8,0.2,131.2
OL-01472,ORD-10595,CUST-0199,PROD-012,2025-02-23,4,109.67,0.05,416.75
OL-01473,ORD-10595,CUST-0199,PROD-007,2025-02-23,2,511.33,0.15,869.26
OL-01474,ORD-10595,CUST-0199,PROD-025,2025-02-23,1,25.5,0.1,22.95
OL-01475,ORD-10595,CUST-0199,PROD-027,2025-02-23,2,52.67,0,105.34
OL-01476,ORD-10596,CUST-0199,PROD-037,2025-07-14,4,23.39,0,93.56
OL-01477,ORD-10597,CUST-0199,PROD-011,2025-02-18,4,103.76,0.15,352.78
OL-01478,ORD-10597,CUST-0199,PROD-037,2025-02-18,1,23.39,0,23.39
OL-01479,ORD-10598,CUST-0199,PROD-036,2024-09-16,4,97.89,0,391.56
OL-01480,ORD-10598,CUST-0199,PROD-033,2024-09-16,2,70.03,0,140.06
OL-01481,ORD-10598,CUST-0199,PROD-013,2024-09-16,4,134.4,0.15,456.96
OL-01482,ORD-10598,CUST-0199,PROD-011,2024-09-16,2,103.76,0,207.52
OL-01483,ORD-10599,CUST-0199,PROD-005,2024-11-11,5,843.32,0.05,4005.77
OL-01484,ORD-10599,CUST-0199,PROD-002,2024-11-11,4,505.32,0,2021.28
OL-01485,ORD-10599,CUST-0199,PROD-014,2024-11-11,5,487.6,0.05,2316.1
OL-01486,ORD-10600,CUST-0199,PROD-030,2025-01-06,1,33.74,0.2,26.99
OL-01487,ORD-10600,CUST-0199,PROD-033,2025-01-06,5,70.03,0.2,280.12
OL-01488,ORD-10601,CUST-0199,PROD-016,2025-02-21,1,189.62,0,189.62
OL-01489,ORD-10601,CUST-0199,PROD-030,2025-02-21,1,33.74,0.15,28.68
OL-01490,ORD-10602,CUST-0199,PROD-034,2025-08-17,4,79.8,0,319.2
OL-01491,ORD-10602,CUST-0199,PROD-031,2025-08-17,5,164.42,0,822.1
OL-01492,ORD-10602,CUST-0199,PROD-025,2025-08-17,5,25.5,0.15,108.38
OL-01493,ORD-10602,CUST-0199,PROD-005,2025-08-17,5,843.32,0.15,3584.11
OL-01494,ORD-10603,CUST-0199,PROD-031,2024-09-17,1,164.42,0,164.42
OL-01495,ORD-10603,CUST-0199,PROD-004,2024-09-17,4,921.23,0.15,3132.18
OL-01496,ORD-10603,CUST-0199,PROD-019,2024-09-17,5,21.71,0.15,92.27
OL-01497,ORD-10603,CUST-0199,PROD-026,2024-09-17,4,54.35,0.05,206.53
OL-01498,ORD-10604,CUST-0199,PROD-007,2025-10-13,2,511.33,0.2,818.13
OL-01499,ORD-10605,CUST-0199,PROD-011,2025-01-17,3,103.76,0.05,295.72
OL-01500,ORD-10606,CUST-0199,PROD-010,2025-08-07,2,121.48,0,242.96
OL-01501,ORD-10606,CUST-0199,PROD-016,2025-08-07,1,189.62,0,189.62
OL-01502,ORD-10606,CUST-0199,PROD-031,2025-08-07,1,164.42,0.05,156.2
OL-01503,ORD-10607,CUST-0199,PROD-016,2025-12-09,4,189.62,0,758.48
OL-01504,ORD-10607,CUST-0199,PROD-017,2025-12-09,4,242.78,0.15,825.45
OL-01505,ORD-10607,CUST-0199,PROD-022,2025-12-09,3,27.82,0.1,75.11
OL-01506,ORD-10607,CUST-0199,PROD-019,2025-12-09,3,21.71,0.1,58.62
OL-01507,ORD-10608,CUST-0199,PROD-010,2024-09-23,3,121.48,0,364.44
OL-01508,ORD-10608,CUST-0199,PROD-034,2024-09-23,2,79.8,0,159.6
OL-01509,ORD-10609,CUST-0199,PROD-019,2025-06-20,5,21.71,0.15,92.27
OL-01510,ORD-10609,CUST-0199,PROD-020,2025-06-20,3,37.73,0.05,107.53
OL-01511,ORD-10609,CUST-0199,PROD-011,2025-06-20,4,103.76,0.15,352.78
OL-01512,ORD-10610,CUST-0200,PROD-009,2025-10-23,5,89.78,0,448.9
OL-01513,ORD-10610,CUST-0200,PROD-010,2025-10-23,4,121.48,0,485.92
OL-01514,ORD-10611,CUST-0201,PROD-014,2025-01-23,5,487.6,0,2438
OL-01515,ORD-10612,CUST-0201,PROD-017,2025-04-23,3,242.78,0.15,619.09
OL-01516,ORD-10613,CUST-0201,PROD-031,2025-10-25,5,164.42,0.2,657.68
OL-01517,ORD-10613,CUST-0201,PROD-011,2025-10-25,5,103.76,0,518.8
OL-01518,ORD-10613,CUST-0201,PROD-023,2025-10-25,5,88.43,0,442.15
OL-01519,ORD-10613,CUST-0201,PROD-010,2025-10-25,4,121.48,0.2,388.74
OL-01520,ORD-10614,CUST-0202,PROD-034,2025-04-02,2,79.8,0.05,151.62
OL-01521,ORD-10614,CUST-0202,PROD-031,2025-04-02,4,164.42,0,657.68
OL-01522,ORD-10615,CUST-0203,PROD-022,2025-02-21,2,27.82,0,55.64
OL-01523,ORD-10616,CUST-0204,PROD-010,2024-10-04,5,121.48,0.2,485.92
OL-01524,ORD-10616,CUST-0204,PROD-018,2024-10-04,1,9.52,0.15,8.09
OL-01525,ORD-10617,CUST-0204,PROD-032,2025-01-27,1,129.73,0.2,103.78
OL-01526,ORD-10617,CUST-0204,PROD-030,2025-01-27,5,33.74,0,168.7
OL-01527,ORD-10617,CUST-0204,PROD-037,2025-01-27,2,23.39,0,46.78
OL-01528,ORD-10618,CUST-0204,PROD-026,2025-09-24,1,54.35,0,54.35
OL-01529,ORD-10619,CUST-0204,PROD-018,2025-07-05,5,9.52,0.1,42.84
OL-01530,ORD-10620,CUST-0204,PROD-004,2025-12-26,4,921.23,0.1,3316.43
OL-01531,ORD-10621,CUST-0204,PROD-016,2025-07-13,2,189.62,0.15,322.35
OL-01532,ORD-10621,CUST-0204,PROD-017,2025-07-13,2,242.78,0,485.56
OL-01533,ORD-10622,CUST-0204,PROD-012,2025-10-07,3,109.67,0,329.01
OL-01534,ORD-10622,CUST-0204,PROD-003,2025-10-07,2,722.82,0.15,1228.79
OL-01535,ORD-10622,CUST-0204,PROD-018,2025-10-07,1,9.52,0,9.52
OL-01536,ORD-10622,CUST-0204,PROD-036,2025-10-07,5,97.89,0,489.45
OL-01537,ORD-10623,CUST-0204,PROD-015,2024-11-19,5,295.3,0.2,1181.2
OL-01538,ORD-10623,CUST-0204,PROD-016,2024-11-19,5,189.62,0.05,900.69
OL-01539,ORD-10624,CUST-0204,PROD-035,2025-06-13,1,75.75,0,75.75
OL-01540,ORD-10625,CUST-0204,PROD-013,2025-11-27,4,134.4,0,537.6
OL-01541,ORD-10626,CUST-0204,PROD-031,2025-06-02,2,164.42,0,328.84
OL-01542,ORD-10627,CUST-0204,PROD-032,2025-07-23,5,129.73,0,648.65
OL-01543,ORD-10627,CUST-0204,PROD-020,2025-07-23,5,37.73,0.05,179.22
OL-01544,ORD-10628,CUST-0205,PROD-029,2025-06-21,2,32.8,0.1,59.04
OL-01545,ORD-10629,CUST-0206,PROD-001,2025-11-22,4,1226.38,0.15,4169.69
OL-01546,ORD-10629,CUST-0206,PROD-017,2025-11-22,2,242.78,0,485.56
OL-01547,ORD-10629,CUST-0206,PROD-027,2025-11-22,5,52.67,0.05,250.18
OL-01548,ORD-10629,CUST-0206,PROD-018,2025-11-22,5,9.52,0,47.6
OL-01549,ORD-10630,CUST-0207,PROD-017,2024-03-16,3,242.78,0,728.34
OL-01550,ORD-10630,CUST-0207,PROD-035,2024-03-16,5,75.75,0.1,340.88
OL-01551,ORD-10630,CUST-0207,PROD-016,2024-03-16,3,189.62,0.15,483.53
OL-01552,ORD-10631,CUST-0208,PROD-012,2025-12-18,4,109.67,0,438.68
OL-01553,ORD-10632,CUST-0209,PROD-032,2024-10-24,4,129.73,0.15,441.08
OL-01554,ORD-10632,CUST-0209,PROD-011,2024-10-24,3,103.76,0,311.28
OL-01555,ORD-10632,CUST-0209,PROD-012,2024-10-24,4,109.67,0,438.68
OL-01556,ORD-10632,CUST-0209,PROD-005,2024-10-24,5,843.32,0.2,3373.28
OL-01557,ORD-10633,CUST-0210,PROD-007,2025-09-28,2,511.33,0,1022.66
OL-01558,ORD-10633,CUST-0210,PROD-015,2025-09-28,5,295.3,0,1476.5
OL-01559,ORD-10634,CUST-0211,PROD-007,2024-11-26,2,511.33,0,1022.66
OL-01560,ORD-10634,CUST-0211,PROD-020,2024-11-26,2,37.73,0,75.46
OL-01561,ORD-10634,CUST-0211,PROD-014,2024-11-26,4,487.6,0.2,1560.32
OL-01562,ORD-10634,CUST-0211,PROD-037,2024-11-26,2,23.39,0.2,37.42
OL-01563,ORD-10635,CUST-0211,PROD-021,2025-03-01,4,38.34,0.15,130.36
OL-01564,ORD-10635,CUST-0211,PROD-034,2025-03-01,5,79.8,0.2,319.2
OL-01565,ORD-10636,CUST-0211,PROD-015,2025-07-12,3,295.3,0,885.9
OL-01566,ORD-10636,CUST-0211,PROD-017,2025-07-12,2,242.78,0,485.56
OL-01567,ORD-10636,CUST-0211,PROD-031,2025-07-12,3,164.42,0.15,419.27
OL-01568,ORD-10637,CUST-0211,PROD-029,2025-06-10,5,32.8,0.05,155.8
OL-01569,ORD-10637,CUST-0211,PROD-020,2025-06-10,4,37.73,0,150.92
OL-01570,ORD-10637,CUST-0211,PROD-028,2025-06-10,4,65.64,0,262.56
OL-01571,ORD-10638,CUST-0211,PROD-009,2025-07-08,1,89.78,0.2,71.82
OL-01572,ORD-10638,CUST-0211,PROD-030,2025-07-08,2,33.74,0,67.48
OL-01573,ORD-10638,CUST-0211,PROD-018,2025-07-08,3,9.52,0,28.56
OL-01574,ORD-10639,CUST-0212,PROD-021,2024-12-01,4,38.34,0.2,122.69
OL-01575,ORD-10640,CUST-0212,PROD-036,2025-06-29,5,97.89,0.1,440.5
OL-01576,ORD-10640,CUST-0212,PROD-013,2025-06-29,4,134.4,0.2,430.08
OL-01577,ORD-10640,CUST-0212,PROD-014,2025-06-29,3,487.6,0,1462.8
OL-01578,ORD-10641,CUST-0212,PROD-011,2025-01-23,4,103.76,0.15,352.78
OL-01579,ORD-10641,CUST-0212,PROD-021,2025-01-23,5,38.34,0.05,182.12
OL-01580,ORD-10642,CUST-0213,PROD-032,2024-05-21,1,129.73,0,129.73
OL-01581,ORD-10642,CUST-0213,PROD-016,2024-05-21,1,189.62,0.15,161.18
OL-01582,ORD-10642,CUST-0213,PROD-018,2024-05-21,3,9.52,0,28.56
OL-01583,ORD-10642,CUST-0213,PROD-025,2024-05-21,5,25.5,0,127.5
OL-01584,ORD-10643,CUST-0213,PROD-008,2025-01-15,1,342.59,0,342.59
OL-01585,ORD-10643,CUST-0213,PROD-031,2025-01-15,4,164.42,0.2,526.14
OL-01586,ORD-10643,CUST-0213,PROD-009,2025-01-15,2,89.78,0.2,143.65
OL-01587,ORD-10644,CUST-0213,PROD-037,2024-08-21,1,23.39,0.05,22.22
OL-01588,ORD-10644,CUST-0213,PROD-013,2024-08-21,2,134.4,0,268.8
OL-01589,ORD-10644,CUST-0213,PROD-036,2024-08-21,5,97.89,0.1,440.5
OL-01590,ORD-10645,CUST-0213,PROD-036,2025-06-30,1,97.89,0,97.89
OL-01591,ORD-10645,CUST-0213,PROD-034,2025-06-30,1,79.8,0.2,63.84
OL-01592,ORD-10645,CUST-0213,PROD-019,2025-06-30,3,21.71,0.2,52.1
OL-01593,ORD-10646,CUST-0213,PROD-014,2024-12-06,2,487.6,0.05,926.44
OL-01594,ORD-10646,CUST-0213,PROD-012,2024-12-06,3,109.67,0,329.01
OL-01595,ORD-10646,CUST-0213,PROD-021,2024-12-06,2,38.34,0.15,65.18
OL-01596,ORD-10646,CUST-0213,PROD-030,2024-12-06,3,33.74,0,101.22
OL-01597,ORD-10647,CUST-0213,PROD-009,2025-04-10,1,89.78,0.15,76.31
OL-01598,ORD-10648,CUST-0213,PROD-026,2025-01-01,1,54.35,0.1,48.91
OL-01599,ORD-10648,CUST-0213,PROD-032,2025-01-01,3,129.73,0,389.19
OL-01600,ORD-10648,CUST-0213,PROD-004,2025-01-01,5,921.23,0.05,4375.84
OL-01601,ORD-10648,CUST-0213,PROD-034,2025-01-01,1,79.8,0.1,71.82
OL-01602,ORD-10649,CUST-0213,PROD-035,2025-08-26,5,75.75,0,378.75
OL-01603,ORD-10649,CUST-0213,PROD-032,2025-08-26,1,129.73,0.15,110.27
OL-01604,ORD-10649,CUST-0213,PROD-019,2025-08-26,1,21.71,0.1,19.54
OL-01605,ORD-10650,CUST-0214,PROD-035,2024-06-13,2,75.75,0.2,121.2
OL-01606,ORD-10651,CUST-0214,PROD-037,2025-03-17,4,23.39,0.1,84.2
OL-01607,ORD-10652,CUST-0215,PROD-005,2024-11-24,3,843.32,0.05,2403.46
OL-01608,ORD-10652,CUST-0215,PROD-028,2024-11-24,4,65.64,0.15,223.18
OL-01609,ORD-10653,CUST-0215,PROD-005,2025-02-24,3,843.32,0.05,2403.46
OL-01610,ORD-10653,CUST-0215,PROD-012,2025-02-24,5,109.67,0.2,438.68
OL-01611,ORD-10653,CUST-0215,PROD-037,2025-02-24,4,23.39,0,93.56
OL-01612,ORD-10654,CUST-0215,PROD-001,2025-07-02,1,1226.38,0,1226.38
OL-01613,ORD-10654,CUST-0215,PROD-025,2025-07-02,3,25.5,0.05,72.67
OL-01614,ORD-10654,CUST-0215,PROD-002,2025-07-02,2,505.32,0,1010.64
OL-01615,ORD-10655,CUST-0216,PROD-035,2024-09-13,5,75.75,0,378.75
OL-01616,ORD-10655,CUST-0216,PROD-030,2024-09-13,5,33.74,0,168.7
OL-01617,ORD-10655,CUST-0216,PROD-013,2024-09-13,2,134.4,0.2,215.04
OL-01618,ORD-10656,CUST-0216,PROD-020,2024-12-12,1,37.73,0,37.73
OL-01619,ORD-10656,CUST-0216,PROD-012,2024-12-12,5,109.67,0.1,493.52
OL-01620,ORD-10657,CUST-0217,PROD-009,2025-12-22,5,89.78,0,448.9
OL-01621,ORD-10658,CUST-0218,PROD-015,2024-05-26,3,295.3,0,885.9
OL-01622,ORD-10658,CUST-0218,PROD-014,2024-05-26,4,487.6,0,1950.4
OL-01623,ORD-10658,CUST-0218,PROD-013,2024-05-26,2,134.4,0,268.8
OL-01624,ORD-10659,CUST-0218,PROD-002,2025-07-10,1,505.32,0.2,404.26
OL-01625,ORD-10659,CUST-0218,PROD-009,2025-07-10,4,89.78,0,359.12
OL-01626,ORD-10659,CUST-0218,PROD-029,2025-07-10,4,32.8,0.2,104.96
OL-01627,ORD-10660,CUST-0218,PROD-025,2025-06-25,4,25.5,0.05,96.9
OL-01628,ORD-10660,CUST-0218,PROD-004,2025-06-25,4,921.23,0,3684.92
OL-01629,ORD-10661,CUST-0218,PROD-008,2024-09-23,5,342.59,0.15,1456.01
OL-01630,ORD-10661,CUST-0218,PROD-006,2024-09-23,5,689.21,0,3446.05
OL-01631,ORD-10661,CUST-0218,PROD-012,2024-09-23,2,109.67,0.2,175.47
OL-01632,ORD-10661,CUST-0218,PROD-033,2024-09-23,2,70.03,0,140.06
OL-01633,ORD-10662,CUST-0218,PROD-023,2025-10-04,2,88.43,0,176.86
OL-01634,ORD-10662,CUST-0218,PROD-021,2025-10-04,5,38.34,0,191.7
OL-01635,ORD-10662,CUST-0218,PROD-027,2025-10-04,4,52.67,0,210.68
OL-01636,ORD-10662,CUST-0218,PROD-013,2025-10-04,5,134.4,0,672
OL-01637,ORD-10663,CUST-0218,PROD-002,2025-10-06,4,505.32,0.2,1617.02
OL-01638,ORD-10663,CUST-0218,PROD-001,2025-10-06,1,1226.38,0,1226.38
OL-01639,ORD-10663,CUST-0218,PROD-025,2025-10-06,3,25.5,0,76.5
OL-01640,ORD-10663,CUST-0218,PROD-027,2025-10-06,1,52.67,0.05,50.04
OL-01641,ORD-10664,CUST-0218,PROD-015,2025-10-07,4,295.3,0,1181.2
OL-01642,ORD-10664,CUST-0218,PROD-006,2025-10-07,3,689.21,0.15,1757.49
OL-01643,ORD-10664,CUST-0218,PROD-025,2025-10-07,3,25.5,0,76.5
OL-01644,ORD-10665,CUST-0218,PROD-012,2024-08-21,1,109.67,0,109.67
OL-01645,ORD-10665,CUST-0218,PROD-037,2024-08-21,5,23.39,0,116.95
OL-01646,ORD-10666,CUST-0218,PROD-003,2024-08-20,3,722.82,0.1,1951.61
OL-01647,ORD-10666,CUST-0218,PROD-004,2024-08-20,4,921.23,0.2,2947.94
OL-01648,ORD-10666,CUST-0218,PROD-014,2024-08-20,2,487.6,0.05,926.44
OL-01649,ORD-10666,CUST-0218,PROD-019,2024-08-20,2,21.71,0,43.42
OL-01650,ORD-10667,CUST-0218,PROD-012,2025-10-02,1,109.67,0.2,87.74
OL-01651,ORD-10667,CUST-0218,PROD-024,2025-10-02,2,38.87,0,77.74
OL-01652,ORD-10668,CUST-0219,PROD-020,2025-10-05,3,37.73,0.2,90.55
OL-01653,ORD-10668,CUST-0219,PROD-026,2025-10-05,3,54.35,0.1,146.75
OL-01654,ORD-10669,CUST-0220,PROD-022,2024-05-10,1,27.82,0.05,26.43
OL-01655,ORD-10670,CUST-0220,PROD-027,2024-06-11,5,52.67,0.05,250.18
OL-01656,ORD-10670,CUST-0220,PROD-003,2024-06-11,5,722.82,0.15,3071.99
OL-01657,ORD-10671,CUST-0220,PROD-011,2025-02-17,1,103.76,0,103.76
OL-01658,ORD-10671,CUST-0220,PROD-007,2025-02-17,2,511.33,0,1022.66
OL-01659,ORD-10672,CUST-0220,PROD-008,2024-12-25,4,342.59,0.05,1301.84
OL-01660,ORD-10673,CUST-0220,PROD-009,2024-12-23,4,89.78,0,359.12
OL-01661,ORD-10673,CUST-0220,PROD-001,2024-12-23,2,1226.38,0,2452.76
OL-01662,ORD-10673,CUST-0220,PROD-020,2024-12-23,5,37.73,0,188.65
OL-01663,ORD-10673,CUST-0220,PROD-031,2024-12-23,5,164.42,0.15,698.78
OL-01664,ORD-10674,CUST-0220,PROD-031,2025-05-26,4,164.42,0.15,559.03
OL-01665,ORD-10675,CUST-0220,PROD-009,2025-07-24,5,89.78,0,448.9
OL-01666,ORD-10675,CUST-0220,PROD-015,2025-07-24,2,295.3,0,590.6
OL-01667,ORD-10676,CUST-0220,PROD-007,2025-04-27,4,511.33,0,2045.32
OL-01668,ORD-10677,CUST-0220,PROD-016,2025-08-22,2,189.62,0,379.24
OL-01669,ORD-10678,CUST-0220,PROD-022,2024-08-27,5,27.82,0.1,125.19
OL-01670,ORD-10678,CUST-0220,PROD-030,2024-08-27,3,33.74,0.2,80.98
OL-01671,ORD-10678,CUST-0220,PROD-034,2024-08-27,2,79.8,0,159.6
OL-01672,ORD-10679,CUST-0220,PROD-010,2024-12-27,1,121.48,0.2,97.18
OL-01673,ORD-10679,CUST-0220,PROD-003,2024-12-27,2,722.82,0,1445.64
OL-01674,ORD-10679,CUST-0220,PROD-025,2024-12-27,1,25.5,0,25.5
OL-01675,ORD-10680,CUST-0220,PROD-016,2025-04-14,2,189.62,0.05,360.28
OL-01676,ORD-10681,CUST-0220,PROD-037,2024-11-06,4,23.39,0.05,88.88
OL-01677,ORD-10682,CUST-0220,PROD-013,2025-08-07,4,134.4,0,537.6
OL-01678,ORD-10682,CUST-0220,PROD-037,2025-08-07,4,23.39,0.1,84.2
OL-01679,ORD-10682,CUST-0220,PROD-026,2025-08-07,3,54.35,0.1,146.75
OL-01680,ORD-10683,CUST-0220,PROD-018,2025-01-05,5,9.52,0,47.6
OL-01681,ORD-10684,CUST-0221,PROD-017,2024-08-31,4,242.78,0.2,776.9
OL-01682,ORD-10684,CUST-0221,PROD-022,2024-08-31,5,27.82,0.05,132.14
OL-01683,ORD-10685,CUST-0221,PROD-022,2025-08-20,5,27.82,0,139.1
OL-01684,ORD-10686,CUST-0221,PROD-028,2024-10-17,2,65.64,0,131.28
OL-01685,ORD-10686,CUST-0221,PROD-002,2024-10-17,2,505.32,0.05,960.11
OL-01686,ORD-10686,CUST-0221,PROD-035,2024-10-17,1,75.75,0,75.75
OL-01687,ORD-10687,CUST-0221,PROD-009,2025-06-23,4,89.78,0.05,341.16
OL-01688,ORD-10687,CUST-0221,PROD-023,2025-06-23,5,88.43,0,442.15
OL-01689,ORD-10687,CUST-0221,PROD-020,2025-06-23,5,37.73,0,188.65
OL-01690,ORD-10688,CUST-0221,PROD-010,2025-04-06,1,121.48,0,121.48
OL-01691,ORD-10688,CUST-0221,PROD-015,2025-04-06,3,295.3,0.1,797.31
OL-01692,ORD-10689,CUST-0221,PROD-037,2025-07-19,5,23.39,0,116.95
OL-01693,ORD-10689,CUST-0221,PROD-034,2025-07-19,5,79.8,0,399
OL-01694,ORD-10690,CUST-0221,PROD-034,2025-06-18,3,79.8,0,239.4
OL-01695,ORD-10690,CUST-0221,PROD-011,2025-06-18,1,103.76,0.15,88.2
OL-01696,ORD-10691,CUST-0221,PROD-010,2024-12-08,5,121.48,0.05,577.03
OL-01697,ORD-10691,CUST-0221,PROD-035,2024-12-08,2,75.75,0,151.5
OL-01698,ORD-10692,CUST-0222,PROD-019,2025-09-06,4,21.71,0.05,82.5
OL-01699,ORD-10692,CUST-0222,PROD-025,2025-09-06,3,25.5,0,76.5
OL-01700,ORD-10692,CUST-0222,PROD-034,2025-09-06,3,79.8,0,239.4
OL-01701,ORD-10692,CUST-0222,PROD-027,2025-09-06,1,52.67,0,52.67
OL-01702,ORD-10693,CUST-0223,PROD-014,2025-08-12,4,487.6,0,1950.4
OL-01703,ORD-10693,CUST-0223,PROD-005,2025-08-12,2,843.32,0.05,1602.31
OL-01704,ORD-10693,CUST-0223,PROD-004,2025-08-12,2,921.23,0.2,1473.97
OL-01705,ORD-10694,CUST-0224,PROD-026,2025-02-22,4,54.35,0.05,206.53
OL-01706,ORD-10694,CUST-0224,PROD-011,2025-02-22,5,103.76,0,518.8
OL-01707,ORD-10695,CUST-0224,PROD-005,2025-07-14,2,843.32,0.05,1602.31
OL-01708,ORD-10695,CUST-0224,PROD-015,2025-07-14,1,295.3,0.15,251
OL-01709,ORD-10695,CUST-0224,PROD-018,2025-07-14,5,9.52,0.15,40.46
OL-01710,ORD-10696,CUST-0224,PROD-029,2025-05-25,3,32.8,0.2,78.72
OL-01711,ORD-10696,CUST-0224,PROD-010,2025-05-25,3,121.48,0,364.44
OL-01712,ORD-10697,CUST-0225,PROD-034,2024-04-04,3,79.8,0.1,215.46
OL-01713,ORD-10698,CUST-0225,PROD-015,2024-06-10,5,295.3,0.15,1255.02
OL-01714,ORD-10698,CUST-0225,PROD-029,2024-06-10,5,32.8,0.05,155.8
OL-01715,ORD-10698,CUST-0225,PROD-020,2024-06-10,2,37.73,0,75.46
OL-01716,ORD-10698,CUST-0225,PROD-008,2024-06-10,3,342.59,0,1027.77
OL-01717,ORD-10699,CUST-0226,PROD-025,2025-07-02,3,25.5,0,76.5
OL-01718,ORD-10700,CUST-0227,PROD-011,2025-06-29,5,103.76,0,518.8
OL-01719,ORD-10700,CUST-0227,PROD-032,2025-06-29,1,129.73,0.15,110.27
OL-01720,ORD-10700,CUST-0227,PROD-019,2025-06-29,5,21.71,0.1,97.7
OL-01721,ORD-10700,CUST-0227,PROD-015,2025-06-29,3,295.3,0,885.9
OL-01722,ORD-10701,CUST-0228,PROD-028,2025-12-14,3,65.64,0.2,157.54
OL-01723,ORD-10701,CUST-0228,PROD-027,2025-12-14,3,52.67,0,158.01
OL-01724,ORD-10701,CUST-0228,PROD-004,2025-12-14,5,921.23,0,4606.15
OL-01725,ORD-10701,CUST-0228,PROD-007,2025-12-14,4,511.33,0.15,1738.52
OL-01726,ORD-10702,CUST-0229,PROD-006,2024-05-07,4,689.21,0,2756.84
OL-01727,ORD-10702,CUST-0229,PROD-001,2024-05-07,5,1226.38,0.05,5825.31
OL-01728,ORD-10702,CUST-0229,PROD-007,2024-05-07,2,511.33,0.1,920.39
OL-01729,ORD-10703,CUST-0229,PROD-007,2024-12-30,5,511.33,0.2,2045.32
OL-01730,ORD-10703,CUST-0229,PROD-032,2024-12-30,5,129.73,0.05,616.22
OL-01731,ORD-10703,CUST-0229,PROD-036,2024-12-30,5,97.89,0.1,440.5
OL-01732,ORD-10704,CUST-0229,PROD-003,2025-08-10,2,722.82,0,1445.64
OL-01733,ORD-10704,CUST-0229,PROD-007,2025-08-10,5,511.33,0.15,2173.15
OL-01734,ORD-10704,CUST-0229,PROD-037,2025-08-10,5,23.39,0.05,111.1
OL-01735,ORD-10704,CUST-0229,PROD-008,2025-08-10,4,342.59,0.15,1164.81
OL-01736,ORD-10705,CUST-0229,PROD-023,2025-06-07,4,88.43,0.2,282.98
OL-01737,ORD-10706,CUST-0229,PROD-026,2025-01-12,4,54.35,0.15,184.79
OL-01738,ORD-10707,CUST-0229,PROD-014,2025-08-29,5,487.6,0,2438
OL-01739,ORD-10708,CUST-0229,PROD-007,2024-06-03,1,511.33,0.15,434.63
OL-01740,ORD-10708,CUST-0229,PROD-019,2024-06-03,4,21.71,0.2,69.47
OL-01741,ORD-10708,CUST-0229,PROD-027,2024-06-03,3,52.67,0,158.01
OL-01742,ORD-10709,CUST-0229,PROD-023,2025-07-15,4,88.43,0.2,282.98
OL-01743,ORD-10709,CUST-0229,PROD-016,2025-07-15,1,189.62,0,189.62
OL-01744,ORD-10709,CUST-0229,PROD-018,2025-07-15,4,9.52,0.15,32.37
OL-01745,ORD-10710,CUST-0229,PROD-011,2025-04-12,5,103.76,0.15,440.98
OL-01746,ORD-10710,CUST-0229,PROD-014,2025-04-12,3,487.6,0.15,1243.38
OL-01747,ORD-10710,CUST-0229,PROD-036,2025-04-12,4,97.89,0.2,313.25
OL-01748,ORD-10711,CUST-0229,PROD-032,2024-11-16,3,129.73,0,389.19
OL-01749,ORD-10711,CUST-0229,PROD-006,2024-11-16,5,689.21,0.1,3101.45
OL-01750,ORD-10712,CUST-0229,PROD-021,2025-06-04,1,38.34,0.15,32.59
OL-01751,ORD-10712,CUST-0229,PROD-020,2025-06-04,1,37.73,0.15,32.07
OL-01752,ORD-10713,CUST-0229,PROD-032,2024-12-15,2,129.73,0,259.46
OL-01753,ORD-10713,CUST-0229,PROD-012,2024-12-15,4,109.67,0,438.68
OL-01754,ORD-10713,CUST-0229,PROD-025,2024-12-15,3,25.5,0.2,61.2
OL-01755,ORD-10714,CUST-0229,PROD-011,2025-01-01,1,103.76,0,103.76
OL-01756,ORD-10714,CUST-0229,PROD-021,2025-01-01,5,38.34,0,191.7
OL-01757,ORD-10714,CUST-0229,PROD-002,2025-01-01,5,505.32,0.15,2147.61
OL-01758,ORD-10715,CUST-0229,PROD-036,2025-04-15,4,97.89,0.1,352.4
OL-01759,ORD-10715,CUST-0229,PROD-035,2025-04-15,1,75.75,0,75.75
OL-01760,ORD-10715,CUST-0229,PROD-012,2025-04-15,1,109.67,0,109.67
OL-01761,ORD-10716,CUST-0229,PROD-017,2025-05-21,3,242.78,0.05,691.92
OL-01762,ORD-10716,CUST-0229,PROD-010,2025-05-21,2,121.48,0.05,230.81
OL-01763,ORD-10716,CUST-0229,PROD-022,2025-05-21,1,27.82,0.2,22.26
OL-01764,ORD-10716,CUST-0229,PROD-035,2025-05-21,3,75.75,0.1,204.53
OL-01765,ORD-10717,CUST-0229,PROD-021,2025-03-09,2,38.34,0.05,72.85
OL-01766,ORD-10718,CUST-0229,PROD-016,2025-07-18,5,189.62,0,948.1
OL-01767,ORD-10719,CUST-0230,PROD-002,2024-07-13,2,505.32,0,1010.64
OL-01768,ORD-10719,CUST-0230,PROD-032,2024-07-13,2,129.73,0.05,246.49
OL-01769,ORD-10719,CUST-0230,PROD-015,2024-07-13,2,295.3,0,590.6
OL-01770,ORD-10720,CUST-0230,PROD-016,2024-08-03,4,189.62,0.05,720.56
OL-01771,ORD-10720,CUST-0230,PROD-002,2024-08-03,5,505.32,0.1,2273.94
OL-01772,ORD-10720,CUST-0230,PROD-031,2024-08-03,5,164.42,0,822.1
OL-01773,ORD-10721,CUST-0230,PROD-034,2025-02-24,5,79.8,0.05,379.05
OL-01774,ORD-10721,CUST-0230,PROD-026,2025-02-24,3,54.35,0.15,138.59
OL-01775,ORD-10722,CUST-0230,PROD-017,2025-09-08,3,242.78,0,728.34
OL-01776,ORD-10722,CUST-0230,PROD-028,2025-09-08,3,65.64,0.1,177.23
OL-01777,ORD-10722,CUST-0230,PROD-024,2025-09-08,3,38.87,0,116.61
OL-01778,ORD-10723,CUST-0230,PROD-021,2025-07-17,5,38.34,0.1,172.53
OL-01779,ORD-10723,CUST-0230,PROD-016,2025-07-17,2,189.62,0,379.24
OL-01780,ORD-10724,CUST-0230,PROD-035,2025-11-09,3,75.75,0.15,193.16
OL-01781,ORD-10724,CUST-0230,PROD-021,2025-11-09,5,38.34,0.2,153.36
OL-01782,ORD-10724,CUST-0230,PROD-007,2025-11-09,2,511.33,0.05,971.53
OL-01783,ORD-10724,CUST-0230,PROD-015,2025-11-09,3,295.3,0.1,797.31
OL-01784,ORD-10725,CUST-0230,PROD-030,2025-09-29,5,33.74,0.05,160.27
OL-01785,ORD-10726,CUST-0231,PROD-005,2025-08-16,4,843.32,0.1,3035.95
OL-01786,ORD-10726,CUST-0231,PROD-011,2025-08-16,1,103.76,0,103.76
OL-01787,ORD-10726,CUST-0231,PROD-002,2025-08-16,4,505.32,0.2,1617.02
OL-01788,ORD-10726,CUST-0231,PROD-036,2025-08-16,2,97.89,0,195.78
OL-01789,ORD-10727,CUST-0232,PROD-018,2025-06-24,5,9.52,0,47.6
OL-01790,ORD-10728,CUST-0233,PROD-032,2025-12-25,4,129.73,0.15,441.08
OL-01791,ORD-10729,CUST-0234,PROD-026,2025-04-29,4,54.35,0,217.4
OL-01792,ORD-10729,CUST-0234,PROD-014,2025-04-29,5,487.6,0.15,2072.3
OL-01793,ORD-10730,CUST-0235,PROD-015,2024-12-06,4,295.3,0,1181.2
OL-01794,ORD-10730,CUST-0235,PROD-037,2024-12-06,5,23.39,0.15,99.41
OL-01795,ORD-10730,CUST-0235,PROD-033,2024-12-06,5,70.03,0,350.15
OL-01796,ORD-10731,CUST-0236,PROD-004,2024-07-31,3,921.23,0.1,2487.32
OL-01797,ORD-10732,CUST-0236,PROD-005,2024-10-15,5,843.32,0.05,4005.77
OL-01798,ORD-10733,CUST-0236,PROD-013,2025-08-23,5,134.4,0.2,537.6
OL-01799,ORD-10733,CUST-0236,PROD-016,2025-08-23,2,189.62,0.2,303.39
OL-01800,ORD-10734,CUST-0236,PROD-032,2024-11-15,1,129.73,0,129.73
OL-01801,ORD-10735,CUST-0236,PROD-026,2024-09-29,5,54.35,0.15,230.99
OL-01802,ORD-10736,CUST-0236,PROD-027,2025-12-13,3,52.67,0,158.01
OL-01803,ORD-10736,CUST-0236,PROD-025,2025-12-13,1,25.5,0,25.5
OL-01804,ORD-10736,CUST-0236,PROD-031,2025-12-13,3,164.42,0,493.26
OL-01805,ORD-10736,CUST-0236,PROD-009,2025-12-13,4,89.78,0,359.12
OL-01806,ORD-10737,CUST-0236,PROD-012,2025-04-27,3,109.67,0.05,312.56
OL-01807,ORD-10738,CUST-0236,PROD-023,2024-11-25,3,88.43,0.05,252.03
OL-01808,ORD-10738,CUST-0236,PROD-006,2024-11-25,1,689.21,0.1,620.29
OL-01809,ORD-10739,CUST-0236,PROD-004,2024-12-24,5,921.23,0,4606.15
OL-01810,ORD-10740,CUST-0236,PROD-007,2025-07-30,5,511.33,0,2556.65
OL-01811,ORD-10740,CUST-0236,PROD-011,2025-07-30,1,103.76,0,103.76
OL-01812,ORD-10740,CUST-0236,PROD-001,2025-07-30,4,1226.38,0,4905.52
OL-01813,ORD-10741,CUST-0237,PROD-005,2024-04-10,5,843.32,0.05,4005.77
OL-01814,ORD-10741,CUST-0237,PROD-012,2024-04-10,2,109.67,0.1,197.41
OL-01815,ORD-10741,CUST-0237,PROD-013,2024-04-10,2,134.4,0,268.8
OL-01816,ORD-10742,CUST-0237,PROD-024,2024-06-13,2,38.87,0.05,73.85
OL-01817,ORD-10742,CUST-0237,PROD-037,2024-06-13,2,23.39,0.1,42.1
OL-01818,ORD-10743,CUST-0238,PROD-002,2025-08-08,3,505.32,0,1515.96
OL-01819,ORD-10743,CUST-0238,PROD-003,2025-08-08,1,722.82,0,722.82
OL-01820,ORD-10743,CUST-0238,PROD-035,2025-08-08,2,75.75,0.1,136.35
OL-01821,ORD-10743,CUST-0238,PROD-008,2025-08-08,5,342.59,0,1712.95
OL-01822,ORD-10744,CUST-0239,PROD-032,2025-11-13,2,129.73,0.1,233.51
OL-01823,ORD-10745,CUST-0240,PROD-030,2024-05-26,4,33.74,0,134.96
OL-01824,ORD-10745,CUST-0240,PROD-036,2024-05-26,5,97.89,0,489.45
OL-01825,ORD-10745,CUST-0240,PROD-025,2024-05-26,3,25.5,0,76.5
OL-01826,ORD-10746,CUST-0241,PROD-016,2024-09-10,2,189.62,0.2,303.39
OL-01827,ORD-10746,CUST-0241,PROD-032,2024-09-10,4,129.73,0,518.92
OL-01828,ORD-10747,CUST-0241,PROD-031,2025-03-27,5,164.42,0,822.1
OL-01829,ORD-10748,CUST-0241,PROD-021,2025-12-03,5,38.34,0.1,172.53
OL-01830,ORD-10749,CUST-0241,PROD-035,2025-07-16,2,75.75,0.05,143.92
OL-01831,ORD-10749,CUST-0241,PROD-013,2025-07-16,2,134.4,0,268.8
OL-01832,ORD-10749,CUST-0241,PROD-019,2025-07-16,4,21.71,0.05,82.5
OL-01833,ORD-10749,CUST-0241,PROD-021,2025-07-16,4,38.34,0.05,145.69
OL-01834,ORD-10750,CUST-0241,PROD-002,2024-11-06,5,505.32,0.05,2400.27
OL-01835,ORD-10750,CUST-0241,PROD-032,2024-11-06,5,129.73,0.05,616.22
OL-01836,ORD-10750,CUST-0241,PROD-007,2024-11-06,3,511.33,0.05,1457.29
OL-01837,ORD-10750,CUST-0241,PROD-021,2024-11-06,3,38.34,0.2,92.02
OL-01838,ORD-10751,CUST-0241,PROD-034,2025-09-10,1,79.8,0,79.8
OL-01839,ORD-10752,CUST-0242,PROD-037,2024-10-18,3,23.39,0.15,59.64
OL-01840,ORD-10752,CUST-0242,PROD-035,2024-10-18,1,75.75,0.1,68.17
OL-01841,ORD-10752,CUST-0242,PROD-012,2024-10-18,1,109.67,0,109.67
OL-01842,ORD-10753,CUST-0242,PROD-013,2025-04-06,4,134.4,0.15,456.96
OL-01843,ORD-10753,CUST-0242,PROD-023,2025-04-06,5,88.43,0.1,397.94
OL-01844,ORD-10753,CUST-0242,PROD-035,2025-04-06,2,75.75,0.1,136.35
OL-01845,ORD-10753,CUST-0242,PROD-004,2025-04-06,3,921.23,0.15,2349.14
OL-01846,ORD-10754,CUST-0242,PROD-014,2025-10-25,1,487.6,0.05,463.22
OL-01847,ORD-10755,CUST-0242,PROD-021,2025-02-05,2,38.34,0.05,72.85
OL-01848,ORD-10755,CUST-0242,PROD-005,2025-02-05,2,843.32,0.1,1517.98
OL-01849,ORD-10756,CUST-0242,PROD-003,2025-09-25,4,722.82,0,2891.28
OL-01850,ORD-10757,CUST-0243,PROD-019,2025-11-12,1,21.71,0,21.71
OL-01851,ORD-10758,CUST-0244,PROD-012,2025-12-12,3,109.67,0.2,263.21
OL-01852,ORD-10758,CUST-0244,PROD-025,2025-12-12,4,25.5,0,102
OL-01853,ORD-10758,CUST-0244,PROD-015,2025-12-12,2,295.3,0,590.6
OL-01854,ORD-10759,CUST-0245,PROD-028,2024-11-28,2,65.64,0.15,111.59
OL-01855,ORD-10759,CUST-0245,PROD-037,2024-11-28,3,23.39,0.05,66.66
OL-01856,ORD-10759,CUST-0245,PROD-020,2024-11-28,1,37.73,0.05,35.84
OL-01857,ORD-10760,CUST-0246,PROD-025,2025-09-24,3,25.5,0.1,68.85
OL-01858,ORD-10760,CUST-0246,PROD-018,2025-09-24,1,9.52,0.15,8.09
OL-01859,ORD-10760,CUST-0246,PROD-013,2025-09-24,4,134.4,0,537.6
OL-01860,ORD-10760,CUST-0246,PROD-032,2025-09-24,4,129.73,0,518.92
OL-01861,ORD-10761,CUST-0247,PROD-005,2025-08-11,1,843.32,0,843.32
OL-01862,ORD-10761,CUST-0247,PROD-008,2025-08-11,4,342.59,0,1370.36
OL-01863,ORD-10762,CUST-0247,PROD-011,2025-11-27,3,103.76,0.1,280.15
OL-01864,ORD-10762,CUST-0247,PROD-017,2025-11-27,3,242.78,0,728.34
OL-01865,ORD-10762,CUST-0247,PROD-026,2025-11-27,5,54.35,0,271.75
OL-01866,ORD-10763,CUST-0247,PROD-026,2025-10-20,2,54.35,0,108.7
OL-01867,ORD-10764,CUST-0248,PROD-013,2025-03-09,4,134.4,0.05,510.72
OL-01868,ORD-10764,CUST-0248,PROD-009,2025-03-09,1,89.78,0,89.78
OL-01869,ORD-10764,CUST-0248,PROD-034,2025-03-09,2,79.8,0,159.6
OL-01870,ORD-10764,CUST-0248,PROD-003,2025-03-09,4,722.82,0,2891.28
OL-01871,ORD-10765,CUST-0248,PROD-016,2025-05-05,4,189.62,0.1,682.63
OL-01872,ORD-10766,CUST-0248,PROD-010,2025-09-29,2,121.48,0.2,194.37
OL-01873,ORD-10766,CUST-0248,PROD-029,2025-09-29,2,32.8,0.15,55.76
OL-01874,ORD-10766,CUST-0248,PROD-003,2025-09-29,3,722.82,0,2168.46
OL-01875,ORD-10766,CUST-0248,PROD-033,2025-09-29,5,70.03,0,350.15
OL-01876,ORD-10767,CUST-0249,PROD-017,2024-03-04,4,242.78,0,971.12
OL-01877,ORD-10767,CUST-0249,PROD-012,2024-03-04,1,109.67,0.05,104.19
OL-01878,ORD-10767,CUST-0249,PROD-023,2024-03-04,4,88.43,0,353.72
OL-01879,ORD-10768,CUST-0249,PROD-033,2025-07-16,2,70.03,0.15,119.05
OL-01880,ORD-10768,CUST-0249,PROD-005,2025-07-16,2,843.32,0,1686.64
OL-01881,ORD-10768,CUST-0249,PROD-015,2025-07-16,4,295.3,0,1181.2
OL-01882,ORD-10769,CUST-0249,PROD-005,2025-06-08,5,843.32,0,4216.6
OL-01883,ORD-10769,CUST-0249,PROD-016,2025-06-08,2,189.62,0.1,341.32
OL-01884,ORD-10769,CUST-0249,PROD-034,2025-06-08,3,79.8,0,239.4
OL-01885,ORD-10769,CUST-0249,PROD-019,2025-06-08,1,21.71,0.15,18.45
OL-01886,ORD-10770,CUST-0249,PROD-034,2024-04-21,3,79.8,0,239.4
OL-01887,ORD-10770,CUST-0249,PROD-035,2024-04-21,1,75.75,0,75.75
OL-01888,ORD-10770,CUST-0249,PROD-002,2024-04-21,1,505.32,0.15,429.52
OL-01889,ORD-10770,CUST-0249,PROD-011,2024-04-21,2,103.76,0,207.52
OL-01890,ORD-10771,CUST-0249,PROD-037,2024-09-30,1,23.39,0.2,18.71
OL-01891,ORD-10772,CUST-0249,PROD-015,2024-10-03,1,295.3,0.1,265.77
OL-01892,ORD-10773,CUST-0249,PROD-002,2024-12-23,4,505.32,0.1,1819.15
OL-01893,ORD-10774,CUST-0249,PROD-019,2025-02-12,4,21.71,0.1,78.16
OL-01894,ORD-10774,CUST-0249,PROD-025,2025-02-12,3,25.5,0,76.5
OL-01895,ORD-10774,CUST-0249,PROD-029,2025-02-12,4,32.8,0.05,124.64
OL-01896,ORD-10774,CUST-0249,PROD-016,2025-02-12,2,189.62,0.05,360.28
OL-01897,ORD-10775,CUST-0249,PROD-015,2024-12-18,2,295.3,0.05,561.07
OL-01898,ORD-10775,CUST-0249,PROD-010,2024-12-18,3,121.48,0,364.44
OL-01899,ORD-10775,CUST-0249,PROD-019,2024-12-18,3,21.71,0.15,55.36
OL-01900,ORD-10776,CUST-0249,PROD-020,2024-03-29,4,37.73,0.15,128.28
OL-01901,ORD-10776,CUST-0249,PROD-010,2024-03-29,5,121.48,0.2,485.92
OL-01902,ORD-10776,CUST-0249,PROD-003,2024-03-29,2,722.82,0.05,1373.36
OL-01903,ORD-10776,CUST-0249,PROD-030,2024-03-29,2,33.74,0.2,53.98
OL-01904,ORD-10777,CUST-0249,PROD-014,2025-02-02,4,487.6,0.05,1852.88
OL-01905,ORD-10777,CUST-0249,PROD-026,2025-02-02,4,54.35,0.05,206.53
OL-01906,ORD-10777,CUST-0249,PROD-027,2025-02-02,4,52.67,0.05,200.15
OL-01907,ORD-10778,CUST-0249,PROD-021,2024-09-21,5,38.34,0,191.7
OL-01908,ORD-10778,CUST-0249,PROD-026,2024-09-21,2,54.35,0,108.7
OL-01909,ORD-10778,CUST-0249,PROD-009,2024-09-21,2,89.78,0.1,161.6
OL-01910,ORD-10779,CUST-0249,PROD-030,2024-06-26,3,33.74,0.15,86.04
OL-01911,ORD-10779,CUST-0249,PROD-036,2024-06-26,3,97.89,0,293.67
OL-01912,ORD-10779,CUST-0249,PROD-027,2024-06-26,4,52.67,0,210.68
OL-01913,ORD-10780,CUST-0249,PROD-035,2024-11-14,4,75.75,0,303
OL-01914,ORD-10781,CUST-0249,PROD-004,2025-06-25,5,921.23,0,4606.15
OL-01915,ORD-10781,CUST-0249,PROD-013,2025-06-25,4,134.4,0.1,483.84
OL-01916,ORD-10781,CUST-0249,PROD-014,2025-06-25,4,487.6,0,1950.4
OL-01917,ORD-10781,CUST-0249,PROD-022,2025-06-25,4,27.82,0,111.28
OL-01918,ORD-10782,CUST-0249,PROD-025,2025-03-09,2,25.5,0,51
OL-01919,ORD-10782,CUST-0249,PROD-037,2025-03-09,5,23.39,0.2,93.56
OL-01920,ORD-10783,CUST-0249,PROD-037,2024-06-06,3,23.39,0.05,66.66
OL-01921,ORD-10783,CUST-0249,PROD-013,2024-06-06,2,134.4,0.2,215.04
OL-01922,ORD-10783,CUST-0249,PROD-010,2024-06-06,2,121.48,0.2,194.37
OL-01923,ORD-10783,CUST-0249,PROD-027,2024-06-06,4,52.67,0,210.68
OL-01924,ORD-10784,CUST-0249,PROD-007,2025-01-25,1,511.33,0,511.33
OL-01925,ORD-10785,CUST-0249,PROD-004,2024-03-29,3,921.23,0.2,2210.95
OL-01926,ORD-10786,CUST-0249,PROD-023,2024-05-04,2,88.43,0,176.86
OL-01927,ORD-10786,CUST-0249,PROD-013,2024-05-04,1,134.4,0,134.4
OL-01928,ORD-10786,CUST-0249,PROD-010,2024-05-04,5,121.48,0,607.4
OL-01929,ORD-10787,CUST-0249,PROD-031,2025-01-11,3,164.42,0,493.26
OL-01930,ORD-10787,CUST-0249,PROD-022,2025-01-11,5,27.82,0,139.1
OL-01931,ORD-10787,CUST-0249,PROD-012,2025-01-11,2,109.67,0,219.34
OL-01932,ORD-10787,CUST-0249,PROD-019,2025-01-11,4,21.71,0,86.84
OL-01933,ORD-10788,CUST-0249,PROD-011,2024-12-16,2,103.76,0,207.52
OL-01934,ORD-10788,CUST-0249,PROD-036,2024-12-16,2,97.89,0.05,185.99
OL-01935,ORD-10788,CUST-0249,PROD-031,2024-12-16,1,164.42,0.2,131.54
OL-01936,ORD-10788,CUST-0249,PROD-018,2024-12-16,1,9.52,0,9.52
OL-01937,ORD-10789,CUST-0249,PROD-031,2025-06-12,5,164.42,0.15,698.78
OL-01938,ORD-10789,CUST-0249,PROD-025,2025-06-12,3,25.5,0.05,72.67
OL-01939,ORD-10789,CUST-0249,PROD-011,2025-06-12,5,103.76,0.1,466.92
OL-01940,ORD-10789,CUST-0249,PROD-002,2025-06-12,2,505.32,0.05,960.11
OL-01941,ORD-10790,CUST-0249,PROD-032,2025-06-19,5,129.73,0,648.65
OL-01942,ORD-10791,CUST-0249,PROD-006,2025-06-15,2,689.21,0,1378.42
OL-01943,ORD-10791,CUST-0249,PROD-024,2025-06-15,5,38.87,0,194.35
OL-01944,ORD-10791,CUST-0249,PROD-005,2025-06-15,4,843.32,0,3373.28
OL-01945,ORD-10792,CUST-0249,PROD-021,2024-05-14,1,38.34,0,38.34
OL-01946,ORD-10792,CUST-0249,PROD-019,2024-05-14,5,21.71,0.2,86.84
OL-01947,ORD-10793,CUST-0250,PROD-027,2024-04-25,2,52.67,0,105.34
OL-01948,ORD-10794,CUST-0250,PROD-013,2025-07-19,5,134.4,0,672
OL-01949,ORD-10794,CUST-0250,PROD-033,2025-07-19,4,70.03,0,280.12
OL-01950,ORD-10794,CUST-0250,PROD-018,2025-07-19,2,9.52,0,19.04
OL-01951,ORD-10795,CUST-0250,PROD-020,2025-04-07,4,37.73,0.05,143.37
OL-01952,ORD-10795,CUST-0250,PROD-017,2025-04-07,3,242.78,0,728.34
OL-01953,ORD-10796,CUST-0250,PROD-006,2024-09-26,2,689.21,0.2,1102.74
OL-01954,ORD-10796,CUST-0250,PROD-022,2024-09-26,5,27.82,0,139.1
OL-01955,ORD-10796,CUST-0250,PROD-036,2024-09-26,5,97.89,0,489.45
OL-01956,ORD-10796,CUST-0250,PROD-003,2024-09-26,3,722.82,0.05,2060.04
OL-01957,ORD-10797,CUST-0250,PROD-025,2024-08-20,3,25.5,0.2,61.2
OL-01958,ORD-10797,CUST-0250,PROD-003,2024-08-20,5,722.82,0.2,2891.28
OL-01959,ORD-10797,CUST-0250,PROD-018,2024-08-20,4,9.52,0.05,36.18
OL-01960,ORD-10797,CUST-0250,PROD-022,2024-08-20,3,27.82,0,83.46
OL-01961,ORD-10798,CUST-0250,PROD-017,2025-09-04,4,242.78,0,971.12
OL-01962,ORD-10798,CUST-0250,PROD-036,2025-09-04,3,97.89,0,293.67
OL-01963,ORD-10798,CUST-0250,PROD-013,2025-09-04,4,134.4,0.15,456.96
OL-01964,ORD-10799,CUST-0250,PROD-033,2024-06-22,2,70.03,0.2,112.05
OL-01965,ORD-10799,CUST-0250,PROD-008,2024-06-22,1,342.59,0,342.59
OL-01966,ORD-10799,CUST-0250,PROD-002,2024-06-22,1,505.32,0,505.32
OL-01967,ORD-10800,CUST-0250,PROD-010,2024-11-17,5,121.48,0.2,485.92
OL-01968,ORD-10801,CUST-0250,PROD-005,2024-09-08,1,843.32,0.15,716.82
OL-01969,ORD-10802,CUST-0250,PROD-005,2024-05-16,3,843.32,0.2,2023.97
OL-01970,ORD-10802,CUST-0250,PROD-010,2024-05-16,1,121.48,0.1,109.33
OL-01971,ORD-10802,CUST-0250,PROD-030,2024-05-16,1,33.74,0,33.74
OL-01972,ORD-10803,CUST-0250,PROD-013,2025-05-05,2,134.4,0,268.8
OL-01973,ORD-10803,CUST-0250,PROD-006,2025-05-05,1,689.21,0,689.21
OL-01974,ORD-10804,CUST-0250,PROD-014,2024-12-17,1,487.6,0.05,463.22
OL-01975,ORD-10804,CUST-0250,PROD-004,2024-12-17,3,921.23,0.15,2349.14
OL-01976,ORD-10805,CUST-0250,PROD-031,2025-02-05,4,164.42,0.1,591.91
OL-01977,ORD-10805,CUST-0250,PROD-013,2025-02-05,2,134.4,0.05,255.36
OL-01978,ORD-10806,CUST-0250,PROD-029,2024-10-04,2,32.8,0.1,59.04
OL-01979,ORD-10807,CUST-0250,PROD-012,2024-05-13,2,109.67,0,219.34
OL-01980,ORD-10808,CUST-0251,PROD-008,2025-04-07,2,342.59,0,685.18
OL-01981,ORD-10808,CUST-0251,PROD-005,2025-04-07,3,843.32,0.2,2023.97
OL-01982,ORD-10809,CUST-0251,PROD-026,2025-08-16,5,54.35,0.05,258.16
OL-01983,ORD-10809,CUST-0251,PROD-019,2025-08-16,5,21.71,0.15,92.27
OL-01984,ORD-10810,CUST-0252,PROD-028,2025-04-04,3,65.64,0.15,167.38
OL-01985,ORD-10810,CUST-0252,PROD-017,2025-04-04,2,242.78,0.1,437
OL-01986,ORD-10811,CUST-0252,PROD-019,2025-04-22,1,21.71,0,21.71
OL-01987,ORD-10811,CUST-0252,PROD-011,2025-04-22,4,103.76,0,415.04
OL-01988,ORD-10811,CUST-0252,PROD-005,2025-04-22,1,843.32,0.1,758.99
OL-01989,ORD-10812,CUST-0253,PROD-006,2025-11-15,5,689.21,0.2,2756.84
OL-01990,ORD-10812,CUST-0253,PROD-029,2025-11-15,3,32.8,0.15,83.64
OL-01991,ORD-10812,CUST-0253,PROD-001,2025-11-15,5,1226.38,0.15,5212.12
OL-01992,ORD-10812,CUST-0253,PROD-021,2025-11-15,1,38.34,0.1,34.51
OL-01993,ORD-10813,CUST-0254,PROD-029,2024-04-13,3,32.8,0.05,93.48
OL-01994,ORD-10813,CUST-0254,PROD-023,2024-04-13,3,88.43,0.2,212.23
OL-01995,ORD-10813,CUST-0254,PROD-031,2024-04-13,4,164.42,0,657.68
OL-01996,ORD-10814,CUST-0254,PROD-015,2025-02-01,1,295.3,0.15,251
OL-01997,ORD-10814,CUST-0254,PROD-011,2025-02-01,3,103.76,0.05,295.72
OL-01998,ORD-10815,CUST-0254,PROD-021,2024-12-22,2,38.34,0,76.68
OL-01999,ORD-10815,CUST-0254,PROD-026,2024-12-22,4,54.35,0.05,206.53
OL-02000,ORD-10815,CUST-0254,PROD-030,2024-12-22,1,33.74,0.2,26.99
OL-02001,ORD-10815,CUST-0254,PROD-029,2024-12-22,2,32.8,0.2,52.48
OL-02002,ORD-10816,CUST-0255,PROD-010,2024-10-09,4,121.48,0.2,388.74
OL-02003,ORD-10816,CUST-0255,PROD-026,2024-10-09,2,54.35,0,108.7
OL-02004,ORD-10816,CUST-0255,PROD-024,2024-10-09,5,38.87,0,194.35
OL-02005,ORD-10816,CUST-0255,PROD-001,2024-10-09,2,1226.38,0,2452.76
OL-02006,ORD-10817,CUST-0256,PROD-031,2025-03-18,2,164.42,0,328.84
OL-02007,ORD-10817,CUST-0256,PROD-010,2025-03-18,4,121.48,0.05,461.62
OL-02008,ORD-10817,CUST-0256,PROD-018,2025-03-18,2,9.52,0,19.04
OL-02009,ORD-10817,CUST-0256,PROD-022,2025-03-18,5,27.82,0,139.1
OL-02010,ORD-10818,CUST-0256,PROD-032,2025-07-27,4,129.73,0.2,415.14
OL-02011,ORD-10818,CUST-0256,PROD-028,2025-07-27,2,65.64,0.05,124.72
OL-02012,ORD-10819,CUST-0257,PROD-007,2025-05-31,4,511.33,0.1,1840.79
OL-02013,ORD-10819,CUST-0257,PROD-005,2025-05-31,3,843.32,0,2529.96
OL-02014,ORD-10819,CUST-0257,PROD-021,2025-05-31,2,38.34,0.1,69.01
OL-02015,ORD-10820,CUST-0258,PROD-027,2024-03-16,1,52.67,0,52.67
OL-02016,ORD-10820,CUST-0258,PROD-032,2024-03-16,2,129.73,0,259.46
OL-02017,ORD-10821,CUST-0258,PROD-028,2025-02-16,5,65.64,0,328.2
OL-02018,ORD-10821,CUST-0258,PROD-008,2025-02-16,3,342.59,0.15,873.6
OL-02019,ORD-10821,CUST-0258,PROD-009,2025-02-16,3,89.78,0.2,215.47
OL-02020,ORD-10822,CUST-0258,PROD-024,2025-03-18,4,38.87,0,155.48
OL-02021,ORD-10822,CUST-0258,PROD-037,2025-03-18,1,23.39,0.05,22.22
OL-02022,ORD-10823,CUST-0258,PROD-016,2024-10-06,3,189.62,0.15,483.53
OL-02023,ORD-10823,CUST-0258,PROD-014,2024-10-06,4,487.6,0.2,1560.32
OL-02024,ORD-10823,CUST-0258,PROD-021,2024-10-06,3,38.34,0.1,103.52
OL-02025,ORD-10823,CUST-0258,PROD-015,2024-10-06,3,295.3,0.1,797.31
OL-02026,ORD-10824,CUST-0258,PROD-013,2025-05-11,5,134.4,0,672
OL-02027,ORD-10824,CUST-0258,PROD-009,2025-05-11,5,89.78,0.1,404.01
OL-02028,ORD-10824,CUST-0258,PROD-021,2025-05-11,2,38.34,0.2,61.34
OL-02029,ORD-10825,CUST-0258,PROD-032,2025-05-24,4,129.73,0,518.92
OL-02030,ORD-10825,CUST-0258,PROD-037,2025-05-24,3,23.39,0.1,63.15
OL-02031,ORD-10826,CUST-0258,PROD-025,2025-06-24,2,25.5,0.1,45.9
OL-02032,ORD-10827,CUST-0258,PROD-034,2024-09-11,4,79.8,0.05,303.24
OL-02033,ORD-10828,CUST-0258,PROD-005,2025-02-02,2,843.32,0.2,1349.31
OL-02034,ORD-10828,CUST-0258,PROD-029,2025-02-02,3,32.8,0.15,83.64
OL-02035,ORD-10828,CUST-0258,PROD-025,2025-02-02,2,25.5,0,51
OL-02036,ORD-10829,CUST-0259,PROD-031,2025-10-06,2,164.42,0,328.84
OL-02037,ORD-10830,CUST-0260,PROD-023,2025-02-19,2,88.43,0.2,141.49
OL-02038,ORD-10830,CUST-0260,PROD-031,2025-02-19,3,164.42,0,493.26
OL-02039,ORD-10830,CUST-0260,PROD-036,2025-02-19,4,97.89,0,391.56
OL-02040,ORD-10831,CUST-0261,PROD-013,2025-12-08,3,134.4,0.15,342.72
OL-02041,ORD-10831,CUST-0261,PROD-008,2025-12-08,1,342.59,0.15,291.2
OL-02042,ORD-10832,CUST-0262,PROD-016,2025-09-08,1,189.62,0,189.62
OL-02043,ORD-10832,CUST-0262,PROD-025,2025-09-08,3,25.5,0,76.5
OL-02044,ORD-10832,CUST-0262,PROD-028,2025-09-08,2,65.64,0,131.28
OL-02045,ORD-10833,CUST-0262,PROD-027,2025-10-05,1,52.67,0,52.67
OL-02046,ORD-10834,CUST-0263,PROD-029,2025-02-01,5,32.8,0,164
OL-02047,ORD-10834,CUST-0263,PROD-025,2025-02-01,5,25.5,0.05,121.12
OL-02048,ORD-10835,CUST-0264,PROD-007,2025-11-28,3,511.33,0,1533.99
OL-02049,ORD-10835,CUST-0264,PROD-018,2025-11-28,5,9.52,0.05,45.22
OL-02050,ORD-10835,CUST-0264,PROD-030,2025-11-28,3,33.74,0,101.22
OL-02051,ORD-10836,CUST-0265,PROD-002,2025-01-01,3,505.32,0.1,1364.36
OL-02052,ORD-10836,CUST-0265,PROD-008,2025-01-01,4,342.59,0,1370.36
OL-02053,ORD-10836,CUST-0265,PROD-004,2025-01-01,2,921.23,0,1842.46
OL-02054,ORD-10837,CUST-0266,PROD-036,2024-09-06,4,97.89,0,391.56
OL-02055,ORD-10837,CUST-0266,PROD-002,2024-09-06,3,505.32,0.1,1364.36
OL-02056,ORD-10837,CUST-0266,PROD-028,2024-09-06,1,65.64,0.15,55.79
OL-02057,ORD-10837,CUST-0266,PROD-021,2024-09-06,3,38.34,0,115.02
OL-02058,ORD-10838,CUST-0266,PROD-033,2025-07-07,1,70.03,0.15,59.53
OL-02059,ORD-10839,CUST-0266,PROD-032,2025-09-23,1,129.73,0,129.73
OL-02060,ORD-10839,CUST-0266,PROD-005,2025-09-23,2,843.32,0,1686.64
OL-02061,ORD-10840,CUST-0266,PROD-016,2025-06-15,3,189.62,0,568.86
OL-02062,ORD-10840,CUST-0266,PROD-006,2025-06-15,3,689.21,0,2067.63
OL-02063,ORD-10841,CUST-0266,PROD-005,2025-04-20,5,843.32,0,4216.6
OL-02064,ORD-10841,CUST-0266,PROD-032,2025-04-20,5,129.73,0.05,616.22
OL-02065,ORD-10841,CUST-0266,PROD-026,2025-04-20,4,54.35,0.15,184.79
OL-02066,ORD-10842,CUST-0266,PROD-014,2024-12-09,4,487.6,0,1950.4
OL-02067,ORD-10843,CUST-0266,PROD-015,2024-11-19,5,295.3,0,1476.5
OL-02068,ORD-10843,CUST-0266,PROD-016,2024-11-19,1,189.62,0.15,161.18
OL-02069,ORD-10843,CUST-0266,PROD-004,2024-11-19,2,921.23,0.05,1750.34
OL-02070,ORD-10844,CUST-0266,PROD-015,2024-10-12,2,295.3,0,590.6
OL-02071,ORD-10845,CUST-0266,PROD-033,2025-12-10,3,70.03,0.05,199.59
OL-02072,ORD-10845,CUST-0266,PROD-021,2025-12-10,4,38.34,0,153.36
OL-02073,ORD-10846,CUST-0266,PROD-032,2025-06-09,5,129.73,0,648.65
OL-02074,ORD-10846,CUST-0266,PROD-002,2025-06-09,1,505.32,0,505.32
OL-02075,ORD-10846,CUST-0266,PROD-027,2025-06-09,5,52.67,0,263.35
OL-02076,ORD-10847,CUST-0267,PROD-032,2025-10-19,3,129.73,0.15,330.81
OL-02077,ORD-10847,CUST-0267,PROD-001,2025-10-19,1,1226.38,0.1,1103.74
OL-02078,ORD-10848,CUST-0268,PROD-026,2025-04-28,2,54.35,0.1,97.83
OL-02079,ORD-10848,CUST-0268,PROD-014,2025-04-28,1,487.6,0.15,414.46
OL-02080,ORD-10849,CUST-0269,PROD-018,2024-04-19,5,9.52,0.05,45.22
OL-02081,ORD-10849,CUST-0269,PROD-036,2024-04-19,2,97.89,0.2,156.62
OL-02082,ORD-10849,CUST-0269,PROD-024,2024-04-19,2,38.87,0.2,62.19
OL-02083,ORD-10850,CUST-0269,PROD-022,2025-03-11,3,27.82,0.05,79.29
OL-02084,ORD-10850,CUST-0269,PROD-013,2025-03-11,1,134.4,0.15,114.24
OL-02085,ORD-10850,CUST-0269,PROD-021,2025-03-11,3,38.34,0.05,109.27
OL-02086,ORD-10851,CUST-0269,PROD-033,2024-05-18,1,70.03,0,70.03
OL-02087,ORD-10851,CUST-0269,PROD-026,2024-05-18,4,54.35,0.2,173.92
OL-02088,ORD-10851,CUST-0269,PROD-014,2024-05-18,1,487.6,0.15,414.46
OL-02089,ORD-10851,CUST-0269,PROD-012,2024-05-18,2,109.67,0,219.34
OL-02090,ORD-10852,CUST-0270,PROD-014,2025-10-16,4,487.6,0,1950.4
OL-02091,ORD-10852,CUST-0270,PROD-020,2025-10-16,2,37.73,0.1,67.91
OL-02092,ORD-10852,CUST-0270,PROD-024,2025-10-16,3,38.87,0,116.61
OL-02093,ORD-10853,CUST-0271,PROD-001,2025-04-09,3,1226.38,0,3679.14
OL-02094,ORD-10853,CUST-0271,PROD-014,2025-04-09,4,487.6,0.15,1657.84
OL-02095,ORD-10853,CUST-0271,PROD-012,2025-04-09,4,109.67,0.15,372.88
OL-02096,ORD-10854,CUST-0271,PROD-026,2025-10-08,5,54.35,0.1,244.58
OL-02097,ORD-10854,CUST-0271,PROD-011,2025-10-08,3,103.76,0.2,249.02
OL-02098,ORD-10854,CUST-0271,PROD-032,2025-10-08,2,129.73,0,259.46
OL-02099,ORD-10854,CUST-0271,PROD-031,2025-10-08,5,164.42,0,822.1
OL-02100,ORD-10855,CUST-0272,PROD-004,2024-04-03,1,921.23,0,921.23
OL-02101,ORD-10856,CUST-0272,PROD-020,2025-08-07,4,37.73,0.05,143.37
OL-02102,ORD-10857,CUST-0272,PROD-007,2025-04-26,3,511.33,0,1533.99
OL-02103,ORD-10857,CUST-0272,PROD-004,2025-04-26,2,921.23,0.05,1750.34
OL-02104,ORD-10858,CUST-0272,PROD-005,2025-05-02,1,843.32,0,843.32
OL-02105,ORD-10858,CUST-0272,PROD-018,2025-05-02,1,9.52,0,9.52
OL-02106,ORD-10858,CUST-0272,PROD-027,2025-05-02,3,52.67,0,158.01
OL-02107,ORD-10859,CUST-0272,PROD-014,2024-08-30,2,487.6,0,975.2
OL-02108,ORD-10859,CUST-0272,PROD-008,2024-08-30,1,342.59,0,342.59
OL-02109,ORD-10859,CUST-0272,PROD-002,2024-08-30,2,505.32,0.05,960.11
OL-02110,ORD-10859,CUST-0272,PROD-031,2024-08-30,5,164.42,0.15,698.78
OL-02111,ORD-10860,CUST-0272,PROD-018,2025-01-28,4,9.52,0,38.08
OL-02112,ORD-10860,CUST-0272,PROD-002,2025-01-28,2,505.32,0,1010.64
OL-02113,ORD-10860,CUST-0272,PROD-037,2025-01-28,1,23.39,0.05,22.22
OL-02114,ORD-10861,CUST-0272,PROD-002,2025-03-31,4,505.32,0.05,1920.22
OL-02115,ORD-10861,CUST-0272,PROD-003,2025-03-31,2,722.82,0,1445.64
OL-02116,ORD-10861,CUST-0272,PROD-032,2025-03-31,5,129.73,0,648.65
OL-02117,ORD-10861,CUST-0272,PROD-028,2025-03-31,1,65.64,0.2,52.51
OL-02118,ORD-10862,CUST-0272,PROD-019,2025-07-10,3,21.71,0,65.13
OL-02119,ORD-10862,CUST-0272,PROD-031,2025-07-10,3,164.42,0.2,394.61
OL-02120,ORD-10862,CUST-0272,PROD-013,2025-07-10,2,134.4,0,268.8
OL-02121,ORD-10863,CUST-0272,PROD-001,2025-04-06,5,1226.38,0.15,5212.12
OL-02122,ORD-10863,CUST-0272,PROD-003,2025-04-06,4,722.82,0.2,2313.02
OL-02123,ORD-10863,CUST-0272,PROD-037,2025-04-06,2,23.39,0.15,39.76
OL-02124,ORD-10863,CUST-0272,PROD-028,2025-04-06,1,65.64,0,65.64
OL-02125,ORD-10864,CUST-0272,PROD-024,2024-10-21,4,38.87,0.2,124.38
OL-02126,ORD-10865,CUST-0272,PROD-024,2024-12-15,5,38.87,0,194.35
OL-02127,ORD-10865,CUST-0272,PROD-036,2024-12-15,3,97.89,0.15,249.62
OL-02128,ORD-10866,CUST-0272,PROD-027,2025-03-11,3,52.67,0.05,150.11
OL-02129,ORD-10866,CUST-0272,PROD-012,2025-03-11,3,109.67,0.2,263.21
OL-02130,ORD-10866,CUST-0272,PROD-026,2025-03-11,3,54.35,0,163.05
OL-02131,ORD-10867,CUST-0272,PROD-035,2025-06-08,1,75.75,0.1,68.17
OL-02132,ORD-10867,CUST-0272,PROD-027,2025-06-08,3,52.67,0,158.01
OL-02133,ORD-10867,CUST-0272,PROD-024,2025-06-08,3,38.87,0,116.61
OL-02134,ORD-10867,CUST-0272,PROD-028,2025-06-08,4,65.64,0.05,249.43
OL-02135,ORD-10868,CUST-0273,PROD-003,2025-09-08,5,722.82,0.2,2891.28
OL-02136,ORD-10868,CUST-0273,PROD-022,2025-09-08,2,27.82,0.1,50.08
OL-02137,ORD-10869,CUST-0274,PROD-037,2024-12-30,2,23.39,0.2,37.42
OL-02138,ORD-10869,CUST-0274,PROD-009,2024-12-30,4,89.78,0,359.12
OL-02139,ORD-10870,CUST-0275,PROD-033,2025-05-03,5,70.03,0,350.15
OL-02140,ORD-10871,CUST-0276,PROD-017,2024-07-02,5,242.78,0.15,1031.82
OL-02141,ORD-10872,CUST-0276,PROD-015,2025-11-11,4,295.3,0,1181.2
OL-02142,ORD-10872,CUST-0276,PROD-022,2025-11-11,3,27.82,0.15,70.94
OL-02143,ORD-10873,CUST-0276,PROD-036,2025-09-18,4,97.89,0,391.56
OL-02144,ORD-10873,CUST-0276,PROD-026,2025-09-18,5,54.35,0,271.75
OL-02145,ORD-10873,CUST-0276,PROD-034,2025-09-18,4,79.8,0.15,271.32
OL-02146,ORD-10874,CUST-0276,PROD-015,2025-08-05,4,295.3,0,1181.2
OL-02147,ORD-10875,CUST-0276,PROD-001,2025-09-17,1,1226.38,0.05,1165.06
OL-02148,ORD-10875,CUST-0276,PROD-033,2025-09-17,2,70.03,0,140.06
OL-02149,ORD-10876,CUST-0277,PROD-016,2025-08-04,2,189.62,0.1,341.32
OL-02150,ORD-10876,CUST-0277,PROD-026,2025-08-04,1,54.35,0.2,43.48
OL-02151,ORD-10876,CUST-0277,PROD-020,2025-08-04,2,37.73,0,75.46
OL-02152,ORD-10877,CUST-0277,PROD-019,2025-08-27,1,21.71,0,21.71
OL-02153,ORD-10878,CUST-0277,PROD-005,2025-11-22,3,843.32,0.05,2403.46
OL-02154,ORD-10879,CUST-0277,PROD-023,2025-10-18,3,88.43,0.05,252.03
OL-02155,ORD-10879,CUST-0277,PROD-026,2025-10-18,3,54.35,0,163.05
OL-02156,ORD-10879,CUST-0277,PROD-001,2025-10-18,3,1226.38,0.05,3495.18
OL-02157,ORD-10879,CUST-0277,PROD-020,2025-10-18,5,37.73,0.1,169.78
OL-02158,ORD-10880,CUST-0278,PROD-032,2024-11-16,1,129.73,0.05,123.24
OL-02159,ORD-10881,CUST-0278,PROD-002,2025-05-13,4,505.32,0.2,1617.02
OL-02160,ORD-10881,CUST-0278,PROD-017,2025-05-13,5,242.78,0.2,971.12
OL-02161,ORD-10881,CUST-0278,PROD-031,2025-05-13,1,164.42,0.05,156.2
OL-02162,ORD-10882,CUST-0278,PROD-032,2025-11-18,1,129.73,0.05,123.24
OL-02163,ORD-10882,CUST-0278,PROD-002,2025-11-18,1,505.32,0.05,480.05
OL-02164,ORD-10882,CUST-0278,PROD-025,2025-11-18,3,25.5,0.1,68.85
OL-02165,ORD-10883,CUST-0278,PROD-016,2025-01-17,1,189.62,0.05,180.14
OL-02166,ORD-10884,CUST-0278,PROD-016,2025-06-13,3,189.62,0,568.86
OL-02167,ORD-10884,CUST-0278,PROD-031,2025-06-13,5,164.42,0.2,657.68
OL-02168,ORD-10884,CUST-0278,PROD-003,2025-06-13,4,722.82,0,2891.28
OL-02169,ORD-10885,CUST-0278,PROD-007,2025-10-11,5,511.33,0.05,2428.82
OL-02170,ORD-10885,CUST-0278,PROD-001,2025-10-11,1,1226.38,0.1,1103.74
OL-02171,ORD-10885,CUST-0278,PROD-009,2025-10-11,2,89.78,0.05,170.58
OL-02172,ORD-10885,CUST-0278,PROD-002,2025-10-11,3,505.32,0.15,1288.57
OL-02173,ORD-10886,CUST-0278,PROD-035,2025-09-16,5,75.75,0.05,359.81
OL-02174,ORD-10886,CUST-0278,PROD-004,2025-09-16,2,921.23,0.05,1750.34
OL-02175,ORD-10886,CUST-0278,PROD-017,2025-09-16,3,242.78,0.2,582.67
OL-02176,ORD-10886,CUST-0278,PROD-008,2025-09-16,2,342.59,0,685.18
OL-02177,ORD-10887,CUST-0278,PROD-028,2025-04-28,1,65.64,0,65.64
OL-02178,ORD-10887,CUST-0278,PROD-008,2025-04-28,4,342.59,0.05,1301.84
OL-02179,ORD-10887,CUST-0278,PROD-010,2025-04-28,2,121.48,0,242.96
OL-02180,ORD-10888,CUST-0279,PROD-025,2024-03-19,3,25.5,0,76.5
OL-02181,ORD-10888,CUST-0279,PROD-003,2024-03-19,2,722.82,0,1445.64
OL-02182,ORD-10889,CUST-0279,PROD-015,2025-06-20,2,295.3,0,590.6
OL-02183,ORD-10889,CUST-0279,PROD-029,2025-06-20,2,32.8,0.15,55.76
OL-02184,ORD-10889,CUST-0279,PROD-008,2025-06-20,5,342.59,0.1,1541.65
OL-02185,ORD-10889,CUST-0279,PROD-007,2025-06-20,1,511.33,0.05,485.76
OL-02186,ORD-10890,CUST-0279,PROD-028,2024-12-13,3,65.64,0.15,167.38
OL-02187,ORD-10890,CUST-0279,PROD-002,2024-12-13,5,505.32,0,2526.6
OL-02188,ORD-10890,CUST-0279,PROD-034,2024-12-13,4,79.8,0.05,303.24
OL-02189,ORD-10891,CUST-0279,PROD-028,2024-04-20,1,65.64,0,65.64
OL-02190,ORD-10891,CUST-0279,PROD-036,2024-04-20,3,97.89,0.15,249.62
OL-02191,ORD-10891,CUST-0279,PROD-005,2024-04-20,3,843.32,0.05,2403.46
OL-02192,ORD-10892,CUST-0279,PROD-009,2024-10-25,1,89.78,0,89.78
OL-02193,ORD-10892,CUST-0279,PROD-008,2024-10-25,1,342.59,0.1,308.33
OL-02194,ORD-10893,CUST-0279,PROD-029,2024-07-07,3,32.8,0.1,88.56
OL-02195,ORD-10893,CUST-0279,PROD-035,2024-07-07,3,75.75,0.05,215.89
OL-02196,ORD-10894,CUST-0279,PROD-027,2024-05-07,5,52.67,0,263.35
OL-02197,ORD-10894,CUST-0279,PROD-008,2024-05-07,2,342.59,0,685.18
OL-02198,ORD-10895,CUST-0279,PROD-009,2024-06-17,3,89.78,0,269.34
OL-02199,ORD-10895,CUST-0279,PROD-026,2024-06-17,5,54.35,0.2,217.4
OL-02200,ORD-10895,CUST-0279,PROD-001,2024-06-17,1,1226.38,0,1226.38
OL-02201,ORD-10896,CUST-0279,PROD-034,2024-12-27,2,79.8,0,159.6
OL-02202,ORD-10896,CUST-0279,PROD-001,2024-12-27,2,1226.38,0.2,1962.21
OL-02203,ORD-10896,CUST-0279,PROD-020,2024-12-27,4,37.73,0.2,120.74
OL-02204,ORD-10897,CUST-0280,PROD-031,2025-02-13,1,164.42,0,164.42
OL-02205,ORD-10897,CUST-0280,PROD-014,2025-02-13,4,487.6,0.1,1755.36
OL-02206,ORD-10898,CUST-0281,PROD-010,2025-01-17,2,121.48,0.2,194.37
OL-02207,ORD-10899,CUST-0281,PROD-005,2025-10-20,5,843.32,0,4216.6
OL-02208,ORD-10899,CUST-0281,PROD-031,2025-10-20,5,164.42,0,822.1
OL-02209,ORD-10900,CUST-0281,PROD-024,2025-06-07,1,38.87,0.2,31.1
OL-02210,ORD-10900,CUST-0281,PROD-015,2025-06-07,4,295.3,0,1181.2
OL-02211,ORD-10900,CUST-0281,PROD-017,2025-06-07,3,242.78,0.2,582.67
OL-02212,ORD-10900,CUST-0281,PROD-027,2025-06-07,4,52.67,0,210.68
OL-02213,ORD-10901,CUST-0281,PROD-026,2025-05-10,2,54.35,0.05,103.27
OL-02214,ORD-10901,CUST-0281,PROD-029,2025-05-10,5,32.8,0.2,131.2
OL-02215,ORD-10901,CUST-0281,PROD-015,2025-05-10,5,295.3,0.05,1402.67
OL-02216,ORD-10902,CUST-0281,PROD-016,2025-12-28,3,189.62,0.05,540.42
OL-02217,ORD-10902,CUST-0281,PROD-034,2025-12-28,1,79.8,0.05,75.81
OL-02218,ORD-10903,CUST-0281,PROD-027,2025-12-05,1,52.67,0.1,47.4
OL-02219,ORD-10904,CUST-0281,PROD-003,2025-03-16,3,722.82,0.05,2060.04
OL-02220,ORD-10904,CUST-0281,PROD-024,2025-03-16,3,38.87,0.05,110.78
OL-02221,ORD-10905,CUST-0281,PROD-020,2025-12-30,3,37.73,0.2,90.55
OL-02222,ORD-10905,CUST-0281,PROD-035,2025-12-30,4,75.75,0.1,272.7
OL-02223,ORD-10905,CUST-0281,PROD-021,2025-12-30,4,38.34,0.05,145.69
OL-02224,ORD-10906,CUST-0282,PROD-031,2025-01-08,1,164.42,0.15,139.76
OL-02225,ORD-10906,CUST-0282,PROD-022,2025-01-08,4,27.82,0,111.28
OL-02226,ORD-10907,CUST-0282,PROD-017,2025-10-22,3,242.78,0,728.34
OL-02227,ORD-10908,CUST-0283,PROD-021,2025-02-08,5,38.34,0,191.7
OL-02228,ORD-10908,CUST-0283,PROD-016,2025-02-08,3,189.62,0,568.86
OL-02229,ORD-10909,CUST-0283,PROD-034,2025-06-01,3,79.8,0.1,215.46
OL-02230,ORD-10909,CUST-0283,PROD-027,2025-06-01,4,52.67,0.15,179.08
OL-02231,ORD-10909,CUST-0283,PROD-018,2025-06-01,2,9.52,0.2,15.23
OL-02232,ORD-10910,CUST-0284,PROD-019,2025-11-18,3,21.71,0.15,55.36
OL-02233,ORD-10910,CUST-0284,PROD-013,2025-11-18,5,134.4,0.1,604.8
OL-02234,ORD-10911,CUST-0285,PROD-030,2024-07-24,2,33.74,0,67.48
OL-02235,ORD-10911,CUST-0285,PROD-034,2024-07-24,3,79.8,0.15,203.49
OL-02236,ORD-10912,CUST-0285,PROD-022,2024-12-12,4,27.82,0,111.28
OL-02237,ORD-10912,CUST-0285,PROD-012,2024-12-12,2,109.67,0.05,208.37
OL-02238,ORD-10913,CUST-0285,PROD-037,2025-04-12,3,23.39,0,70.17
OL-02239,ORD-10913,CUST-0285,PROD-030,2025-04-12,3,33.74,0.1,91.1
OL-02240,ORD-10913,CUST-0285,PROD-035,2025-04-12,1,75.75,0,75.75
OL-02241,ORD-10914,CUST-0285,PROD-036,2024-10-10,2,97.89,0.2,156.62
OL-02242,ORD-10914,CUST-0285,PROD-026,2024-10-10,3,54.35,0.05,154.9
OL-02243,ORD-10914,CUST-0285,PROD-001,2024-10-10,4,1226.38,0.1,4414.97
OL-02244,ORD-10914,CUST-0285,PROD-005,2024-10-10,5,843.32,0.2,3373.28
OL-02245,ORD-10915,CUST-0285,PROD-013,2024-12-27,4,134.4,0.1,483.84
OL-02246,ORD-10915,CUST-0285,PROD-018,2024-12-27,1,9.52,0.05,9.04
OL-02247,ORD-10915,CUST-0285,PROD-004,2024-12-27,4,921.23,0.05,3500.67
OL-02248,ORD-10915,CUST-0285,PROD-028,2024-12-27,3,65.64,0,196.92
OL-02249,ORD-10916,CUST-0285,PROD-008,2024-10-18,1,342.59,0,342.59
OL-02250,ORD-10916,CUST-0285,PROD-024,2024-10-18,1,38.87,0,38.87
OL-02251,ORD-10917,CUST-0286,PROD-009,2024-05-27,2,89.78,0,179.56
OL-02252,ORD-10917,CUST-0286,PROD-007,2024-05-27,5,511.33,0,2556.65
OL-02253,ORD-10917,CUST-0286,PROD-028,2024-05-27,1,65.64,0,65.64
OL-02254,ORD-10918,CUST-0287,PROD-019,2025-07-28,2,21.71,0,43.42
OL-02255,ORD-10918,CUST-0287,PROD-028,2025-07-28,5,65.64,0.1,295.38
OL-02256,ORD-10918,CUST-0287,PROD-016,2025-07-28,5,189.62,0.2,758.48
OL-02257,ORD-10919,CUST-0287,PROD-016,2025-12-26,5,189.62,0.1,853.29
OL-02258,ORD-10919,CUST-0287,PROD-010,2025-12-26,3,121.48,0.2,291.55
OL-02259,ORD-10919,CUST-0287,PROD-002,2025-12-26,2,505.32,0,1010.64
OL-02260,ORD-10920,CUST-0288,PROD-014,2025-11-16,1,487.6,0.1,438.84
OL-02261,ORD-10920,CUST-0288,PROD-035,2025-11-16,5,75.75,0,378.75
OL-02262,ORD-10920,CUST-0288,PROD-002,2025-11-16,4,505.32,0,2021.28
OL-02263,ORD-10920,CUST-0288,PROD-011,2025-11-16,1,103.76,0,103.76
OL-02264,ORD-10921,CUST-0289,PROD-016,2025-12-11,5,189.62,0,948.1
OL-02265,ORD-10921,CUST-0289,PROD-030,2025-12-11,2,33.74,0,67.48
OL-02266,ORD-10922,CUST-0290,PROD-016,2025-01-15,3,189.62,0.05,540.42
OL-02267,ORD-10923,CUST-0290,PROD-029,2025-11-22,1,32.8,0.05,31.16
OL-02268,ORD-10923,CUST-0290,PROD-014,2025-11-22,4,487.6,0.05,1852.88
OL-02269,ORD-10923,CUST-0290,PROD-015,2025-11-22,2,295.3,0.15,502.01
OL-02270,ORD-10923,CUST-0290,PROD-007,2025-11-22,4,511.33,0.2,1636.26
OL-02271,ORD-10924,CUST-0290,PROD-002,2025-12-10,4,505.32,0.05,1920.22
OL-02272,ORD-10924,CUST-0290,PROD-035,2025-12-10,5,75.75,0,378.75
OL-02273,ORD-10924,CUST-0290,PROD-018,2025-12-10,3,9.52,0,28.56
OL-02274,ORD-10924,CUST-0290,PROD-014,2025-12-10,4,487.6,0.1,1755.36
OL-02275,ORD-10925,CUST-0290,PROD-029,2025-12-11,1,32.8,0.1,29.52
OL-02276,ORD-10925,CUST-0290,PROD-014,2025-12-11,4,487.6,0,1950.4
OL-02277,ORD-10925,CUST-0290,PROD-024,2025-12-11,4,38.87,0,155.48
OL-02278,ORD-10925,CUST-0290,PROD-010,2025-12-11,2,121.48,0,242.96
OL-02279,ORD-10926,CUST-0290,PROD-018,2025-07-29,4,9.52,0.1,34.27
OL-02280,ORD-10926,CUST-0290,PROD-016,2025-07-29,4,189.62,0,758.48
OL-02281,ORD-10926,CUST-0290,PROD-019,2025-07-29,5,21.71,0,108.55
OL-02282,ORD-10926,CUST-0290,PROD-015,2025-07-29,1,295.3,0.05,280.54
OL-02283,ORD-10927,CUST-0291,PROD-025,2025-05-26,5,25.5,0,127.5
OL-02284,ORD-10928,CUST-0292,PROD-002,2025-05-19,4,505.32,0,2021.28
OL-02285,ORD-10928,CUST-0292,PROD-032,2025-05-19,4,129.73,0,518.92
OL-02286,ORD-10928,CUST-0292,PROD-028,2025-05-19,3,65.64,0,196.92
OL-02287,ORD-10928,CUST-0292,PROD-029,2025-05-19,3,32.8,0,98.4
OL-02288,ORD-10929,CUST-0293,PROD-031,2025-06-15,5,164.42,0.15,698.78
OL-02289,ORD-10929,CUST-0293,PROD-011,2025-06-15,5,103.76,0.1,466.92
OL-02290,ORD-10929,CUST-0293,PROD-015,2025-06-15,5,295.3,0.2,1181.2
OL-02291,ORD-10930,CUST-0293,PROD-025,2025-10-08,3,25.5,0,76.5
OL-02292,ORD-10931,CUST-0294,PROD-011,2024-06-29,1,103.76,0.1,93.38
OL-02293,ORD-10932,CUST-0294,PROD-017,2025-07-05,1,242.78,0.1,218.5
OL-02294,ORD-10933,CUST-0294,PROD-029,2025-11-03,2,32.8,0.2,52.48
OL-02295,ORD-10933,CUST-0294,PROD-010,2025-11-03,4,121.48,0,485.92
OL-02296,ORD-10933,CUST-0294,PROD-019,2025-11-03,2,21.71,0,43.42
OL-02297,ORD-10934,CUST-0295,PROD-011,2025-06-03,2,103.76,0.2,166.02
OL-02298,ORD-10934,CUST-0295,PROD-034,2025-06-03,1,79.8,0.1,71.82
OL-02299,ORD-10934,CUST-0295,PROD-005,2025-06-03,1,843.32,0.1,758.99
OL-02300,ORD-10935,CUST-0296,PROD-019,2025-07-24,4,21.71,0.05,82.5
OL-02301,ORD-10935,CUST-0296,PROD-036,2025-07-24,2,97.89,0,195.78
OL-02302,ORD-10936,CUST-0296,PROD-005,2025-08-16,3,843.32,0.2,2023.97
OL-02303,ORD-10936,CUST-0296,PROD-007,2025-08-16,2,511.33,0.1,920.39
OL-02304,ORD-10937,CUST-0296,PROD-036,2025-10-10,5,97.89,0,489.45
OL-02305,ORD-10937,CUST-0296,PROD-024,2025-10-10,2,38.87,0.2,62.19
OL-02306,ORD-10937,CUST-0296,PROD-012,2025-10-10,1,109.67,0,109.67
OL-02307,ORD-10937,CUST-0296,PROD-010,2025-10-10,2,121.48,0.2,194.37
OL-02308,ORD-10938,CUST-0296,PROD-033,2025-12-25,5,70.03,0,350.15
OL-02309,ORD-10939,CUST-0297,PROD-004,2025-06-18,2,921.23,0.2,1473.97
OL-02310,ORD-10939,CUST-0297,PROD-031,2025-06-18,2,164.42,0,328.84
OL-02311,ORD-10940,CUST-0298,PROD-037,2025-01-31,2,23.39,0.05,44.44
OL-02312,ORD-10940,CUST-0298,PROD-018,2025-01-31,2,9.52,0.15,16.18
OL-02313,ORD-10940,CUST-0298,PROD-030,2025-01-31,1,33.74,0.15,28.68
OL-02314,ORD-10941,CUST-0299,PROD-003,2024-09-14,4,722.82,0,2891.28
OL-02315,ORD-10941,CUST-0299,PROD-005,2024-09-14,1,843.32,0,843.32
OL-02316,ORD-10942,CUST-0299,PROD-026,2025-05-22,4,54.35,0.15,184.79
OL-02317,ORD-10942,CUST-0299,PROD-036,2025-05-22,5,97.89,0,489.45
OL-02318,ORD-10942,CUST-0299,PROD-035,2025-05-22,5,75.75,0.1,340.88
OL-02319,ORD-10942,CUST-0299,PROD-034,2025-05-22,4,79.8,0.2,255.36
OL-02320,ORD-10943,CUST-0299,PROD-011,2025-02-04,1,103.76,0,103.76
OL-02321,ORD-10943,CUST-0299,PROD-033,2025-02-04,1,70.03,0.1,63.03
OL-02322,ORD-10943,CUST-0299,PROD-032,2025-02-04,3,129.73,0.2,311.35
OL-02323,ORD-10943,CUST-0299,PROD-009,2025-02-04,3,89.78,0,269.34
OL-02324,ORD-10944,CUST-0299,PROD-025,2025-08-04,3,25.5,0.05,72.67
OL-02325,ORD-10944,CUST-0299,PROD-020,2025-08-04,2,37.73,0.2,60.37
OL-02326,ORD-10944,CUST-0299,PROD-024,2025-08-04,1,38.87,0,38.87
OL-02327,ORD-10944,CUST-0299,PROD-002,2025-08-04,4,505.32,0.2,1617.02
OL-02328,ORD-10945,CUST-0299,PROD-029,2025-08-21,3,32.8,0.05,93.48
OL-02329,ORD-10945,CUST-0299,PROD-009,2025-08-21,2,89.78,0,179.56
OL-02330,ORD-10946,CUST-0299,PROD-029,2024-10-07,4,32.8,0.05,124.64
OL-02331,ORD-10946,CUST-0299,PROD-017,2024-10-07,4,242.78,0.15,825.45
OL-02332,ORD-10947,CUST-0299,PROD-014,2025-05-25,4,487.6,0,1950.4
OL-02333,ORD-10947,CUST-0299,PROD-030,2025-05-25,2,33.74,0,67.48
OL-02334,ORD-10947,CUST-0299,PROD-009,2025-05-25,1,89.78,0,89.78
OL-02335,ORD-10948,CUST-0300,PROD-023,2024-05-05,4,88.43,0.05,336.03
OL-02336,ORD-10949,CUST-0301,PROD-005,2025-06-24,5,843.32,0.05,4005.77
OL-02337,ORD-10949,CUST-0301,PROD-019,2025-06-24,1,21.71,0.2,17.37
OL-02338,ORD-10949,CUST-0301,PROD-023,2025-06-24,4,88.43,0,353.72
OL-02339,ORD-10949,CUST-0301,PROD-033,2025-06-24,3,70.03,0,210.09
OL-02340,ORD-10950,CUST-0302,PROD-033,2024-04-04,1,70.03,0,70.03
OL-02341,ORD-10950,CUST-0302,PROD-011,2024-04-04,5,103.76,0,518.8
OL-02342,ORD-10950,CUST-0302,PROD-001,2024-04-04,1,1226.38,0,1226.38
OL-02343,ORD-10951,CUST-0302,PROD-034,2025-01-04,1,79.8,0.05,75.81
OL-02344,ORD-10951,CUST-0302,PROD-024,2025-01-04,4,38.87,0,155.48
OL-02345,ORD-10952,CUST-0302,PROD-023,2025-06-01,1,88.43,0.2,70.74
OL-02346,ORD-10952,CUST-0302,PROD-021,2025-06-01,5,38.34,0.1,172.53
OL-02347,ORD-10952,CUST-0302,PROD-019,2025-06-01,1,21.71,0.05,20.62
OL-02348,ORD-10952,CUST-0302,PROD-024,2025-06-01,4,38.87,0.05,147.71
OL-02349,ORD-10953,CUST-0302,PROD-036,2025-05-14,5,97.89,0.1,440.5
OL-02350,ORD-10954,CUST-0302,PROD-025,2024-05-23,4,25.5,0.15,86.7
OL-02351,ORD-10954,CUST-0302,PROD-022,2024-05-23,3,27.82,0,83.46
OL-02352,ORD-10955,CUST-0302,PROD-006,2024-06-30,3,689.21,0.05,1964.25
OL-02353,ORD-10955,CUST-0302,PROD-025,2024-06-30,2,25.5,0,51
OL-02354,ORD-10956,CUST-0303,PROD-001,2025-09-18,4,1226.38,0.1,4414.97
OL-02355,ORD-10956,CUST-0303,PROD-009,2025-09-18,2,89.78,0.05,170.58
OL-02356,ORD-10956,CUST-0303,PROD-013,2025-09-18,2,134.4,0.05,255.36
OL-02357,ORD-10957,CUST-0304,PROD-014,2024-06-10,2,487.6,0.2,780.16
OL-02358,ORD-10957,CUST-0304,PROD-001,2024-06-10,1,1226.38,0,1226.38
OL-02359,ORD-10957,CUST-0304,PROD-005,2024-06-10,4,843.32,0.2,2698.62
OL-02360,ORD-10958,CUST-0304,PROD-030,2024-07-28,4,33.74,0,134.96
OL-02361,ORD-10958,CUST-0304,PROD-011,2024-07-28,1,103.76,0.15,88.2
OL-02362,ORD-10959,CUST-0304,PROD-024,2025-02-15,5,38.87,0.1,174.91
OL-02363,ORD-10959,CUST-0304,PROD-031,2025-02-15,5,164.42,0.2,657.68
OL-02364,ORD-10959,CUST-0304,PROD-017,2025-02-15,3,242.78,0.15,619.09
OL-02365,ORD-10960,CUST-0304,PROD-034,2025-05-31,5,79.8,0.2,319.2
OL-02366,ORD-10960,CUST-0304,PROD-010,2025-05-31,2,121.48,0,242.96
OL-02367,ORD-10960,CUST-0304,PROD-018,2025-05-31,1,9.52,0.05,9.04
OL-02368,ORD-10961,CUST-0304,PROD-022,2025-02-27,4,27.82,0.15,94.59
OL-02369,ORD-10961,CUST-0304,PROD-033,2025-02-27,4,70.03,0,280.12
OL-02370,ORD-10961,CUST-0304,PROD-020,2025-02-27,5,37.73,0,188.65
OL-02371,ORD-10962,CUST-0304,PROD-007,2025-08-09,2,511.33,0.2,818.13
OL-02372,ORD-10962,CUST-0304,PROD-010,2025-08-09,2,121.48,0,242.96
OL-02373,ORD-10962,CUST-0304,PROD-036,2025-08-09,4,97.89,0,391.56
OL-02374,ORD-10963,CUST-0304,PROD-035,2025-10-12,5,75.75,0,378.75
OL-02375,ORD-10964,CUST-0304,PROD-027,2025-01-22,1,52.67,0,52.67
OL-02376,ORD-10964,CUST-0304,PROD-037,2025-01-22,2,23.39,0.1,42.1
OL-02377,ORD-10964,CUST-0304,PROD-022,2025-01-22,4,27.82,0.15,94.59
OL-02378,ORD-10964,CUST-0304,PROD-020,2025-01-22,1,37.73,0.2,30.18
OL-02379,ORD-10965,CUST-0305,PROD-028,2024-05-14,4,65.64,0.2,210.05
OL-02380,ORD-10966,CUST-0305,PROD-027,2025-01-05,1,52.67,0,52.67
OL-02381,ORD-10966,CUST-0305,PROD-031,2025-01-05,3,164.42,0,493.26
OL-02382,ORD-10967,CUST-0305,PROD-032,2024-11-02,5,129.73,0,648.65
OL-02383,ORD-10967,CUST-0305,PROD-026,2024-11-02,4,54.35,0.05,206.53
OL-02384,ORD-10968,CUST-0305,PROD-019,2025-08-06,5,21.71,0.2,86.84
OL-02385,ORD-10968,CUST-0305,PROD-016,2025-08-06,2,189.62,0,379.24
OL-02386,ORD-10969,CUST-0305,PROD-025,2024-08-18,1,25.5,0,25.5
OL-02387,ORD-10969,CUST-0305,PROD-006,2024-08-18,1,689.21,0,689.21
OL-02388,ORD-10969,CUST-0305,PROD-007,2024-08-18,5,511.33,0.05,2428.82
OL-02389,ORD-10970,CUST-0305,PROD-010,2025-02-05,1,121.48,0,121.48
OL-02390,ORD-10971,CUST-0305,PROD-003,2025-01-25,3,722.82,0.2,1734.77
OL-02391,ORD-10971,CUST-0305,PROD-009,2025-01-25,3,89.78,0.15,228.94
OL-02392,ORD-10972,CUST-0305,PROD-037,2025-05-15,2,23.39,0,46.78
OL-02393,ORD-10972,CUST-0305,PROD-006,2025-05-15,3,689.21,0,2067.63
OL-02394,ORD-10972,CUST-0305,PROD-003,2025-05-15,1,722.82,0.1,650.54
OL-02395,ORD-10973,CUST-0305,PROD-001,2024-07-10,2,1226.38,0.2,1962.21
OL-02396,ORD-10974,CUST-0305,PROD-032,2024-08-24,5,129.73,0.2,518.92
OL-02397,ORD-10974,CUST-0305,PROD-007,2024-08-24,5,511.33,0,2556.65
OL-02398,ORD-10974,CUST-0305,PROD-018,2024-08-24,5,9.52,0,47.6
OL-02399,ORD-10974,CUST-0305,PROD-019,2024-08-24,2,21.71,0,43.42
OL-02400,ORD-10975,CUST-0306,PROD-011,2025-09-10,4,103.76,0.1,373.54
OL-02401,ORD-10975,CUST-0306,PROD-033,2025-09-10,2,70.03,0.15,119.05
OL-02402,ORD-10975,CUST-0306,PROD-007,2025-09-10,3,511.33,0,1533.99
OL-02403,ORD-10976,CUST-0307,PROD-011,2025-02-20,3,103.76,0.1,280.15
OL-02404,ORD-10976,CUST-0307,PROD-031,2025-02-20,3,164.42,0,493.26
OL-02405,ORD-10976,CUST-0307,PROD-029,2025-02-20,4,32.8,0.05,124.64
OL-02406,ORD-10977,CUST-0308,PROD-020,2024-05-27,2,37.73,0,75.46
OL-02407,ORD-10977,CUST-0308,PROD-021,2024-05-27,4,38.34,0,153.36
OL-02408,ORD-10978,CUST-0308,PROD-003,2025-06-06,1,722.82,0.1,650.54
OL-02409,ORD-10978,CUST-0308,PROD-006,2025-06-06,1,689.21,0,689.21
OL-02410,ORD-10979,CUST-0308,PROD-009,2024-08-05,3,89.78,0.15,228.94
OL-02411,ORD-10979,CUST-0308,PROD-010,2024-08-05,3,121.48,0.1,328
OL-02412,ORD-10979,CUST-0308,PROD-005,2024-08-05,2,843.32,0.15,1433.64
OL-02413,ORD-10979,CUST-0308,PROD-019,2024-08-05,4,21.71,0.05,82.5
OL-02414,ORD-10980,CUST-0309,PROD-036,2025-06-30,5,97.89,0,489.45
OL-02415,ORD-10981,CUST-0310,PROD-031,2025-03-18,3,164.42,0,493.26
OL-02416,ORD-10981,CUST-0310,PROD-003,2025-03-18,4,722.82,0,2891.28
OL-02417,ORD-10982,CUST-0310,PROD-004,2025-09-25,1,921.23,0.2,736.98
OL-02418,ORD-10983,CUST-0311,PROD-025,2024-05-04,4,25.5,0.15,86.7
OL-02419,ORD-10983,CUST-0311,PROD-012,2024-05-04,4,109.67,0.2,350.94
OL-02420,ORD-10983,CUST-0311,PROD-032,2024-05-04,3,129.73,0.05,369.73
OL-02421,ORD-10984,CUST-0311,PROD-028,2024-07-26,2,65.64,0,131.28
OL-02422,ORD-10984,CUST-0311,PROD-021,2024-07-26,2,38.34,0,76.68
OL-02423,ORD-10984,CUST-0311,PROD-037,2024-07-26,4,23.39,0,93.56
OL-02424,ORD-10985,CUST-0311,PROD-010,2025-01-23,2,121.48,0.1,218.66
OL-02425,ORD-10985,CUST-0311,PROD-003,2025-01-23,5,722.82,0.05,3433.39
OL-02426,ORD-10985,CUST-0311,PROD-009,2025-01-23,3,89.78,0,269.34
OL-02427,ORD-10986,CUST-0311,PROD-027,2025-05-23,1,52.67,0.15,44.77
OL-02428,ORD-10986,CUST-0311,PROD-003,2025-05-23,3,722.82,0.15,1843.19
OL-02429,ORD-10987,CUST-0312,PROD-022,2024-12-28,4,27.82,0.2,89.02
OL-02430,ORD-10987,CUST-0312,PROD-001,2024-12-28,5,1226.38,0,6131.9
OL-02431,ORD-10987,CUST-0312,PROD-007,2024-12-28,2,511.33,0,1022.66
OL-02432,ORD-10988,CUST-0313,PROD-034,2025-11-11,4,79.8,0.2,255.36
OL-02433,ORD-10988,CUST-0313,PROD-026,2025-11-11,1,54.35,0.05,51.63
OL-02434,ORD-10988,CUST-0313,PROD-013,2025-11-11,5,134.4,0.1,604.8
OL-02435,ORD-10989,CUST-0314,PROD-003,2024-06-06,4,722.82,0.1,2602.15
OL-02436,ORD-10989,CUST-0314,PROD-019,2024-06-06,1,21.71,0.05,20.62
OL-02437,ORD-10989,CUST-0314,PROD-022,2024-06-06,4,27.82,0.05,105.72
OL-02438,ORD-10989,CUST-0314,PROD-002,2024-06-06,5,505.32,0.1,2273.94
OL-02439,ORD-10990,CUST-0314,PROD-015,2024-10-17,3,295.3,0.15,753.02
OL-02440,ORD-10990,CUST-0314,PROD-029,2024-10-17,1,32.8,0.2,26.24
OL-02441,ORD-10990,CUST-0314,PROD-017,2024-10-17,2,242.78,0.15,412.73
OL-02442,ORD-10991,CUST-0314,PROD-026,2025-09-27,5,54.35,0,271.75
OL-02443,ORD-10991,CUST-0314,PROD-017,2025-09-27,1,242.78,0,242.78
OL-02444,ORD-10991,CUST-0314,PROD-001,2025-09-27,4,1226.38,0,4905.52
OL-02445,ORD-10992,CUST-0314,PROD-028,2025-01-10,1,65.64,0,65.64
OL-02446,ORD-10993,CUST-0314,PROD-035,2025-08-05,5,75.75,0.2,303
OL-02447,ORD-10993,CUST-0314,PROD-027,2025-08-05,3,52.67,0.2,126.41
OL-02448,ORD-10993,CUST-0314,PROD-002,2025-08-05,5,505.32,0.15,2147.61
OL-02449,ORD-10994,CUST-0314,PROD-014,2024-07-17,1,487.6,0.2,390.08
OL-02450,ORD-10994,CUST-0314,PROD-035,2024-07-17,2,75.75,0.05,143.92
OL-02451,ORD-10994,CUST-0314,PROD-036,2024-07-17,5,97.89,0.15,416.03
OL-02452,ORD-10994,CUST-0314,PROD-019,2024-07-17,3,21.71,0,65.13
OL-02453,ORD-10995,CUST-0314,PROD-001,2025-03-27,1,1226.38,0,1226.38
OL-02454,ORD-10995,CUST-0314,PROD-028,2025-03-27,2,65.64,0.05,124.72
OL-02455,ORD-10996,CUST-0314,PROD-009,2024-07-01,3,89.78,0,269.34
OL-02456,ORD-10997,CUST-0314,PROD-017,2025-05-23,4,242.78,0,971.12
OL-02457,ORD-10997,CUST-0314,PROD-027,2025-05-23,2,52.67,0,105.34
OL-02458,ORD-10997,CUST-0314,PROD-011,2025-05-23,1,103.76,0.2,83.01
OL-02459,ORD-10998,CUST-0314,PROD-020,2025-10-11,1,37.73,0,37.73
OL-02460,ORD-10998,CUST-0314,PROD-035,2025-10-11,2,75.75,0.2,121.2
OL-02461,ORD-10998,CUST-0314,PROD-036,2025-10-11,1,97.89,0.2,78.31
OL-02462,ORD-10999,CUST-0314,PROD-016,2025-10-13,1,189.62,0.2,151.7
OL-02463,ORD-11000,CUST-0314,PROD-012,2025-07-20,3,109.67,0,329.01
OL-02464,ORD-11000,CUST-0314,PROD-008,2025-07-20,5,342.59,0.2,1370.36
OL-02465,ORD-11000,CUST-0314,PROD-029,2025-07-20,5,32.8,0.05,155.8
OL-02466,ORD-11001,CUST-0314,PROD-031,2025-03-09,5,164.42,0,822.1
OL-02467,ORD-11002,CUST-0314,PROD-023,2025-07-28,1,88.43,0,88.43
OL-02468,ORD-11003,CUST-0314,PROD-013,2024-09-19,5,134.4,0.2,537.6
OL-02469,ORD-11003,CUST-0314,PROD-035,2024-09-19,1,75.75,0,75.75
OL-02470,ORD-11003,CUST-0314,PROD-017,2024-09-19,2,242.78,0,485.56
OL-02471,ORD-11003,CUST-0314,PROD-002,2024-09-19,3,505.32,0,1515.96
OL-02472,ORD-11004,CUST-0314,PROD-031,2025-03-15,1,164.42,0,164.42
OL-02473,ORD-11004,CUST-0314,PROD-023,2025-03-15,4,88.43,0.2,282.98
OL-02474,ORD-11005,CUST-0314,PROD-007,2025-07-13,2,511.33,0,1022.66
OL-02475,ORD-11005,CUST-0314,PROD-033,2025-07-13,5,70.03,0.15,297.63
OL-02476,ORD-11005,CUST-0314,PROD-026,2025-07-13,4,54.35,0.2,173.92
OL-02477,ORD-11005,CUST-0314,PROD-014,2025-07-13,5,487.6,0.15,2072.3
OL-02478,ORD-11006,CUST-0314,PROD-015,2025-06-13,4,295.3,0.1,1063.08
OL-02479,ORD-11007,CUST-0314,PROD-025,2025-07-20,1,25.5,0,25.5
OL-02480,ORD-11007,CUST-0314,PROD-021,2025-07-20,4,38.34,0,153.36
OL-02481,ORD-11007,CUST-0314,PROD-024,2025-07-20,1,38.87,0.1,34.98
OL-02482,ORD-11007,CUST-0314,PROD-013,2025-07-20,3,134.4,0,403.2
OL-02483,ORD-11008,CUST-0314,PROD-022,2025-05-27,3,27.82,0.2,66.77
OL-02484,ORD-11008,CUST-0314,PROD-027,2025-05-27,4,52.67,0,210.68
OL-02485,ORD-11008,CUST-0314,PROD-001,2025-05-27,2,1226.38,0.2,1962.21
OL-02486,ORD-11009,CUST-0314,PROD-009,2024-08-09,4,89.78,0.05,341.16
OL-02487,ORD-11010,CUST-0314,PROD-008,2025-03-31,2,342.59,0,685.18
OL-02488,ORD-11010,CUST-0314,PROD-003,2025-03-31,5,722.82,0.2,2891.28
OL-02489,ORD-11010,CUST-0314,PROD-021,2025-03-31,4,38.34,0,153.36
OL-02490,ORD-11011,CUST-0314,PROD-004,2024-07-10,3,921.23,0.15,2349.14
OL-02491,ORD-11012,CUST-0314,PROD-025,2024-08-30,3,25.5,0.2,61.2
OL-02492,ORD-11012,CUST-0314,PROD-010,2024-08-30,4,121.48,0,485.92
OL-02493,ORD-11012,CUST-0314,PROD-018,2024-08-30,5,9.52,0,47.6
OL-02494,ORD-11013,CUST-0314,PROD-020,2024-07-29,3,37.73,0,113.19
OL-02495,ORD-11013,CUST-0314,PROD-027,2024-07-29,1,52.67,0.2,42.14
OL-02496,ORD-11013,CUST-0314,PROD-002,2024-07-29,2,505.32,0.1,909.58
OL-02497,ORD-11013,CUST-0314,PROD-019,2024-07-29,5,21.71,0.1,97.7
OL-02498,ORD-11014,CUST-0314,PROD-024,2025-08-31,1,38.87,0,38.87
OL-02499,ORD-11015,CUST-0315,PROD-021,2024-08-09,5,38.34,0,191.7
OL-02500,ORD-11015,CUST-0315,PROD-008,2024-08-09,5,342.59,0.2,1370.36
OL-02501,ORD-11015,CUST-0315,PROD-012,2024-08-09,1,109.67,0,109.67
OL-02502,ORD-11016,CUST-0315,PROD-020,2024-09-18,1,37.73,0.2,30.18
OL-02503,ORD-11016,CUST-0315,PROD-036,2024-09-18,5,97.89,0.1,440.5
OL-02504,ORD-11016,CUST-0315,PROD-035,2024-09-18,5,75.75,0,378.75
OL-02505,ORD-11017,CUST-0315,PROD-007,2025-12-01,3,511.33,0.05,1457.29
OL-02506,ORD-11017,CUST-0315,PROD-026,2025-12-01,1,54.35,0.15,46.2
OL-02507,ORD-11017,CUST-0315,PROD-003,2025-12-01,3,722.82,0,2168.46
OL-02508,ORD-11018,CUST-0315,PROD-009,2025-09-07,1,89.78,0,89.78
OL-02509,ORD-11019,CUST-0315,PROD-007,2025-12-22,4,511.33,0,2045.32
OL-02510,ORD-11020,CUST-0315,PROD-026,2025-04-21,3,54.35,0,163.05
OL-02511,ORD-11020,CUST-0315,PROD-035,2025-04-21,5,75.75,0.1,340.88
OL-02512,ORD-11020,CUST-0315,PROD-007,2025-04-21,2,511.33,0,1022.66
OL-02513,ORD-11021,CUST-0315,PROD-012,2025-02-11,1,109.67,0.15,93.22
OL-02514,ORD-11021,CUST-0315,PROD-037,2025-02-11,1,23.39,0.05,22.22
OL-02515,ORD-11022,CUST-0315,PROD-011,2024-12-13,2,103.76,0.05,197.14
OL-02516,ORD-11022,CUST-0315,PROD-033,2024-12-13,1,70.03,0.15,59.53
OL-02517,ORD-11023,CUST-0315,PROD-037,2025-05-18,5,23.39,0,116.95
OL-02518,ORD-11023,CUST-0315,PROD-013,2025-05-18,1,134.4,0.05,127.68
OL-02519,ORD-11023,CUST-0315,PROD-032,2025-05-18,2,129.73,0.1,233.51
OL-02520,ORD-11024,CUST-0315,PROD-013,2025-07-31,2,134.4,0.05,255.36
OL-02521,ORD-11024,CUST-0315,PROD-034,2025-07-31,5,79.8,0.05,379.05
OL-02522,ORD-11024,CUST-0315,PROD-019,2025-07-31,5,21.71,0,108.55
OL-02523,ORD-11024,CUST-0315,PROD-023,2025-07-31,3,88.43,0,265.29
OL-02524,ORD-11025,CUST-0315,PROD-027,2025-07-05,3,52.67,0.15,134.31
OL-02525,ORD-11026,CUST-0315,PROD-001,2025-06-29,3,1226.38,0.15,3127.27
OL-02526,ORD-11026,CUST-0315,PROD-008,2025-06-29,2,342.59,0.1,616.66
OL-02527,ORD-11026,CUST-0315,PROD-026,2025-06-29,2,54.35,0.2,86.96
OL-02528,ORD-11026,CUST-0315,PROD-013,2025-06-29,5,134.4,0,672
OL-02529,ORD-11027,CUST-0315,PROD-009,2025-08-02,2,89.78,0,179.56
OL-02530,ORD-11027,CUST-0315,PROD-003,2025-08-02,1,722.82,0.15,614.4
OL-02531,ORD-11028,CUST-0315,PROD-009,2024-09-29,5,89.78,0,448.9
OL-02532,ORD-11028,CUST-0315,PROD-014,2024-09-29,2,487.6,0.15,828.92
OL-02533,ORD-11028,CUST-0315,PROD-018,2024-09-29,1,9.52,0.2,7.62
OL-02534,ORD-11028,CUST-0315,PROD-008,2024-09-29,1,342.59,0.05,325.46
OL-02535,ORD-11029,CUST-0316,PROD-014,2025-07-17,2,487.6,0.15,828.92
OL-02536,ORD-11029,CUST-0316,PROD-029,2025-07-17,1,32.8,0.2,26.24
OL-02537,ORD-11029,CUST-0316,PROD-010,2025-07-17,3,121.48,0,364.44
OL-02538,ORD-11030,CUST-0317,PROD-029,2024-03-14,2,32.8,0.05,62.32
OL-02539,ORD-11030,CUST-0317,PROD-013,2024-03-14,3,134.4,0,403.2
OL-02540,ORD-11030,CUST-0317,PROD-010,2024-03-14,2,121.48,0.05,230.81
OL-02541,ORD-11031,CUST-0317,PROD-028,2024-12-04,1,65.64,0.05,62.36
OL-02542,ORD-11031,CUST-0317,PROD-004,2024-12-04,4,921.23,0,3684.92
OL-02543,ORD-11031,CUST-0317,PROD-017,2024-12-04,1,242.78,0.2,194.22
OL-02544,ORD-11032,CUST-0317,PROD-030,2025-06-27,5,33.74,0,168.7
OL-02545,ORD-11033,CUST-0317,PROD-008,2024-07-11,2,342.59,0.05,650.92
OL-02546,ORD-11033,CUST-0317,PROD-019,2024-07-11,1,21.71,0.05,20.62
OL-02547,ORD-11033,CUST-0317,PROD-010,2024-07-11,5,121.48,0,607.4
OL-02548,ORD-11033,CUST-0317,PROD-018,2024-07-11,5,9.52,0.05,45.22
OL-02549,ORD-11034,CUST-0318,PROD-015,2025-03-08,3,295.3,0.2,708.72
OL-02550,ORD-11034,CUST-0318,PROD-029,2025-03-08,4,32.8,0.05,124.64
OL-02551,ORD-11034,CUST-0318,PROD-013,2025-03-08,3,134.4,0,403.2
OL-02552,ORD-11035,CUST-0319,PROD-029,2025-06-24,1,32.8,0.2,26.24
OL-02553,ORD-11035,CUST-0319,PROD-009,2025-06-24,2,89.78,0.15,152.63
OL-02554,ORD-11036,CUST-0320,PROD-015,2024-04-22,1,295.3,0,295.3
OL-02555,ORD-11036,CUST-0320,PROD-036,2024-04-22,3,97.89,0.1,264.3
OL-02556,ORD-11036,CUST-0320,PROD-033,2024-04-22,3,70.03,0.15,178.58
OL-02557,ORD-11036,CUST-0320,PROD-010,2024-04-22,1,121.48,0,121.48
OL-02558,ORD-11037,CUST-0320,PROD-026,2025-07-22,5,54.35,0,271.75
OL-02559,ORD-11037,CUST-0320,PROD-002,2025-07-22,2,505.32,0,1010.64
OL-02560,ORD-11037,CUST-0320,PROD-005,2025-07-22,3,843.32,0.2,2023.97
OL-02561,ORD-11038,CUST-0321,PROD-032,2024-12-10,1,129.73,0,129.73
OL-02562,ORD-11038,CUST-0321,PROD-034,2024-12-10,1,79.8,0,79.8
OL-02563,ORD-11039,CUST-0322,PROD-037,2025-10-24,2,23.39,0,46.78
OL-02564,ORD-11039,CUST-0322,PROD-022,2025-10-24,1,27.82,0.15,23.65
OL-02565,ORD-11039,CUST-0322,PROD-001,2025-10-24,3,1226.38,0.15,3127.27
OL-02566,ORD-11039,CUST-0322,PROD-031,2025-10-24,4,164.42,0,657.68
OL-02567,ORD-11040,CUST-0323,PROD-013,2024-04-05,5,134.4,0,672
OL-02568,ORD-11040,CUST-0323,PROD-026,2024-04-05,1,54.35,0.05,51.63
OL-02569,ORD-11040,CUST-0323,PROD-037,2024-04-05,4,23.39,0.1,84.2
OL-02570,ORD-11041,CUST-0323,PROD-021,2024-07-29,3,38.34,0,115.02
OL-02571,ORD-11041,CUST-0323,PROD-003,2024-07-29,4,722.82,0.2,2313.02
OL-02572,ORD-11042,CUST-0323,PROD-032,2024-08-21,5,129.73,0,648.65
OL-02573,ORD-11042,CUST-0323,PROD-015,2024-08-21,1,295.3,0,295.3
OL-02574,ORD-11042,CUST-0323,PROD-028,2024-08-21,5,65.64,0,328.2
OL-02575,ORD-11043,CUST-0323,PROD-003,2024-08-16,5,722.82,0.15,3071.99
OL-02576,ORD-11043,CUST-0323,PROD-014,2024-08-16,1,487.6,0,487.6
OL-02577,ORD-11043,CUST-0323,PROD-030,2024-08-16,5,33.74,0.05,160.27
OL-02578,ORD-11043,CUST-0323,PROD-027,2024-08-16,2,52.67,0,105.34
OL-02579,ORD-11044,CUST-0323,PROD-014,2025-05-02,1,487.6,0,487.6
OL-02580,ORD-11044,CUST-0323,PROD-024,2025-05-02,3,38.87,0,116.61
OL-02581,ORD-11045,CUST-0323,PROD-008,2025-08-03,1,342.59,0,342.59
OL-02582,ORD-11045,CUST-0323,PROD-018,2025-08-03,2,9.52,0.1,17.14
OL-02583,ORD-11045,CUST-0323,PROD-029,2025-08-03,1,32.8,0,32.8
OL-02584,ORD-11045,CUST-0323,PROD-014,2025-08-03,3,487.6,0.2,1170.24
OL-02585,ORD-11046,CUST-0323,PROD-003,2025-02-20,3,722.82,0.1,1951.61
OL-02586,ORD-11046,CUST-0323,PROD-031,2025-02-20,2,164.42,0.15,279.51
OL-02587,ORD-11047,CUST-0323,PROD-032,2025-05-12,2,129.73,0.2,207.57
OL-02588,ORD-11048,CUST-0324,PROD-007,2024-03-26,5,511.33,0,2556.65
OL-02589,ORD-11048,CUST-0324,PROD-006,2024-03-26,5,689.21,0,3446.05
OL-02590,ORD-11048,CUST-0324,PROD-033,2024-03-26,1,70.03,0.05,66.53
OL-02591,ORD-11049,CUST-0324,PROD-023,2025-04-01,2,88.43,0,176.86
OL-02592,ORD-11049,CUST-0324,PROD-029,2025-04-01,1,32.8,0.15,27.88
OL-02593,ORD-11049,CUST-0324,PROD-036,2025-04-01,5,97.89,0,489.45
OL-02594,ORD-11050,CUST-0325,PROD-013,2025-11-27,2,134.4,0.15,228.48
OL-02595,ORD-11050,CUST-0325,PROD-012,2025-11-27,1,109.67,0.15,93.22
OL-02596,ORD-11050,CUST-0325,PROD-011,2025-11-27,2,103.76,0,207.52
OL-02597,ORD-11051,CUST-0326,PROD-009,2025-04-07,4,89.78,0,359.12
OL-02598,ORD-11051,CUST-0326,PROD-019,2025-04-07,4,21.71,0,86.84
OL-02599,ORD-11052,CUST-0327,PROD-008,2025-01-19,2,342.59,0,685.18
OL-02600,ORD-11053,CUST-0327,PROD-028,2025-12-21,2,65.64,0.05,124.72
OL-02601,ORD-11053,CUST-0327,PROD-010,2025-12-21,4,121.48,0,485.92
OL-02602,ORD-11053,CUST-0327,PROD-005,2025-12-21,2,843.32,0,1686.64
OL-02603,ORD-11054,CUST-0327,PROD-027,2025-02-20,1,52.67,0.2,42.14
OL-02604,ORD-11054,CUST-0327,PROD-007,2025-02-20,2,511.33,0,1022.66
OL-02605,ORD-11055,CUST-0327,PROD-027,2025-03-12,4,52.67,0,210.68
OL-02606,ORD-11055,CUST-0327,PROD-007,2025-03-12,2,511.33,0,1022.66
OL-02607,ORD-11056,CUST-0328,PROD-029,2025-12-30,5,32.8,0,164
OL-02608,ORD-11056,CUST-0328,PROD-011,2025-12-30,4,103.76,0.05,394.29
OL-02609,ORD-11056,CUST-0328,PROD-035,2025-12-30,2,75.75,0.1,136.35
OL-02610,ORD-11057,CUST-0329,PROD-018,2025-09-30,1,9.52,0,9.52
OL-02611,ORD-11057,CUST-0329,PROD-021,2025-09-30,4,38.34,0,153.36
OL-02612,ORD-11057,CUST-0329,PROD-017,2025-09-30,4,242.78,0.2,776.9
OL-02613,ORD-11057,CUST-0329,PROD-014,2025-09-30,5,487.6,0.05,2316.1
OL-02614,ORD-11058,CUST-0330,PROD-009,2024-10-18,1,89.78,0,89.78
OL-02615,ORD-11059,CUST-0330,PROD-036,2025-11-14,4,97.89,0.05,371.98
OL-02616,ORD-11060,CUST-0331,PROD-004,2025-03-31,2,921.23,0.1,1658.21
OL-02617,ORD-11060,CUST-0331,PROD-034,2025-03-31,2,79.8,0.2,127.68
OL-02618,ORD-11061,CUST-0331,PROD-004,2025-06-18,5,921.23,0.1,4145.53
OL-02619,ORD-11061,CUST-0331,PROD-033,2025-06-18,1,70.03,0,70.03
OL-02620,ORD-11062,CUST-0332,PROD-022,2024-09-12,5,27.82,0.1,125.19
OL-02621,ORD-11063,CUST-0332,PROD-017,2024-11-13,2,242.78,0.2,388.45
OL-02622,ORD-11063,CUST-0332,PROD-022,2024-11-13,2,27.82,0,55.64
OL-02623,ORD-11063,CUST-0332,PROD-036,2024-11-13,4,97.89,0.05,371.98
OL-02624,ORD-11064,CUST-0332,PROD-009,2025-12-06,1,89.78,0.1,80.8
OL-02625,ORD-11064,CUST-0332,PROD-015,2025-12-06,2,295.3,0.1,531.54
OL-02626,ORD-11065,CUST-0332,PROD-028,2025-05-11,5,65.64,0,328.2
OL-02627,ORD-11066,CUST-0332,PROD-030,2025-10-09,3,33.74,0,101.22
OL-02628,ORD-11066,CUST-0332,PROD-011,2025-10-09,1,103.76,0.2,83.01
OL-02629,ORD-11066,CUST-0332,PROD-018,2025-10-09,1,9.52,0.2,7.62
OL-02630,ORD-11067,CUST-0332,PROD-002,2024-10-10,1,505.32,0,505.32
OL-02631,ORD-11068,CUST-0332,PROD-006,2024-12-20,2,689.21,0.05,1309.5
OL-02632,ORD-11069,CUST-0332,PROD-029,2025-11-13,5,32.8,0.15,139.4
OL-02633,ORD-11070,CUST-0332,PROD-002,2025-04-05,2,505.32,0,1010.64
OL-02634,ORD-11071,CUST-0332,PROD-008,2025-03-06,2,342.59,0,685.18
OL-02635,ORD-11071,CUST-0332,PROD-033,2025-03-06,5,70.03,0.2,280.12
OL-02636,ORD-11071,CUST-0332,PROD-019,2025-03-06,2,21.71,0.1,39.08
OL-02637,ORD-11071,CUST-0332,PROD-017,2025-03-06,5,242.78,0.1,1092.51
OL-02638,ORD-11072,CUST-0332,PROD-032,2025-05-29,2,129.73,0,259.46
OL-02639,ORD-11072,CUST-0332,PROD-034,2025-05-29,3,79.8,0.1,215.46
OL-02640,ORD-11072,CUST-0332,PROD-005,2025-05-29,5,843.32,0.2,3373.28
OL-02641,ORD-11073,CUST-0333,PROD-025,2024-05-21,5,25.5,0.05,121.12
OL-02642,ORD-11073,CUST-0333,PROD-031,2024-05-21,4,164.42,0,657.68
OL-02643,ORD-11073,CUST-0333,PROD-003,2024-05-21,1,722.82,0.1,650.54
OL-02644,ORD-11074,CUST-0334,PROD-017,2025-12-03,2,242.78,0.05,461.28
OL-02645,ORD-11075,CUST-0335,PROD-006,2024-11-16,3,689.21,0.1,1860.87
OL-02646,ORD-11075,CUST-0335,PROD-024,2024-11-16,2,38.87,0.05,73.85
OL-02647,ORD-11075,CUST-0335,PROD-034,2024-11-16,4,79.8,0.1,287.28
OL-02648,ORD-11076,CUST-0336,PROD-027,2025-06-12,3,52.67,0.1,142.21
OL-02649,ORD-11076,CUST-0336,PROD-010,2025-06-12,2,121.48,0,242.96
OL-02650,ORD-11077,CUST-0337,PROD-024,2025-06-13,3,38.87,0.2,93.29
OL-02651,ORD-11078,CUST-0337,PROD-003,2025-09-23,4,722.82,0,2891.28
OL-02652,ORD-11078,CUST-0337,PROD-036,2025-09-23,2,97.89,0.05,185.99
OL-02653,ORD-11078,CUST-0337,PROD-031,2025-09-23,5,164.42,0.2,657.68
OL-02654,ORD-11078,CUST-0337,PROD-004,2025-09-23,5,921.23,0.1,4145.53
OL-02655,ORD-11079,CUST-0338,PROD-002,2025-08-27,2,505.32,0,1010.64
OL-02656,ORD-11079,CUST-0338,PROD-034,2025-08-27,1,79.8,0,79.8
OL-02657,ORD-11079,CUST-0338,PROD-012,2025-08-27,1,109.67,0,109.67
OL-02658,ORD-11080,CUST-0339,PROD-034,2025-03-09,5,79.8,0.15,339.15
OL-02659,ORD-11080,CUST-0339,PROD-008,2025-03-09,1,342.59,0,342.59
OL-02660,ORD-11080,CUST-0339,PROD-036,2025-03-09,3,97.89,0.2,234.94
OL-02661,ORD-11081,CUST-0340,PROD-032,2024-03-28,4,129.73,0.15,441.08
OL-02662,ORD-11081,CUST-0340,PROD-016,2024-03-28,2,189.62,0.1,341.32
OL-02663,ORD-11081,CUST-0340,PROD-034,2024-03-28,1,79.8,0.05,75.81
OL-02664,ORD-11081,CUST-0340,PROD-013,2024-03-28,3,134.4,0,403.2
OL-02665,ORD-11082,CUST-0341,PROD-010,2025-12-07,4,121.48,0.1,437.33
OL-02666,ORD-11083,CUST-0342,PROD-034,2024-07-24,3,79.8,0.05,227.43
OL-02667,ORD-11083,CUST-0342,PROD-037,2024-07-24,3,23.39,0,70.17
OL-02668,ORD-11084,CUST-0342,PROD-027,2024-08-18,3,52.67,0.15,134.31
OL-02669,ORD-11084,CUST-0342,PROD-009,2024-08-18,5,89.78,0.05,426.45
OL-02670,ORD-11085,CUST-0342,PROD-020,2024-11-25,3,37.73,0,113.19
OL-02671,ORD-11086,CUST-0342,PROD-025,2025-04-01,3,25.5,0.15,65.02
OL-02672,ORD-11087,CUST-0342,PROD-023,2025-02-23,3,88.43,0.2,212.23
OL-02673,ORD-11087,CUST-0342,PROD-024,2025-02-23,1,38.87,0,38.87
OL-02674,ORD-11088,CUST-0343,PROD-024,2025-07-10,5,38.87,0.15,165.2
OL-02675,ORD-11088,CUST-0343,PROD-022,2025-07-10,2,27.82,0,55.64
OL-02676,ORD-11089,CUST-0344,PROD-006,2025-12-28,4,689.21,0.05,2619
OL-02677,ORD-11090,CUST-0345,PROD-019,2024-10-10,5,21.71,0.1,97.7
OL-02678,ORD-11090,CUST-0345,PROD-033,2024-10-10,1,70.03,0.2,56.02
OL-02679,ORD-11090,CUST-0345,PROD-037,2024-10-10,2,23.39,0.15,39.76
OL-02680,ORD-11091,CUST-0345,PROD-016,2024-12-19,5,189.62,0,948.1
OL-02681,ORD-11091,CUST-0345,PROD-036,2024-12-19,3,97.89,0,293.67
OL-02682,ORD-11091,CUST-0345,PROD-033,2024-12-19,2,70.03,0.05,133.06
OL-02683,ORD-11092,CUST-0345,PROD-022,2025-09-02,1,27.82,0,27.82
OL-02684,ORD-11093,CUST-0345,PROD-019,2025-10-11,2,21.71,0,43.42
OL-02685,ORD-11094,CUST-0346,PROD-014,2025-11-19,2,487.6,0.2,780.16
OL-02686,ORD-11094,CUST-0346,PROD-023,2025-11-19,5,88.43,0,442.15
OL-02687,ORD-11095,CUST-0347,PROD-026,2025-09-07,2,54.35,0.2,86.96
OL-02688,ORD-11096,CUST-0347,PROD-006,2025-12-03,1,689.21,0.15,585.83
OL-02689,ORD-11097,CUST-0348,PROD-008,2025-10-11,2,342.59,0.1,616.66
OL-02690,ORD-11097,CUST-0348,PROD-035,2025-10-11,1,75.75,0.15,64.39
OL-02691,ORD-11097,CUST-0348,PROD-004,2025-10-11,2,921.23,0.05,1750.34
OL-02692,ORD-11097,CUST-0348,PROD-013,2025-10-11,2,134.4,0,268.8
OL-02693,ORD-11098,CUST-0349,PROD-015,2025-11-13,1,295.3,0.15,251
OL-02694,ORD-11098,CUST-0349,PROD-003,2025-11-13,1,722.82,0,722.82
OL-02695,ORD-11098,CUST-0349,PROD-027,2025-11-13,5,52.67,0.2,210.68
OL-02696,ORD-11099,CUST-0350,PROD-025,2025-04-03,5,25.5,0.2,102
OL-02697,ORD-11099,CUST-0350,PROD-007,2025-04-03,4,511.33,0.2,1636.26
OL-02698,ORD-11099,CUST-0350,PROD-030,2025-04-03,5,33.74,0.15,143.4
OL-02699,ORD-11100,CUST-0351,PROD-001,2024-12-09,2,1226.38,0,2452.76
OL-02700,ORD-11101,CUST-0352,PROD-007,2024-03-17,3,511.33,0.2,1227.19
OL-02701,ORD-11102,CUST-0352,PROD-036,2024-10-30,2,97.89,0.2,156.62
OL-02702,ORD-11103,CUST-0352,PROD-016,2025-01-31,4,189.62,0,758.48
OL-02703,ORD-11104,CUST-0352,PROD-017,2024-11-28,1,242.78,0.1,218.5
OL-02704,ORD-11104,CUST-0352,PROD-019,2024-11-28,2,21.71,0.05,41.25
OL-02705,ORD-11104,CUST-0352,PROD-008,2024-11-28,3,342.59,0.1,924.99
OL-02706,ORD-11104,CUST-0352,PROD-027,2024-11-28,3,52.67,0,158.01
OL-02707,ORD-11105,CUST-0352,PROD-005,2025-06-28,3,843.32,0.1,2276.96
OL-02708,ORD-11106,CUST-0352,PROD-034,2024-05-07,5,79.8,0,399
OL-02709,ORD-11107,CUST-0352,PROD-015,2024-05-26,4,295.3,0,1181.2
OL-02710,ORD-11107,CUST-0352,PROD-026,2024-05-26,1,54.35,0.1,48.91
OL-02711,ORD-11107,CUST-0352,PROD-034,2024-05-26,2,79.8,0.2,127.68
OL-02712,ORD-11108,CUST-0352,PROD-011,2024-10-26,5,103.76,0.1,466.92
OL-02713,ORD-11108,CUST-0352,PROD-014,2024-10-26,5,487.6,0,2438
OL-02714,ORD-11109,CUST-0352,PROD-029,2024-05-08,3,32.8,0,98.4
OL-02715,ORD-11109,CUST-0352,PROD-018,2024-05-08,4,9.52,0,38.08
OL-02716,ORD-11110,CUST-0352,PROD-003,2024-05-18,5,722.82,0.1,3252.69
OL-02717,ORD-11110,CUST-0352,PROD-019,2024-05-18,4,21.71,0.15,73.81
OL-02718,ORD-11110,CUST-0352,PROD-009,2024-05-18,1,89.78,0.2,71.82
OL-02719,ORD-11111,CUST-0352,PROD-022,2024-10-05,2,27.82,0.05,52.86
OL-02720,ORD-11112,CUST-0352,PROD-028,2025-07-24,1,65.64,0.15,55.79
OL-02721,ORD-11112,CUST-0352,PROD-003,2025-07-24,2,722.82,0.05,1373.36
OL-02722,ORD-11112,CUST-0352,PROD-034,2025-07-24,1,79.8,0,79.8
OL-02723,ORD-11112,CUST-0352,PROD-007,2025-07-24,2,511.33,0.2,818.13
OL-02724,ORD-11113,CUST-0352,PROD-024,2024-04-29,4,38.87,0.1,139.93
OL-02725,ORD-11113,CUST-0352,PROD-025,2024-04-29,1,25.5,0.2,20.4
OL-02726,ORD-11114,CUST-0352,PROD-025,2025-06-21,2,25.5,0.15,43.35
OL-02727,ORD-11115,CUST-0352,PROD-021,2024-11-20,2,38.34,0,76.68
OL-02728,ORD-11116,CUST-0353,PROD-014,2024-09-26,3,487.6,0,1462.8
OL-02729,ORD-11116,CUST-0353,PROD-017,2024-09-26,1,242.78,0.2,194.22
OL-02730,ORD-11117,CUST-0353,PROD-028,2025-05-19,1,65.64,0.05,62.36
OL-02731,ORD-11117,CUST-0353,PROD-037,2025-05-19,4,23.39,0.05,88.88
OL-02732,ORD-11118,CUST-0353,PROD-014,2025-11-05,3,487.6,0,1462.8
OL-02733,ORD-11118,CUST-0353,PROD-034,2025-11-05,1,79.8,0,79.8
OL-02734,ORD-11119,CUST-0353,PROD-036,2025-02-11,4,97.89,0.2,313.25
OL-02735,ORD-11119,CUST-0353,PROD-001,2025-02-11,2,1226.38,0,2452.76
OL-02736,ORD-11119,CUST-0353,PROD-034,2025-02-11,3,79.8,0,239.4
OL-02737,ORD-11120,CUST-0353,PROD-027,2025-06-12,2,52.67,0,105.34
OL-02738,ORD-11120,CUST-0353,PROD-003,2025-06-12,3,722.82,0.1,1951.61
OL-02739,ORD-11121,CUST-0353,PROD-004,2025-10-16,1,921.23,0.15,783.05
OL-02740,ORD-11122,CUST-0353,PROD-002,2025-04-18,5,505.32,0.1,2273.94
OL-02741,ORD-11122,CUST-0353,PROD-004,2025-04-18,1,921.23,0.2,736.98
OL-02742,ORD-11122,CUST-0353,PROD-033,2025-04-18,3,70.03,0,210.09
OL-02743,ORD-11122,CUST-0353,PROD-024,2025-04-18,5,38.87,0,194.35
OL-02744,ORD-11123,CUST-0354,PROD-017,2024-11-24,5,242.78,0.15,1031.82
OL-02745,ORD-11123,CUST-0354,PROD-011,2024-11-24,4,103.76,0.2,332.03
OL-02746,ORD-11123,CUST-0354,PROD-026,2024-11-24,5,54.35,0.1,244.58
OL-02747,ORD-11123,CUST-0354,PROD-037,2024-11-24,4,23.39,0.2,74.85
OL-02748,ORD-11124,CUST-0355,PROD-036,2024-06-07,5,97.89,0,489.45
OL-02749,ORD-11124,CUST-0355,PROD-030,2024-06-07,2,33.74,0.1,60.73
OL-02750,ORD-11124,CUST-0355,PROD-006,2024-06-07,3,689.21,0.1,1860.87
OL-02751,ORD-11125,CUST-0356,PROD-010,2024-10-05,5,121.48,0,607.4
OL-02752,ORD-11125,CUST-0356,PROD-022,2024-10-05,3,27.82,0,83.46
OL-02753,ORD-11126,CUST-0356,PROD-037,2025-11-19,2,23.39,0,46.78
OL-02754,ORD-11126,CUST-0356,PROD-013,2025-11-19,2,134.4,0.2,215.04
OL-02755,ORD-11126,CUST-0356,PROD-012,2025-11-19,2,109.67,0,219.34
OL-02756,ORD-11127,CUST-0356,PROD-028,2025-11-23,5,65.64,0.1,295.38
OL-02757,ORD-11127,CUST-0356,PROD-026,2025-11-23,1,54.35,0.05,51.63
OL-02758,ORD-11128,CUST-0356,PROD-036,2025-09-03,4,97.89,0,391.56
OL-02759,ORD-11129,CUST-0356,PROD-030,2025-05-11,4,33.74,0,134.96
OL-02760,ORD-11130,CUST-0356,PROD-012,2025-09-13,2,109.67,0.1,197.41
OL-02761,ORD-11130,CUST-0356,PROD-014,2025-09-13,5,487.6,0,2438
OL-02762,ORD-11130,CUST-0356,PROD-020,2025-09-13,3,37.73,0.15,96.21
OL-02763,ORD-11130,CUST-0356,PROD-036,2025-09-13,5,97.89,0,489.45
OL-02764,ORD-11131,CUST-0356,PROD-034,2025-09-17,5,79.8,0.2,319.2
OL-02765,ORD-11131,CUST-0356,PROD-009,2025-09-17,1,89.78,0.2,71.82
OL-02766,ORD-11132,CUST-0356,PROD-001,2025-12-13,1,1226.38,0,1226.38
OL-02767,ORD-11132,CUST-0356,PROD-023,2025-12-13,5,88.43,0.1,397.94
OL-02768,ORD-11132,CUST-0356,PROD-027,2025-12-13,4,52.67,0,210.68
OL-02769,ORD-11133,CUST-0357,PROD-026,2025-09-24,5,54.35,0.15,230.99
OL-02770,ORD-11133,CUST-0357,PROD-023,2025-09-24,2,88.43,0.05,168.02
OL-02771,ORD-11134,CUST-0358,PROD-006,2025-09-26,5,689.21,0.05,3273.75
OL-02772,ORD-11134,CUST-0358,PROD-036,2025-09-26,3,97.89,0.05,278.99
OL-02773,ORD-11134,CUST-0358,PROD-025,2025-09-26,1,25.5,0.2,20.4
OL-02774,ORD-11135,CUST-0359,PROD-028,2025-06-12,5,65.64,0,328.2
OL-02775,ORD-11135,CUST-0359,PROD-007,2025-06-12,5,511.33,0,2556.65
OL-02776,ORD-11135,CUST-0359,PROD-010,2025-06-12,1,121.48,0,121.48
OL-02777,ORD-11135,CUST-0359,PROD-013,2025-06-12,2,134.4,0.2,215.04
OL-02778,ORD-11136,CUST-0359,PROD-035,2025-11-10,5,75.75,0,378.75
OL-02779,ORD-11136,CUST-0359,PROD-010,2025-11-10,1,121.48,0.2,97.18
OL-02780,ORD-11136,CUST-0359,PROD-016,2025-11-10,1,189.62,0.2,151.7
OL-02781,ORD-11136,CUST-0359,PROD-020,2025-11-10,2,37.73,0.05,71.69
OL-02782,ORD-11137,CUST-0360,PROD-001,2024-04-17,5,1226.38,0.05,5825.31
OL-02783,ORD-11138,CUST-0360,PROD-025,2025-03-05,4,25.5,0.1,91.8
OL-02784,ORD-11138,CUST-0360,PROD-005,2025-03-05,2,843.32,0,1686.64
OL-02785,ORD-11138,CUST-0360,PROD-004,2025-03-05,1,921.23,0.15,783.05
OL-02786,ORD-11138,CUST-0360,PROD-008,2025-03-05,2,342.59,0.2,548.14
OL-02787,ORD-11139,CUST-0360,PROD-002,2025-03-11,4,505.32,0.1,1819.15
OL-02788,ORD-11139,CUST-0360,PROD-004,2025-03-11,1,921.23,0.1,829.11
OL-02789,ORD-11139,CUST-0360,PROD-005,2025-03-11,3,843.32,0,2529.96
OL-02790,ORD-11140,CUST-0360,PROD-021,2024-09-29,1,38.34,0.05,36.42
OL-02791,ORD-11141,CUST-0360,PROD-034,2024-11-26,5,79.8,0.05,379.05
OL-02792,ORD-11141,CUST-0360,PROD-013,2024-11-26,4,134.4,0.15,456.96
OL-02793,ORD-11142,CUST-0360,PROD-024,2024-07-14,2,38.87,0.15,66.08
OL-02794,ORD-11143,CUST-0361,PROD-002,2025-01-14,4,505.32,0.1,1819.15
OL-02795,ORD-11143,CUST-0361,PROD-032,2025-01-14,3,129.73,0.05,369.73
OL-02796,ORD-11143,CUST-0361,PROD-029,2025-01-14,2,32.8,0,65.6
OL-02797,ORD-11144,CUST-0362,PROD-009,2025-12-31,1,89.78,0.1,80.8
OL-02798,ORD-11144,CUST-0362,PROD-026,2025-12-31,1,54.35,0.15,46.2
OL-02799,ORD-11144,CUST-0362,PROD-027,2025-12-31,4,52.67,0.15,179.08
OL-02800,ORD-11144,CUST-0362,PROD-023,2025-12-31,4,88.43,0.05,336.03
OL-02801,ORD-11145,CUST-0363,PROD-037,2025-03-21,3,23.39,0,70.17
OL-02802,ORD-11145,CUST-0363,PROD-005,2025-03-21,4,843.32,0.1,3035.95
OL-02803,ORD-11146,CUST-0364,PROD-005,2025-02-13,2,843.32,0,1686.64
OL-02804,ORD-11146,CUST-0364,PROD-013,2025-02-13,2,134.4,0,268.8
OL-02805,ORD-11146,CUST-0364,PROD-030,2025-02-13,3,33.74,0.15,86.04
OL-02806,ORD-11147,CUST-0365,PROD-023,2025-01-17,1,88.43,0.05,84.01
OL-02807,ORD-11147,CUST-0365,PROD-026,2025-01-17,5,54.35,0,271.75
OL-02808,ORD-11148,CUST-0365,PROD-014,2025-09-26,2,487.6,0.15,828.92
OL-02809,ORD-11149,CUST-0365,PROD-011,2025-03-25,1,103.76,0.05,98.57
OL-02810,ORD-11150,CUST-0365,PROD-028,2025-03-30,5,65.64,0.15,278.97
OL-02811,ORD-11150,CUST-0365,PROD-016,2025-03-30,3,189.62,0,568.86
OL-02812,ORD-11151,CUST-0365,PROD-035,2025-09-28,1,75.75,0,75.75
OL-02813,ORD-11151,CUST-0365,PROD-037,2025-09-28,2,23.39,0.05,44.44
OL-02814,ORD-11151,CUST-0365,PROD-023,2025-09-28,1,88.43,0.15,75.17
OL-02815,ORD-11151,CUST-0365,PROD-025,2025-09-28,5,25.5,0,127.5
OL-02816,ORD-11152,CUST-0365,PROD-004,2025-07-08,1,921.23,0,921.23
OL-02817,ORD-11152,CUST-0365,PROD-011,2025-07-08,4,103.76,0,415.04
OL-02818,ORD-11152,CUST-0365,PROD-021,2025-07-08,5,38.34,0,191.7
OL-02819,ORD-11153,CUST-0366,PROD-018,2025-07-24,4,9.52,0,38.08
OL-02820,ORD-11153,CUST-0366,PROD-019,2025-07-24,3,21.71,0.2,52.1
OL-02821,ORD-11153,CUST-0366,PROD-004,2025-07-24,1,921.23,0.05,875.17
OL-02822,ORD-11153,CUST-0366,PROD-016,2025-07-24,4,189.62,0.1,682.63
OL-02823,ORD-11154,CUST-0366,PROD-030,2025-10-02,5,33.74,0,168.7
OL-02824,ORD-11154,CUST-0366,PROD-032,2025-10-02,2,129.73,0,259.46
OL-02825,ORD-11155,CUST-0366,PROD-006,2025-08-15,5,689.21,0.1,3101.45
OL-02826,ORD-11155,CUST-0366,PROD-032,2025-08-15,2,129.73,0,259.46
OL-02827,ORD-11156,CUST-0367,PROD-017,2024-05-20,4,242.78,0,971.12
OL-02828,ORD-11156,CUST-0367,PROD-034,2024-05-20,5,79.8,0.1,359.1
OL-02829,ORD-11157,CUST-0367,PROD-029,2024-11-25,2,32.8,0,65.6
OL-02830,ORD-11157,CUST-0367,PROD-015,2024-11-25,5,295.3,0,1476.5
OL-02831,ORD-11157,CUST-0367,PROD-028,2024-11-25,5,65.64,0.15,278.97
OL-02832,ORD-11157,CUST-0367,PROD-035,2024-11-25,3,75.75,0.05,215.89
OL-02833,ORD-11158,CUST-0367,PROD-015,2024-06-18,1,295.3,0.05,280.54
OL-02834,ORD-11158,CUST-0367,PROD-037,2024-06-18,5,23.39,0.1,105.26
OL-02835,ORD-11158,CUST-0367,PROD-029,2024-06-18,4,32.8,0.05,124.64
OL-02836,ORD-11159,CUST-0367,PROD-030,2025-05-18,4,33.74,0.15,114.72
OL-02837,ORD-11160,CUST-0367,PROD-032,2024-07-05,2,129.73,0.2,207.57
OL-02838,ORD-11160,CUST-0367,PROD-016,2024-07-05,1,189.62,0,189.62
OL-02839,ORD-11160,CUST-0367,PROD-026,2024-07-05,1,54.35,0.05,51.63
OL-02840,ORD-11160,CUST-0367,PROD-034,2024-07-05,5,79.8,0,399
OL-02841,ORD-11161,CUST-0367,PROD-012,2024-07-17,3,109.67,0,329.01
OL-02842,ORD-11161,CUST-0367,PROD-015,2024-07-17,2,295.3,0,590.6
OL-02843,ORD-11162,CUST-0367,PROD-001,2024-12-22,4,1226.38,0,4905.52
OL-02844,ORD-11162,CUST-0367,PROD-022,2024-12-22,3,27.82,0.05,79.29
OL-02845,ORD-11162,CUST-0367,PROD-035,2024-12-22,5,75.75,0,378.75
OL-02846,ORD-11163,CUST-0367,PROD-034,2025-06-14,2,79.8,0,159.6
OL-02847,ORD-11164,CUST-0367,PROD-021,2025-03-23,4,38.34,0.05,145.69
OL-02848,ORD-11164,CUST-0367,PROD-037,2025-03-23,5,23.39,0,116.95
OL-02849,ORD-11165,CUST-0367,PROD-016,2025-03-16,3,189.62,0.2,455.09
OL-02850,ORD-11165,CUST-0367,PROD-028,2025-03-16,5,65.64,0.2,262.56
OL-02851,ORD-11165,CUST-0367,PROD-035,2025-03-16,1,75.75,0,75.75
OL-02852,ORD-11166,CUST-0367,PROD-022,2024-08-07,1,27.82,0.1,25.04
OL-02853,ORD-11167,CUST-0367,PROD-035,2025-05-24,5,75.75,0.15,321.94
OL-02854,ORD-11167,CUST-0367,PROD-028,2025-05-24,3,65.64,0.1,177.23
OL-02855,ORD-11168,CUST-0367,PROD-020,2024-10-31,5,37.73,0.1,169.78
OL-02856,ORD-11168,CUST-0367,PROD-022,2024-10-31,5,27.82,0.15,118.23
OL-02857,ORD-11169,CUST-0367,PROD-019,2024-07-07,3,21.71,0.05,61.87
OL-02858,ORD-11170,CUST-0367,PROD-003,2025-04-20,2,722.82,0,1445.64
OL-02859,ORD-11170,CUST-0367,PROD-029,2025-04-20,5,32.8,0.05,155.8
OL-02860,ORD-11170,CUST-0367,PROD-006,2025-04-20,4,689.21,0.05,2619
OL-02861,ORD-11170,CUST-0367,PROD-023,2025-04-20,4,88.43,0,353.72
OL-02862,ORD-11171,CUST-0367,PROD-002,2025-03-07,3,505.32,0.05,1440.16
OL-02863,ORD-11171,CUST-0367,PROD-029,2025-03-07,1,32.8,0.1,29.52
OL-02864,ORD-11172,CUST-0367,PROD-032,2024-07-06,5,129.73,0.1,583.78
OL-02865,ORD-11172,CUST-0367,PROD-035,2024-07-06,4,75.75,0.1,272.7
OL-02866,ORD-11172,CUST-0367,PROD-025,2024-07-06,4,25.5,0.15,86.7
OL-02867,ORD-11172,CUST-0367,PROD-010,2024-07-06,2,121.48,0.2,194.37
OL-02868,ORD-11173,CUST-0367,PROD-021,2025-08-05,5,38.34,0,191.7
OL-02869,ORD-11173,CUST-0367,PROD-034,2025-08-05,4,79.8,0.15,271.32
OL-02870,ORD-11174,CUST-0367,PROD-034,2024-06-23,2,79.8,0.15,135.66
OL-02871,ORD-11174,CUST-0367,PROD-001,2024-06-23,2,1226.38,0,2452.76
OL-02872,ORD-11174,CUST-0367,PROD-026,2024-06-23,1,54.35,0.15,46.2
OL-02873,ORD-11175,CUST-0367,PROD-024,2024-10-19,4,38.87,0.05,147.71
OL-02874,ORD-11176,CUST-0367,PROD-030,2025-06-11,1,33.74,0.15,28.68
OL-02875,ORD-11176,CUST-0367,PROD-037,2025-06-11,1,23.39,0,23.39
OL-02876,ORD-11176,CUST-0367,PROD-003,2025-06-11,3,722.82,0.1,1951.61
OL-02877,ORD-11177,CUST-0367,PROD-024,2024-09-02,2,38.87,0.1,69.97
OL-02878,ORD-11177,CUST-0367,PROD-018,2024-09-02,4,9.52,0.05,36.18
OL-02879,ORD-11177,CUST-0367,PROD-017,2024-09-02,5,242.78,0.05,1153.2
OL-02880,ORD-11178,CUST-0367,PROD-023,2024-09-12,2,88.43,0.15,150.33
OL-02881,ORD-11178,CUST-0367,PROD-019,2024-09-12,2,21.71,0.15,36.91
OL-02882,ORD-11179,CUST-0367,PROD-026,2024-08-11,5,54.35,0.1,244.58
OL-02883,ORD-11179,CUST-0367,PROD-015,2024-08-11,1,295.3,0,295.3
OL-02884,ORD-11179,CUST-0367,PROD-013,2024-08-11,4,134.4,0,537.6
OL-02885,ORD-11180,CUST-0367,PROD-021,2024-10-15,2,38.34,0.1,69.01
OL-02886,ORD-11181,CUST-0368,PROD-031,2025-02-27,4,164.42,0,657.68
OL-02887,ORD-11181,CUST-0368,PROD-012,2025-02-27,5,109.67,0,548.35
OL-02888,ORD-11181,CUST-0368,PROD-022,2025-02-27,4,27.82,0.1,100.15
OL-02889,ORD-11182,CUST-0368,PROD-022,2025-07-05,5,27.82,0.2,111.28
OL-02890,ORD-11182,CUST-0368,PROD-034,2025-07-05,3,79.8,0,239.4
OL-02891,ORD-11183,CUST-0368,PROD-036,2025-07-06,4,97.89,0,391.56
OL-02892,ORD-11184,CUST-0368,PROD-032,2025-09-17,5,129.73,0,648.65
OL-02893,ORD-11185,CUST-0368,PROD-002,2025-09-27,3,505.32,0.2,1212.77
OL-02894,ORD-11185,CUST-0368,PROD-021,2025-09-27,3,38.34,0,115.02
OL-02895,ORD-11185,CUST-0368,PROD-032,2025-09-27,1,129.73,0,129.73
OL-02896,ORD-11186,CUST-0368,PROD-033,2025-08-17,5,70.03,0,350.15
OL-02897,ORD-11187,CUST-0369,PROD-031,2024-04-05,5,164.42,0.05,780.99
OL-02898,ORD-11188,CUST-0370,PROD-013,2025-06-26,5,134.4,0.2,537.6
OL-02899,ORD-11189,CUST-0371,PROD-016,2025-11-04,1,189.62,0.2,151.7
OL-02900,ORD-11189,CUST-0371,PROD-018,2025-11-04,3,9.52,0,28.56
OL-02901,ORD-11189,CUST-0371,PROD-003,2025-11-04,4,722.82,0,2891.28
OL-02902,ORD-11190,CUST-0372,PROD-019,2024-11-08,3,21.71,0.2,52.1
OL-02903,ORD-11190,CUST-0372,PROD-030,2024-11-08,3,33.74,0,101.22
OL-02904,ORD-11190,CUST-0372,PROD-007,2024-11-08,1,511.33,0,511.33
OL-02905,ORD-11191,CUST-0373,PROD-024,2025-12-27,4,38.87,0.05,147.71
OL-02906,ORD-11191,CUST-0373,PROD-014,2025-12-27,5,487.6,0,2438
OL-02907,ORD-11192,CUST-0374,PROD-029,2025-12-06,5,32.8,0,164
OL-02908,ORD-11192,CUST-0374,PROD-021,2025-12-06,2,38.34,0.15,65.18
OL-02909,ORD-11192,CUST-0374,PROD-003,2025-12-06,1,722.82,0,722.82
OL-02910,ORD-11192,CUST-0374,PROD-002,2025-12-06,1,505.32,0,505.32
OL-02911,ORD-11193,CUST-0375,PROD-030,2025-12-28,5,33.74,0.1,151.83
OL-02912,ORD-11193,CUST-0375,PROD-025,2025-12-28,1,25.5,0.15,21.68
OL-02913,ORD-11194,CUST-0376,PROD-036,2025-09-22,1,97.89,0,97.89
OL-02914,ORD-11194,CUST-0376,PROD-004,2025-09-22,3,921.23,0,2763.69
OL-02915,ORD-11194,CUST-0376,PROD-009,2025-09-22,2,89.78,0.2,143.65
OL-02916,ORD-11194,CUST-0376,PROD-031,2025-09-22,5,164.42,0.1,739.89
OL-02917,ORD-11195,CUST-0377,PROD-026,2024-08-17,3,54.35,0.1,146.75
OL-02918,ORD-11195,CUST-0377,PROD-011,2024-08-17,4,103.76,0.05,394.29
OL-02919,ORD-11195,CUST-0377,PROD-009,2024-08-17,1,89.78,0,89.78
OL-02920,ORD-11196,CUST-0377,PROD-029,2025-11-17,2,32.8,0,65.6
OL-02921,ORD-11196,CUST-0377,PROD-035,2025-11-17,4,75.75,0.15,257.55
OL-02922,ORD-11196,CUST-0377,PROD-018,2025-11-17,3,9.52,0.1,25.7
OL-02923,ORD-11196,CUST-0377,PROD-020,2025-11-17,3,37.73,0.15,96.21
OL-02924,ORD-11197,CUST-0377,PROD-035,2025-12-02,3,75.75,0.2,181.8
OL-02925,ORD-11197,CUST-0377,PROD-022,2025-12-02,3,27.82,0.2,66.77
OL-02926,ORD-11197,CUST-0377,PROD-028,2025-12-02,5,65.64,0,328.2
OL-02927,ORD-11198,CUST-0377,PROD-020,2024-12-01,1,37.73,0.2,30.18
OL-02928,ORD-11198,CUST-0377,PROD-008,2024-12-01,4,342.59,0,1370.36
OL-02929,ORD-11199,CUST-0377,PROD-001,2024-09-14,1,1226.38,0,1226.38
OL-02930,ORD-11199,CUST-0377,PROD-003,2024-09-14,3,722.82,0,2168.46
OL-02931,ORD-11200,CUST-0377,PROD-015,2025-07-25,2,295.3,0,590.6
OL-02932,ORD-11200,CUST-0377,PROD-005,2025-07-25,1,843.32,0.2,674.66
OL-02933,ORD-11201,CUST-0377,PROD-005,2025-02-14,3,843.32,0,2529.96
OL-02934,ORD-11201,CUST-0377,PROD-014,2025-02-14,4,487.6,0,1950.4
OL-02935,ORD-11201,CUST-0377,PROD-001,2025-02-14,5,1226.38,0,6131.9
OL-02936,ORD-11202,CUST-0377,PROD-036,2025-07-22,3,97.89,0,293.67
OL-02937,ORD-11202,CUST-0377,PROD-012,2025-07-22,5,109.67,0.1,493.52
OL-02938,ORD-11202,CUST-0377,PROD-007,2025-07-22,5,511.33,0.05,2428.82
OL-02939,ORD-11202,CUST-0377,PROD-019,2025-07-22,4,21.71,0.1,78.16
OL-02940,ORD-11203,CUST-0377,PROD-010,2025-07-15,4,121.48,0.15,413.03
OL-02941,ORD-11203,CUST-0377,PROD-032,2025-07-15,4,129.73,0.15,441.08
OL-02942,ORD-11203,CUST-0377,PROD-015,2025-07-15,3,295.3,0.15,753.02
OL-02943,ORD-11203,CUST-0377,PROD-028,2025-07-15,4,65.64,0,262.56
OL-02944,ORD-11204,CUST-0377,PROD-009,2025-09-18,3,89.78,0.2,215.47
OL-02945,ORD-11205,CUST-0377,PROD-024,2025-05-22,2,38.87,0,77.74
OL-02946,ORD-11205,CUST-0377,PROD-019,2025-05-22,5,21.71,0,108.55
OL-02947,ORD-11206,CUST-0377,PROD-035,2025-10-18,2,75.75,0,151.5
OL-02948,ORD-11206,CUST-0377,PROD-007,2025-10-18,1,511.33,0,511.33
OL-02949,ORD-11207,CUST-0377,PROD-001,2024-12-12,5,1226.38,0,6131.9
OL-02950,ORD-11207,CUST-0377,PROD-020,2024-12-12,1,37.73,0.05,35.84
OL-02951,ORD-11208,CUST-0377,PROD-006,2025-09-14,5,689.21,0,3446.05
OL-02952,ORD-11209,CUST-0378,PROD-032,2025-12-25,5,129.73,0.05,616.22
OL-02953,ORD-11209,CUST-0378,PROD-011,2025-12-25,3,103.76,0,311.28
OL-02954,ORD-11209,CUST-0378,PROD-014,2025-12-25,5,487.6,0,2438
OL-02955,ORD-11210,CUST-0379,PROD-026,2025-05-16,2,54.35,0.2,86.96
OL-02956,ORD-11210,CUST-0379,PROD-034,2025-05-16,2,79.8,0,159.6
OL-02957,ORD-11210,CUST-0379,PROD-006,2025-05-16,4,689.21,0.05,2619
OL-02958,ORD-11210,CUST-0379,PROD-030,2025-05-16,3,33.74,0,101.22
OL-02959,ORD-11211,CUST-0380,PROD-031,2025-03-20,2,164.42,0.2,263.07
OL-02960,ORD-11211,CUST-0380,PROD-009,2025-03-20,5,89.78,0,448.9
OL-02961,ORD-11211,CUST-0380,PROD-025,2025-03-20,3,25.5,0,76.5
OL-02962,ORD-11212,CUST-0381,PROD-025,2024-03-10,4,25.5,0,102
OL-02963,ORD-11212,CUST-0381,PROD-036,2024-03-10,5,97.89,0.2,391.56
OL-02964,ORD-11212,CUST-0381,PROD-016,2024-03-10,2,189.62,0.15,322.35
OL-02965,ORD-11212,CUST-0381,PROD-007,2024-03-10,4,511.33,0,2045.32
OL-02966,ORD-11213,CUST-0382,PROD-012,2025-12-21,2,109.67,0.05,208.37
OL-02967,ORD-11213,CUST-0382,PROD-005,2025-12-21,2,843.32,0.1,1517.98
OL-02968,ORD-11213,CUST-0382,PROD-030,2025-12-21,5,33.74,0,168.7
OL-02969,ORD-11213,CUST-0382,PROD-014,2025-12-21,1,487.6,0,487.6
OL-02970,ORD-11214,CUST-0383,PROD-037,2025-04-27,4,23.39,0,93.56
OL-02971,ORD-11214,CUST-0383,PROD-014,2025-04-27,1,487.6,0.15,414.46
OL-02972,ORD-11215,CUST-0383,PROD-005,2025-12-16,5,843.32,0.1,3794.94
OL-02973,ORD-11215,CUST-0383,PROD-020,2025-12-16,2,37.73,0,75.46
OL-02974,ORD-11215,CUST-0383,PROD-016,2025-12-16,2,189.62,0,379.24
OL-02975,ORD-11216,CUST-0384,PROD-037,2025-12-22,2,23.39,0,46.78
OL-02976,ORD-11216,CUST-0384,PROD-035,2025-12-22,5,75.75,0,378.75
OL-02977,ORD-11217,CUST-0385,PROD-032,2024-11-08,4,129.73,0.15,441.08
OL-02978,ORD-11218,CUST-0385,PROD-015,2025-12-08,2,295.3,0,590.6
OL-02979,ORD-11218,CUST-0385,PROD-011,2025-12-08,5,103.76,0,518.8
OL-02980,ORD-11218,CUST-0385,PROD-026,2025-12-08,3,54.35,0.2,130.44
OL-02981,ORD-11218,CUST-0385,PROD-019,2025-12-08,3,21.71,0.1,58.62
OL-02982,ORD-11219,CUST-0386,PROD-008,2025-12-23,2,342.59,0.1,616.66
OL-02983,ORD-11219,CUST-0386,PROD-012,2025-12-23,2,109.67,0.05,208.37
OL-02984,ORD-11219,CUST-0386,PROD-029,2025-12-23,1,32.8,0,32.8
OL-02985,ORD-11219,CUST-0386,PROD-001,2025-12-23,1,1226.38,0,1226.38
OL-02986,ORD-11220,CUST-0387,PROD-034,2024-11-19,4,79.8,0.15,271.32
OL-02987,ORD-11220,CUST-0387,PROD-032,2024-11-19,3,129.73,0,389.19
OL-02988,ORD-11220,CUST-0387,PROD-008,2024-11-19,5,342.59,0.1,1541.65
OL-02989,ORD-11220,CUST-0387,PROD-014,2024-11-19,5,487.6,0,2438
OL-02990,ORD-11221,CUST-0387,PROD-002,2025-02-08,2,505.32,0.2,808.51
OL-02991,ORD-11221,CUST-0387,PROD-007,2025-02-08,3,511.33,0.05,1457.29
OL-02992,ORD-11222,CUST-0388,PROD-036,2025-03-27,2,97.89,0,195.78
OL-02993,ORD-11223,CUST-0389,PROD-017,2024-03-24,5,242.78,0.05,1153.2
OL-02994,ORD-11224,CUST-0389,PROD-034,2025-02-12,3,79.8,0.15,203.49
OL-02995,ORD-11224,CUST-0389,PROD-033,2025-02-12,2,70.03,0.15,119.05
OL-02996,ORD-11224,CUST-0389,PROD-037,2025-02-12,3,23.39,0.15,59.64
OL-02997,ORD-11224,CUST-0389,PROD-029,2025-02-12,5,32.8,0,164
OL-02998,ORD-11225,CUST-0389,PROD-035,2024-07-11,1,75.75,0.2,60.6
OL-02999,ORD-11225,CUST-0389,PROD-026,2024-07-11,1,54.35,0,54.35
OL-03000,ORD-11226,CUST-0389,PROD-020,2024-04-16,1,37.73,0.2,30.18
OL-03001,ORD-11226,CUST-0389,PROD-016,2024-04-16,5,189.62,0.2,758.48
OL-03002,ORD-11226,CUST-0389,PROD-025,2024-04-16,5,25.5,0,127.5
OL-03003,ORD-11227,CUST-0389,PROD-005,2024-06-03,5,843.32,0.2,3373.28
OL-03004,ORD-11227,CUST-0389,PROD-023,2024-06-03,1,88.43,0,88.43
OL-03005,ORD-11227,CUST-0389,PROD-011,2024-06-03,2,103.76,0.15,176.39
OL-03006,ORD-11227,CUST-0389,PROD-014,2024-06-03,5,487.6,0,2438
OL-03007,ORD-11228,CUST-0389,PROD-002,2025-05-11,2,505.32,0.05,960.11
OL-03008,ORD-11228,CUST-0389,PROD-006,2025-05-11,3,689.21,0.15,1757.49
OL-03009,ORD-11228,CUST-0389,PROD-020,2025-05-11,5,37.73,0,188.65
OL-03010,ORD-11229,CUST-0389,PROD-001,2024-05-07,4,1226.38,0.05,4660.24
OL-03011,ORD-11229,CUST-0389,PROD-037,2024-05-07,1,23.39,0,23.39
OL-03012,ORD-11230,CUST-0389,PROD-006,2025-03-25,1,689.21,0.15,585.83
OL-03013,ORD-11230,CUST-0389,PROD-008,2025-03-25,2,342.59,0.15,582.4
OL-03014,ORD-11230,CUST-0389,PROD-010,2025-03-25,2,121.48,0,242.96
OL-03015,ORD-11230,CUST-0389,PROD-026,2025-03-25,2,54.35,0,108.7
OL-03016,ORD-11231,CUST-0389,PROD-027,2024-06-07,1,52.67,0.1,47.4
OL-03017,ORD-11231,CUST-0389,PROD-030,2024-06-07,1,33.74,0,33.74
OL-03018,ORD-11231,CUST-0389,PROD-009,2024-06-07,1,89.78,0.05,85.29
OL-03019,ORD-11231,CUST-0389,PROD-004,2024-06-07,4,921.23,0,3684.92
OL-03020,ORD-11232,CUST-0389,PROD-003,2024-06-13,5,722.82,0.15,3071.99
OL-03021,ORD-11232,CUST-0389,PROD-008,2024-06-13,1,342.59,0.05,325.46
OL-03022,ORD-11233,CUST-0389,PROD-034,2024-06-16,2,79.8,0.1,143.64
OL-03023,ORD-11233,CUST-0389,PROD-029,2024-06-16,2,32.8,0,65.6
OL-03024,ORD-11233,CUST-0389,PROD-016,2024-06-16,3,189.62,0.1,511.97
OL-03025,ORD-11234,CUST-0390,PROD-025,2024-08-20,1,25.5,0.15,21.68
OL-03026,ORD-11234,CUST-0390,PROD-022,2024-08-20,2,27.82,0.05,52.86
OL-03027,ORD-11234,CUST-0390,PROD-014,2024-08-20,3,487.6,0.2,1170.24
OL-03028,ORD-11234,CUST-0390,PROD-035,2024-08-20,5,75.75,0,378.75
OL-03029,ORD-11235,CUST-0390,PROD-012,2024-11-19,3,109.67,0,329.01
OL-03030,ORD-11235,CUST-0390,PROD-007,2024-11-19,5,511.33,0.15,2173.15
OL-03031,ORD-11235,CUST-0390,PROD-006,2024-11-19,4,689.21,0.15,2343.31
OL-03032,ORD-11236,CUST-0390,PROD-022,2025-05-30,5,27.82,0.15,118.23
OL-03033,ORD-11236,CUST-0390,PROD-001,2025-05-30,3,1226.38,0,3679.14
OL-03034,ORD-11237,CUST-0390,PROD-025,2024-11-19,5,25.5,0,127.5
OL-03035,ORD-11237,CUST-0390,PROD-009,2024-11-19,3,89.78,0,269.34
OL-03036,ORD-11237,CUST-0390,PROD-002,2024-11-19,4,505.32,0.2,1617.02
OL-03037,ORD-11238,CUST-0390,PROD-001,2025-10-13,2,1226.38,0.15,2084.85
OL-03038,ORD-11239,CUST-0390,PROD-009,2025-08-11,1,89.78,0,89.78
OL-03039,ORD-11239,CUST-0390,PROD-032,2025-08-11,4,129.73,0,518.92
OL-03040,ORD-11239,CUST-0390,PROD-002,2025-08-11,2,505.32,0,1010.64
OL-03041,ORD-11240,CUST-0390,PROD-023,2024-12-10,3,88.43,0.05,252.03
OL-03042,ORD-11240,CUST-0390,PROD-036,2024-12-10,3,97.89,0.2,234.94
OL-03043,ORD-11240,CUST-0390,PROD-021,2024-12-10,2,38.34,0,76.68
OL-03044,ORD-11240,CUST-0390,PROD-035,2024-12-10,1,75.75,0,75.75
OL-03045,ORD-11241,CUST-0390,PROD-010,2025-12-30,1,121.48,0,121.48
OL-03046,ORD-11242,CUST-0390,PROD-028,2025-05-08,1,65.64,0,65.64
OL-03047,ORD-11243,CUST-0390,PROD-031,2025-07-15,5,164.42,0.05,780.99
OL-03048,ORD-11243,CUST-0390,PROD-015,2025-07-15,3,295.3,0,885.9
OL-03049,ORD-11244,CUST-0390,PROD-029,2024-11-28,1,32.8,0.05,31.16
OL-03050,ORD-11245,CUST-0390,PROD-027,2025-04-10,2,52.67,0,105.34
OL-03051,ORD-11246,CUST-0390,PROD-034,2024-11-07,3,79.8,0,239.4
OL-03052,ORD-11246,CUST-0390,PROD-007,2024-11-07,2,511.33,0.2,818.13
OL-03053,ORD-11246,CUST-0390,PROD-022,2024-11-07,1,27.82,0,27.82
OL-03054,ORD-11247,CUST-0391,PROD-003,2024-07-04,1,722.82,0,722.82
OL-03055,ORD-11247,CUST-0391,PROD-016,2024-07-04,5,189.62,0,948.1
OL-03056,ORD-11247,CUST-0391,PROD-004,2024-07-04,4,921.23,0.05,3500.67
OL-03057,ORD-11248,CUST-0391,PROD-024,2025-05-03,3,38.87,0.05,110.78
OL-03058,ORD-11248,CUST-0391,PROD-028,2025-05-03,5,65.64,0.15,278.97
OL-03059,ORD-11248,CUST-0391,PROD-020,2025-05-03,3,37.73,0,113.19
OL-03060,ORD-11248,CUST-0391,PROD-005,2025-05-03,3,843.32,0.05,2403.46
OL-03061,ORD-11249,CUST-0391,PROD-016,2025-09-23,4,189.62,0.2,606.78
OL-03062,ORD-11249,CUST-0391,PROD-017,2025-09-23,1,242.78,0,242.78
OL-03063,ORD-11250,CUST-0391,PROD-030,2025-09-20,1,33.74,0,33.74
OL-03064,ORD-11250,CUST-0391,PROD-028,2025-09-20,5,65.64,0,328.2
OL-03065,ORD-11250,CUST-0391,PROD-001,2025-09-20,1,1226.38,0.2,981.1
OL-03066,ORD-11251,CUST-0391,PROD-003,2025-08-24,2,722.82,0,1445.64
OL-03067,ORD-11252,CUST-0391,PROD-036,2025-09-04,4,97.89,0,391.56
OL-03068,ORD-11252,CUST-0391,PROD-015,2025-09-04,1,295.3,0.05,280.54
OL-03069,ORD-11252,CUST-0391,PROD-007,2025-09-04,2,511.33,0.05,971.53
OL-03070,ORD-11252,CUST-0391,PROD-029,2025-09-04,5,32.8,0,164
OL-03071,ORD-11253,CUST-0391,PROD-034,2025-04-23,1,79.8,0.2,63.84
OL-03072,ORD-11254,CUST-0391,PROD-029,2025-07-26,5,32.8,0,164
OL-03073,ORD-11254,CUST-0391,PROD-007,2025-07-26,1,511.33,0,511.33
OL-03074,ORD-11254,CUST-0391,PROD-010,2025-07-26,1,121.48,0.05,115.41
OL-03075,ORD-11255,CUST-0391,PROD-033,2024-08-31,4,70.03,0.05,266.11
OL-03076,ORD-11255,CUST-0391,PROD-003,2024-08-31,1,722.82,0,722.82
OL-03077,ORD-11256,CUST-0391,PROD-015,2024-08-15,3,295.3,0,885.9
OL-03078,ORD-11256,CUST-0391,PROD-022,2024-08-15,5,27.82,0,139.1
OL-03079,ORD-11256,CUST-0391,PROD-006,2024-08-15,4,689.21,0,2756.84
OL-03080,ORD-11256,CUST-0391,PROD-004,2024-08-15,2,921.23,0.2,1473.97
OL-03081,ORD-11257,CUST-0391,PROD-008,2025-02-09,1,342.59,0,342.59
OL-03082,ORD-11257,CUST-0391,PROD-013,2025-02-09,5,134.4,0.05,638.4
OL-03083,ORD-11258,CUST-0391,PROD-035,2024-10-20,4,75.75,0.05,287.85
OL-03084,ORD-11258,CUST-0391,PROD-034,2024-10-20,4,79.8,0.1,287.28
OL-03085,ORD-11258,CUST-0391,PROD-023,2024-10-20,3,88.43,0.05,252.03
OL-03086,ORD-11259,CUST-0391,PROD-008,2024-08-03,1,342.59,0,342.59
OL-03087,ORD-11259,CUST-0391,PROD-036,2024-08-03,2,97.89,0.15,166.41
OL-03088,ORD-11260,CUST-0391,PROD-026,2025-09-03,4,54.35,0,217.4
OL-03089,ORD-11260,CUST-0391,PROD-011,2025-09-03,4,103.76,0.05,394.29
OL-03090,ORD-11261,CUST-0391,PROD-006,2025-02-27,5,689.21,0,3446.05
OL-03091,ORD-11261,CUST-0391,PROD-023,2025-02-27,5,88.43,0,442.15
OL-03092,ORD-11262,CUST-0391,PROD-031,2025-09-17,1,164.42,0,164.42
OL-03093,ORD-11262,CUST-0391,PROD-002,2025-09-17,3,505.32,0.05,1440.16
OL-03094,ORD-11263,CUST-0391,PROD-007,2025-02-16,1,511.33,0.2,409.06
OL-03095,ORD-11263,CUST-0391,PROD-020,2025-02-16,1,37.73,0,37.73
OL-03096,ORD-11263,CUST-0391,PROD-022,2025-02-16,4,27.82,0.1,100.15
OL-03097,ORD-11263,CUST-0391,PROD-002,2025-02-16,4,505.32,0.15,1718.09
OL-03098,ORD-11264,CUST-0391,PROD-017,2025-03-15,1,242.78,0,242.78
OL-03099,ORD-11265,CUST-0391,PROD-016,2025-08-06,1,189.62,0.2,151.7
OL-03100,ORD-11265,CUST-0391,PROD-035,2025-08-06,5,75.75,0.2,303
OL-03101,ORD-11265,CUST-0391,PROD-036,2025-08-06,3,97.89,0.1,264.3
OL-03102,ORD-11266,CUST-0391,PROD-016,2024-07-20,2,189.62,0,379.24
OL-03103,ORD-11266,CUST-0391,PROD-005,2024-07-20,3,843.32,0.1,2276.96
OL-03104,ORD-11266,CUST-0391,PROD-021,2024-07-20,5,38.34,0.1,172.53
OL-03105,ORD-11267,CUST-0391,PROD-032,2024-08-07,4,129.73,0.15,441.08
OL-03106,ORD-11267,CUST-0391,PROD-026,2024-08-07,2,54.35,0.15,92.39
OL-03107,ORD-11267,CUST-0391,PROD-034,2024-08-07,1,79.8,0,79.8
OL-03108,ORD-11268,CUST-0391,PROD-008,2025-03-13,3,342.59,0,1027.77
OL-03109,ORD-11268,CUST-0391,PROD-027,2025-03-13,4,52.67,0.05,200.15
OL-03110,ORD-11268,CUST-0391,PROD-025,2025-03-13,1,25.5,0,25.5
OL-03111,ORD-11268,CUST-0391,PROD-036,2025-03-13,2,97.89,0.05,185.99
OL-03112,ORD-11269,CUST-0391,PROD-032,2024-12-12,4,129.73,0.1,467.03
OL-03113,ORD-11270,CUST-0391,PROD-015,2024-12-02,3,295.3,0.05,841.61
OL-03114,ORD-11270,CUST-0391,PROD-012,2024-12-02,2,109.67,0,219.34
OL-03115,ORD-11271,CUST-0391,PROD-037,2025-07-31,1,23.39,0,23.39
OL-03116,ORD-11271,CUST-0391,PROD-008,2025-07-31,3,342.59,0,1027.77
OL-03117,ORD-11271,CUST-0391,PROD-029,2025-07-31,4,32.8,0.2,104.96
OL-03118,ORD-11272,CUST-0391,PROD-002,2025-06-22,4,505.32,0,2021.28
OL-03119,ORD-11272,CUST-0391,PROD-014,2025-06-22,5,487.6,0.05,2316.1
OL-03120,ORD-11273,CUST-0391,PROD-007,2025-09-11,4,511.33,0,2045.32
OL-03121,ORD-11273,CUST-0391,PROD-006,2025-09-11,2,689.21,0.15,1171.66
OL-03122,ORD-11274,CUST-0391,PROD-017,2025-06-24,1,242.78,0.2,194.22
OL-03123,ORD-11275,CUST-0391,PROD-016,2025-11-07,3,189.62,0.15,483.53
OL-03124,ORD-11276,CUST-0391,PROD-010,2025-07-13,1,121.48,0.15,103.26
OL-03125,ORD-11276,CUST-0391,PROD-008,2025-07-13,5,342.59,0.1,1541.65
OL-03126,ORD-11276,CUST-0391,PROD-006,2025-07-13,5,689.21,0,3446.05
OL-03127,ORD-11276,CUST-0391,PROD-029,2025-07-13,5,32.8,0,164
OL-03128,ORD-11277,CUST-0391,PROD-035,2025-09-09,4,75.75,0,303
OL-03129,ORD-11278,CUST-0391,PROD-011,2024-12-21,4,103.76,0,415.04
OL-03130,ORD-11278,CUST-0391,PROD-008,2024-12-21,5,342.59,0.1,1541.65
OL-03131,ORD-11279,CUST-0391,PROD-037,2025-07-31,5,23.39,0,116.95
OL-03132,ORD-11279,CUST-0391,PROD-029,2025-07-31,4,32.8,0,131.2
OL-03133,ORD-11280,CUST-0391,PROD-004,2025-04-21,3,921.23,0.1,2487.32
OL-03134,ORD-11280,CUST-0391,PROD-002,2025-04-21,1,505.32,0.05,480.05
OL-03135,ORD-11281,CUST-0391,PROD-031,2025-03-18,2,164.42,0.05,312.4
OL-03136,ORD-11281,CUST-0391,PROD-006,2025-03-18,5,689.21,0,3446.05
OL-03137,ORD-11281,CUST-0391,PROD-012,2025-03-18,3,109.67,0.1,296.11
OL-03138,ORD-11282,CUST-0391,PROD-006,2025-02-10,2,689.21,0.1,1240.58
OL-03139,ORD-11283,CUST-0391,PROD-018,2025-10-18,5,9.52,0,47.6
OL-03140,ORD-11283,CUST-0391,PROD-011,2025-10-18,4,103.76,0.15,352.78
OL-03141,ORD-11283,CUST-0391,PROD-028,2025-10-18,4,65.64,0.1,236.3
OL-03142,ORD-11283,CUST-0391,PROD-036,2025-10-18,4,97.89,0.15,332.83
OL-03143,ORD-11284,CUST-0392,PROD-018,2024-04-02,1,9.52,0.1,8.57
OL-03144,ORD-11285,CUST-0392,PROD-008,2024-10-15,1,342.59,0.2,274.07
OL-03145,ORD-11285,CUST-0392,PROD-017,2024-10-15,5,242.78,0.05,1153.2
OL-03146,ORD-11286,CUST-0392,PROD-028,2024-06-13,5,65.64,0.15,278.97
OL-03147,ORD-11286,CUST-0392,PROD-003,2024-06-13,2,722.82,0,1445.64
OL-03148,ORD-11286,CUST-0392,PROD-032,2024-06-13,4,129.73,0,518.92
OL-03149,ORD-11287,CUST-0392,PROD-022,2025-03-28,3,27.82,0,83.46
OL-03150,ORD-11287,CUST-0392,PROD-025,2025-03-28,4,25.5,0.1,91.8
OL-03151,ORD-11288,CUST-0393,PROD-012,2025-04-20,3,109.67,0.2,263.21
OL-03152,ORD-11288,CUST-0393,PROD-019,2025-04-20,5,21.71,0.05,103.12
OL-03153,ORD-11288,CUST-0393,PROD-003,2025-04-20,4,722.82,0.1,2602.15
OL-03154,ORD-11288,CUST-0393,PROD-027,2025-04-20,2,52.67,0.15,89.54
OL-03155,ORD-11289,CUST-0393,PROD-002,2025-09-17,3,505.32,0,1515.96
OL-03156,ORD-11289,CUST-0393,PROD-018,2025-09-17,1,9.52,0.05,9.04
OL-03157,ORD-11289,CUST-0393,PROD-029,2025-09-17,1,32.8,0,32.8
OL-03158,ORD-11289,CUST-0393,PROD-033,2025-09-17,5,70.03,0,350.15
OL-03159,ORD-11290,CUST-0393,PROD-010,2025-06-26,4,121.48,0,485.92
OL-03160,ORD-11290,CUST-0393,PROD-011,2025-06-26,5,103.76,0.1,466.92
OL-03161,ORD-11290,CUST-0393,PROD-023,2025-06-26,2,88.43,0,176.86
OL-03162,ORD-11290,CUST-0393,PROD-016,2025-06-26,5,189.62,0.1,853.29
OL-03163,ORD-11291,CUST-0394,PROD-018,2025-09-06,4,9.52,0.1,34.27
OL-03164,ORD-11291,CUST-0394,PROD-035,2025-09-06,5,75.75,0,378.75
OL-03165,ORD-11292,CUST-0395,PROD-009,2024-07-26,2,89.78,0.2,143.65
OL-03166,ORD-11292,CUST-0395,PROD-017,2024-07-26,5,242.78,0.05,1153.2
OL-03167,ORD-11292,CUST-0395,PROD-026,2024-07-26,5,54.35,0.1,244.58
OL-03168,ORD-11292,CUST-0395,PROD-031,2024-07-26,1,164.42,0.05,156.2
OL-03169,ORD-11293,CUST-0395,PROD-006,2024-08-21,3,689.21,0,2067.63
OL-03170,ORD-11294,CUST-0395,PROD-016,2024-11-27,3,189.62,0.15,483.53
OL-03171,ORD-11295,CUST-0396,PROD-014,2024-05-20,1,487.6,0,487.6
OL-03172,ORD-11295,CUST-0396,PROD-027,2024-05-20,2,52.67,0.05,100.07
OL-03173,ORD-11296,CUST-0396,PROD-001,2025-06-07,1,1226.38,0,1226.38
OL-03174,ORD-11296,CUST-0396,PROD-022,2025-06-07,3,27.82,0.1,75.11
OL-03175,ORD-11296,CUST-0396,PROD-012,2025-06-07,5,109.67,0,548.35
OL-03176,ORD-11296,CUST-0396,PROD-016,2025-06-07,4,189.62,0,758.48
OL-03177,ORD-11297,CUST-0396,PROD-011,2025-07-08,3,103.76,0,311.28
OL-03178,ORD-11298,CUST-0396,PROD-032,2025-06-23,1,129.73,0.1,116.76
OL-03179,ORD-11298,CUST-0396,PROD-010,2025-06-23,1,121.48,0.05,115.41
OL-03180,ORD-11298,CUST-0396,PROD-017,2025-06-23,3,242.78,0.15,619.09
OL-03181,ORD-11299,CUST-0396,PROD-019,2024-06-20,1,21.71,0.2,17.37
OL-03182,ORD-11299,CUST-0396,PROD-018,2024-06-20,5,9.52,0.05,45.22
OL-03183,ORD-11300,CUST-0396,PROD-031,2024-12-26,4,164.42,0.15,559.03
OL-03184,ORD-11301,CUST-0396,PROD-017,2024-07-07,5,242.78,0.2,971.12
OL-03185,ORD-11301,CUST-0396,PROD-035,2024-07-07,5,75.75,0.15,321.94
OL-03186,ORD-11302,CUST-0396,PROD-026,2024-06-25,4,54.35,0.2,173.92
OL-03187,ORD-11303,CUST-0396,PROD-007,2025-03-13,1,511.33,0.05,485.76
OL-03188,ORD-11303,CUST-0396,PROD-018,2025-03-13,3,9.52,0.05,27.13
OL-03189,ORD-11304,CUST-0396,PROD-015,2025-02-23,3,295.3,0.1,797.31
OL-03190,ORD-11305,CUST-0396,PROD-025,2024-09-06,5,25.5,0.15,108.38
OL-03191,ORD-11305,CUST-0396,PROD-017,2024-09-06,5,242.78,0.1,1092.51
OL-03192,ORD-11305,CUST-0396,PROD-035,2024-09-06,2,75.75,0.15,128.78
OL-03193,ORD-11305,CUST-0396,PROD-028,2024-09-06,5,65.64,0.05,311.79
OL-03194,ORD-11306,CUST-0396,PROD-020,2025-05-26,3,37.73,0.15,96.21
OL-03195,ORD-11306,CUST-0396,PROD-033,2025-05-26,1,70.03,0,70.03
OL-03196,ORD-11306,CUST-0396,PROD-025,2025-05-26,3,25.5,0.1,68.85
OL-03197,ORD-11306,CUST-0396,PROD-037,2025-05-26,3,23.39,0,70.17
OL-03198,ORD-11307,CUST-0396,PROD-008,2025-07-20,1,342.59,0.1,308.33
OL-03199,ORD-11308,CUST-0396,PROD-004,2024-08-12,3,921.23,0,2763.69
OL-03200,ORD-11308,CUST-0396,PROD-031,2024-08-12,4,164.42,0.15,559.03
OL-03201,ORD-11309,CUST-0396,PROD-008,2024-06-26,1,342.59,0.05,325.46
OL-03202,ORD-11309,CUST-0396,PROD-005,2024-06-26,1,843.32,0,843.32
OL-03203,ORD-11309,CUST-0396,PROD-031,2024-06-26,5,164.42,0.1,739.89
OL-03204,ORD-11310,CUST-0396,PROD-014,2025-06-24,4,487.6,0.15,1657.84
OL-03205,ORD-11310,CUST-0396,PROD-027,2025-06-24,2,52.67,0,105.34
OL-03206,ORD-11310,CUST-0396,PROD-021,2025-06-24,5,38.34,0.1,172.53
OL-03207,ORD-11310,CUST-0396,PROD-016,2025-06-24,3,189.62,0,568.86
OL-03208,ORD-11311,CUST-0396,PROD-025,2024-12-11,4,25.5,0,102
OL-03209,ORD-11312,CUST-0396,PROD-037,2024-06-29,3,23.39,0.2,56.14
OL-03210,ORD-11313,CUST-0396,PROD-034,2024-08-12,1,79.8,0,79.8
OL-03211,ORD-11313,CUST-0396,PROD-017,2024-08-12,4,242.78,0.05,922.56
OL-03212,ORD-11313,CUST-0396,PROD-012,2024-08-12,3,109.67,0.2,263.21
OL-03213,ORD-11314,CUST-0396,PROD-028,2025-09-09,3,65.64,0.2,157.54
OL-03214,ORD-11314,CUST-0396,PROD-032,2025-09-09,4,129.73,0,518.92
OL-03215,ORD-11314,CUST-0396,PROD-027,2025-09-09,2,52.67,0,105.34
OL-03216,ORD-11314,CUST-0396,PROD-004,2025-09-09,3,921.23,0,2763.69
OL-03217,ORD-11315,CUST-0396,PROD-032,2025-01-06,5,129.73,0,648.65
OL-03218,ORD-11315,CUST-0396,PROD-029,2025-01-06,5,32.8,0.05,155.8
OL-03219,ORD-11315,CUST-0396,PROD-022,2025-01-06,3,27.82,0.2,66.77
OL-03220,ORD-11316,CUST-0397,PROD-013,2024-07-19,5,134.4,0,672
OL-03221,ORD-11316,CUST-0397,PROD-033,2024-07-19,4,70.03,0,280.12
OL-03222,ORD-11317,CUST-0397,PROD-017,2024-12-05,2,242.78,0.2,388.45
OL-03223,ORD-11317,CUST-0397,PROD-026,2024-12-05,2,54.35,0.2,86.96
OL-03224,ORD-11317,CUST-0397,PROD-025,2024-12-05,4,25.5,0,102
OL-03225,ORD-11318,CUST-0397,PROD-004,2025-07-27,3,921.23,0.1,2487.32
OL-03226,ORD-11318,CUST-0397,PROD-007,2025-07-27,5,511.33,0,2556.65
OL-03227,ORD-11318,CUST-0397,PROD-026,2025-07-27,2,54.35,0,108.7
OL-03228,ORD-11319,CUST-0397,PROD-011,2024-08-07,3,103.76,0,311.28
OL-03229,ORD-11319,CUST-0397,PROD-012,2024-08-07,4,109.67,0.05,416.75
OL-03230,ORD-11319,CUST-0397,PROD-008,2024-08-07,4,342.59,0.15,1164.81
OL-03231,ORD-11319,CUST-0397,PROD-010,2024-08-07,4,121.48,0,485.92
OL-03232,ORD-11320,CUST-0397,PROD-021,2025-02-24,4,38.34,0,153.36
OL-03233,ORD-11320,CUST-0397,PROD-005,2025-02-24,1,843.32,0,843.32
OL-03234,ORD-11321,CUST-0397,PROD-007,2024-11-01,5,511.33,0.2,2045.32
OL-03235,ORD-11321,CUST-0397,PROD-006,2024-11-01,3,689.21,0.1,1860.87
OL-03236,ORD-11321,CUST-0397,PROD-024,2024-11-01,5,38.87,0.15,165.2
OL-03237,ORD-11322,CUST-0397,PROD-001,2025-02-17,5,1226.38,0,6131.9
OL-03238,ORD-11323,CUST-0397,PROD-034,2024-09-27,5,79.8,0,399
OL-03239,ORD-11323,CUST-0397,PROD-026,2024-09-27,2,54.35,0.2,86.96
OL-03240,ORD-11323,CUST-0397,PROD-031,2024-09-27,1,164.42,0,164.42
OL-03241,ORD-11323,CUST-0397,PROD-032,2024-09-27,5,129.73,0.1,583.78
OL-03242,ORD-11324,CUST-0397,PROD-029,2025-10-28,4,32.8,0,131.2
OL-03243,ORD-11324,CUST-0397,PROD-001,2025-10-28,4,1226.38,0.2,3924.42
OL-03244,ORD-11324,CUST-0397,PROD-018,2025-10-28,3,9.52,0.2,22.85
OL-03245,ORD-11325,CUST-0397,PROD-005,2024-10-26,1,843.32,0,843.32
OL-03246,ORD-11325,CUST-0397,PROD-010,2024-10-26,5,121.48,0,607.4
OL-03247,ORD-11325,CUST-0397,PROD-008,2024-10-26,2,342.59,0.15,582.4
OL-03248,ORD-11325,CUST-0397,PROD-011,2024-10-26,4,103.76,0,415.04
OL-03249,ORD-11326,CUST-0397,PROD-023,2024-11-27,4,88.43,0.1,318.35
OL-03250,ORD-11326,CUST-0397,PROD-025,2024-11-27,3,25.5,0.2,61.2
OL-03251,ORD-11326,CUST-0397,PROD-035,2024-11-27,2,75.75,0,151.5
OL-03252,ORD-11326,CUST-0397,PROD-004,2024-11-27,3,921.23,0.1,2487.32
OL-03253,ORD-11327,CUST-0397,PROD-009,2024-10-31,2,89.78,0.1,161.6
OL-03254,ORD-11327,CUST-0397,PROD-008,2024-10-31,3,342.59,0,1027.77
OL-03255,ORD-11327,CUST-0397,PROD-036,2024-10-31,3,97.89,0.2,234.94
OL-03256,ORD-11328,CUST-0397,PROD-004,2025-08-23,3,921.23,0,2763.69
OL-03257,ORD-11328,CUST-0397,PROD-003,2025-08-23,3,722.82,0,2168.46
OL-03258,ORD-11328,CUST-0397,PROD-028,2025-08-23,4,65.64,0,262.56
OL-03259,ORD-11329,CUST-0397,PROD-013,2025-08-16,1,134.4,0,134.4
OL-03260,ORD-11329,CUST-0397,PROD-005,2025-08-16,2,843.32,0,1686.64
OL-03261,ORD-11330,CUST-0397,PROD-019,2025-11-24,4,21.71,0.05,82.5
OL-03262,ORD-11330,CUST-0397,PROD-035,2025-11-24,4,75.75,0.2,242.4
OL-03263,ORD-11330,CUST-0397,PROD-032,2025-11-24,2,129.73,0,259.46
OL-03264,ORD-11330,CUST-0397,PROD-006,2025-11-24,3,689.21,0.15,1757.49
OL-03265,ORD-11331,CUST-0398,PROD-032,2025-03-24,1,129.73,0,129.73
OL-03266,ORD-11331,CUST-0398,PROD-011,2025-03-24,5,103.76,0.1,466.92
OL-03267,ORD-11332,CUST-0398,PROD-005,2025-10-19,3,843.32,0.15,2150.47
OL-03268,ORD-11332,CUST-0398,PROD-031,2025-10-19,1,164.42,0.15,139.76
OL-03269,ORD-11333,CUST-0399,PROD-025,2024-01-13,2,25.5,0.2,40.8
OL-03270,ORD-11334,CUST-0399,PROD-022,2024-02-18,4,27.82,0.1,100.15
OL-03271,ORD-11334,CUST-0399,PROD-013,2024-02-18,2,134.4,0,268.8
OL-03272,ORD-11334,CUST-0399,PROD-003,2024-02-18,5,722.82,0.1,3252.69
OL-03273,ORD-11335,CUST-0399,PROD-018,2025-03-28,3,9.52,0.2,22.85
OL-03274,ORD-11335,CUST-0399,PROD-015,2025-03-28,2,295.3,0,590.6
OL-03275,ORD-11336,CUST-0399,PROD-007,2024-02-03,5,511.33,0,2556.65
OL-03276,ORD-11337,CUST-0399,PROD-029,2025-01-29,5,32.8,0,164
OL-03277,ORD-11337,CUST-0399,PROD-031,2025-01-29,4,164.42,0,657.68
OL-03278,ORD-11337,CUST-0399,PROD-033,2025-01-29,2,70.03,0,140.06
OL-03279,ORD-11337,CUST-0399,PROD-019,2025-01-29,3,21.71,0,65.13
OL-03280,ORD-11338,CUST-0399,PROD-017,2025-05-12,5,242.78,0,1213.9
OL-03281,ORD-11338,CUST-0399,PROD-028,2025-05-12,5,65.64,0,328.2
OL-03282,ORD-11338,CUST-0399,PROD-004,2025-05-12,1,921.23,0.05,875.17
OL-03283,ORD-11339,CUST-0399,PROD-029,2024-12-02,1,32.8,0,32.8
OL-03284,ORD-11339,CUST-0399,PROD-036,2024-12-02,3,97.89,0,293.67
OL-03285,ORD-11340,CUST-0399,PROD-010,2024-12-23,5,121.48,0.05,577.03
OL-03286,ORD-11341,CUST-0399,PROD-035,2024-10-12,5,75.75,0.05,359.81
OL-03287,ORD-11341,CUST-0399,PROD-025,2024-10-12,5,25.5,0.1,114.75
OL-03288,ORD-11341,CUST-0399,PROD-037,2024-10-12,5,23.39,0.2,93.56
OL-03289,ORD-11342,CUST-0399,PROD-020,2024-04-17,3,37.73,0.05,107.53
OL-03290,ORD-11343,CUST-0399,PROD-031,2024-11-20,3,164.42,0.2,394.61
OL-03291,ORD-11343,CUST-0399,PROD-007,2024-11-20,4,511.33,0.15,1738.52
OL-03292,ORD-11344,CUST-0400,PROD-025,2024-12-18,1,25.5,0.2,20.4
OL-03293,ORD-11344,CUST-0400,PROD-015,2024-12-18,5,295.3,0.1,1328.85
OL-03294,ORD-11344,CUST-0400,PROD-003,2024-12-18,4,722.82,0.15,2457.59
OL-03295,ORD-11345,CUST-0400,PROD-018,2025-05-11,2,9.52,0.2,15.23
OL-03296,ORD-11345,CUST-0400,PROD-009,2025-05-11,5,89.78,0.15,381.56
OL-03297,ORD-11346,CUST-0400,PROD-011,2025-04-27,1,103.76,0,103.76
OL-03298,ORD-11346,CUST-0400,PROD-034,2025-04-27,1,79.8,0.15,67.83
OL-03299,ORD-11346,CUST-0400,PROD-016,2025-04-27,5,189.62,0.05,900.69
OL-03300,ORD-11346,CUST-0400,PROD-037,2025-04-27,1,23.39,0.05,22.22
OL-03301,ORD-11347,CUST-0401,PROD-037,2024-07-09,2,23.39,0.1,42.1
OL-03302,ORD-11347,CUST-0401,PROD-014,2024-07-09,5,487.6,0,2438
OL-03303,ORD-11348,CUST-0402,PROD-011,2025-01-19,1,103.76,0,103.76
OL-03304,ORD-11348,CUST-0402,PROD-010,2025-01-19,1,121.48,0,121.48
OL-03305,ORD-11349,CUST-0402,PROD-012,2025-05-08,1,109.67,0,109.67
OL-03306,ORD-11349,CUST-0402,PROD-001,2025-05-08,5,1226.38,0.05,5825.31
OL-03307,ORD-11350,CUST-0402,PROD-025,2025-09-27,5,25.5,0.2,102
OL-03308,ORD-11350,CUST-0402,PROD-008,2025-09-27,5,342.59,0.15,1456.01
OL-03309,ORD-11350,CUST-0402,PROD-003,2025-09-27,5,722.82,0.2,2891.28
OL-03310,ORD-11350,CUST-0402,PROD-002,2025-09-27,4,505.32,0.15,1718.09
OL-03311,ORD-11351,CUST-0402,PROD-001,2025-08-19,5,1226.38,0,6131.9
OL-03312,ORD-11352,CUST-0403,PROD-024,2024-02-02,1,38.87,0,38.87
OL-03313,ORD-11352,CUST-0403,PROD-025,2024-02-02,1,25.5,0.15,21.68
OL-03314,ORD-11353,CUST-0403,PROD-021,2024-06-17,5,38.34,0.1,172.53
OL-03315,ORD-11353,CUST-0403,PROD-016,2024-06-17,1,189.62,0.2,151.7
OL-03316,ORD-11353,CUST-0403,PROD-006,2024-06-17,4,689.21,0,2756.84
OL-03317,ORD-11354,CUST-0403,PROD-013,2024-09-20,3,134.4,0.05,383.04
OL-03318,ORD-11354,CUST-0403,PROD-021,2024-09-20,5,38.34,0,191.7
OL-03319,ORD-11355,CUST-0403,PROD-003,2025-04-19,1,722.82,0,722.82
OL-03320,ORD-11356,CUST-0403,PROD-030,2025-02-27,4,33.74,0,134.96
OL-03321,ORD-11357,CUST-0404,PROD-018,2025-10-17,4,9.52,0.2,30.46
OL-03322,ORD-11357,CUST-0404,PROD-022,2025-10-17,1,27.82,0,27.82
OL-03323,ORD-11357,CUST-0404,PROD-025,2025-10-17,1,25.5,0.15,21.68
OL-03324,ORD-11358,CUST-0404,PROD-028,2025-11-24,1,65.64,0,65.64
OL-03325,ORD-11358,CUST-0404,PROD-025,2025-11-24,4,25.5,0,102
OL-03326,ORD-11358,CUST-0404,PROD-018,2025-11-24,3,9.52,0.2,22.85
OL-03327,ORD-11358,CUST-0404,PROD-006,2025-11-24,1,689.21,0.15,585.83
OL-03328,ORD-11359,CUST-0404,PROD-019,2025-12-17,4,21.71,0.1,78.16
OL-03329,ORD-11359,CUST-0404,PROD-001,2025-12-17,3,1226.38,0,3679.14
OL-03330,ORD-11360,CUST-0405,PROD-031,2025-12-26,5,164.42,0,822.1
OL-03331,ORD-11360,CUST-0405,PROD-003,2025-12-26,3,722.82,0.2,1734.77
OL-03332,ORD-11360,CUST-0405,PROD-034,2025-12-26,5,79.8,0.2,319.2
OL-03333,ORD-11361,CUST-0406,PROD-036,2024-10-09,4,97.89,0.1,352.4
OL-03334,ORD-11361,CUST-0406,PROD-013,2024-10-09,5,134.4,0.1,604.8
OL-03335,ORD-11361,CUST-0406,PROD-019,2024-10-09,5,21.71,0.05,103.12
OL-03336,ORD-11361,CUST-0406,PROD-010,2024-10-09,2,121.48,0.05,230.81
OL-03337,ORD-11362,CUST-0406,PROD-001,2025-08-30,4,1226.38,0.1,4414.97
OL-03338,ORD-11362,CUST-0406,PROD-034,2025-08-30,5,79.8,0.1,359.1
OL-03339,ORD-11362,CUST-0406,PROD-015,2025-08-30,5,295.3,0,1476.5
OL-03340,ORD-11362,CUST-0406,PROD-035,2025-08-30,4,75.75,0.1,272.7
OL-03341,ORD-11363,CUST-0406,PROD-005,2025-10-08,2,843.32,0,1686.64
OL-03342,ORD-11363,CUST-0406,PROD-024,2025-10-08,4,38.87,0.2,124.38
OL-03343,ORD-11363,CUST-0406,PROD-002,2025-10-08,1,505.32,0.1,454.79
OL-03344,ORD-11363,CUST-0406,PROD-028,2025-10-08,4,65.64,0.05,249.43
OL-03345,ORD-11364,CUST-0406,PROD-009,2024-11-04,1,89.78,0,89.78
OL-03346,ORD-11364,CUST-0406,PROD-002,2024-11-04,4,505.32,0.15,1718.09
OL-03347,ORD-11365,CUST-0406,PROD-030,2025-11-19,5,33.74,0.2,134.96
OL-03348,ORD-11365,CUST-0406,PROD-034,2025-11-19,2,79.8,0.05,151.62
OL-03349,ORD-11365,CUST-0406,PROD-037,2025-11-19,1,23.39,0,23.39
OL-03350,ORD-11366,CUST-0406,PROD-037,2024-12-03,3,23.39,0,70.17
OL-03351,ORD-11367,CUST-0407,PROD-024,2024-10-05,1,38.87,0.05,36.93
OL-03352,ORD-11367,CUST-0407,PROD-022,2024-10-05,4,27.82,0.05,105.72
OL-03353,ORD-11367,CUST-0407,PROD-033,2024-10-05,3,70.03,0.15,178.58
OL-03354,ORD-11367,CUST-0407,PROD-021,2024-10-05,1,38.34,0.15,32.59
OL-03355,ORD-11368,CUST-0407,PROD-032,2025-11-06,4,129.73,0.1,467.03
OL-03356,ORD-11368,CUST-0407,PROD-019,2025-11-06,2,21.71,0.2,34.74
OL-03357,ORD-11369,CUST-0407,PROD-035,2024-11-27,5,75.75,0,378.75
OL-03358,ORD-11370,CUST-0408,PROD-026,2025-11-18,2,54.35,0.05,103.27
OL-03359,ORD-11371,CUST-0409,PROD-011,2024-06-30,5,103.76,0.05,492.86
OL-03360,ORD-11371,CUST-0409,PROD-010,2024-06-30,3,121.48,0.1,328
OL-03361,ORD-11372,CUST-0409,PROD-029,2025-05-11,1,32.8,0.2,26.24
OL-03362,ORD-11373,CUST-0409,PROD-024,2025-07-12,1,38.87,0.2,31.1
OL-03363,ORD-11373,CUST-0409,PROD-018,2025-07-12,5,9.52,0,47.6
OL-03364,ORD-11373,CUST-0409,PROD-009,2025-07-12,3,89.78,0,269.34
OL-03365,ORD-11374,CUST-0409,PROD-021,2025-03-20,4,38.34,0.2,122.69
OL-03366,ORD-11375,CUST-0409,PROD-001,2025-03-30,2,1226.38,0,2452.76
OL-03367,ORD-11375,CUST-0409,PROD-037,2025-03-30,3,23.39,0.05,66.66
OL-03368,ORD-11376,CUST-0409,PROD-037,2025-09-13,1,23.39,0.15,19.88
OL-03369,ORD-11377,CUST-0409,PROD-026,2024-08-09,2,54.35,0.15,92.39
OL-03370,ORD-11378,CUST-0409,PROD-027,2025-10-18,4,52.67,0,210.68
OL-03371,ORD-11378,CUST-0409,PROD-018,2025-10-18,2,9.52,0.2,15.23
OL-03372,ORD-11378,CUST-0409,PROD-004,2025-10-18,2,921.23,0,1842.46
OL-03373,ORD-11379,CUST-0409,PROD-012,2025-09-21,5,109.67,0,548.35
OL-03374,ORD-11379,CUST-0409,PROD-033,2025-09-21,3,70.03,0,210.09
OL-03375,ORD-11379,CUST-0409,PROD-011,2025-09-21,1,103.76,0,103.76
OL-03376,ORD-11379,CUST-0409,PROD-036,2025-09-21,4,97.89,0.1,352.4
OL-03377,ORD-11380,CUST-0409,PROD-011,2025-06-13,4,103.76,0,415.04
OL-03378,ORD-11380,CUST-0409,PROD-017,2025-06-13,1,242.78,0,242.78
OL-03379,ORD-11381,CUST-0409,PROD-025,2025-02-14,5,25.5,0.2,102
OL-03380,ORD-11382,CUST-0409,PROD-001,2025-08-14,1,1226.38,0.2,981.1
OL-03381,ORD-11382,CUST-0409,PROD-031,2025-08-14,3,164.42,0.1,443.93
OL-03382,ORD-11382,CUST-0409,PROD-005,2025-08-14,1,843.32,0,843.32
OL-03383,ORD-11383,CUST-0409,PROD-001,2024-09-12,1,1226.38,0.2,981.1
OL-03384,ORD-11383,CUST-0409,PROD-012,2024-09-12,1,109.67,0,109.67
OL-03385,ORD-11383,CUST-0409,PROD-030,2024-09-12,2,33.74,0.05,64.11
OL-03386,ORD-11384,CUST-0409,PROD-024,2024-08-25,2,38.87,0.2,62.19
OL-03387,ORD-11385,CUST-0409,PROD-004,2025-09-29,1,921.23,0,921.23
OL-03388,ORD-11385,CUST-0409,PROD-037,2025-09-29,4,23.39,0,93.56
OL-03389,ORD-11385,CUST-0409,PROD-009,2025-09-29,4,89.78,0.1,323.21
OL-03390,ORD-11385,CUST-0409,PROD-013,2025-09-29,3,134.4,0.15,342.72
OL-03391,ORD-11386,CUST-0409,PROD-031,2024-07-22,3,164.42,0.15,419.27
OL-03392,ORD-11387,CUST-0409,PROD-033,2025-09-12,5,70.03,0.2,280.12
OL-03393,ORD-11388,CUST-0409,PROD-019,2024-12-21,5,21.71,0.1,97.7
OL-03394,ORD-11388,CUST-0409,PROD-015,2024-12-21,4,295.3,0.05,1122.14
OL-03395,ORD-11388,CUST-0409,PROD-010,2024-12-21,5,121.48,0.1,546.66
OL-03396,ORD-11389,CUST-0410,PROD-027,2025-11-22,2,52.67,0.1,94.81
OL-03397,ORD-11389,CUST-0410,PROD-023,2025-11-22,3,88.43,0,265.29
OL-03398,ORD-11390,CUST-0411,PROD-027,2024-06-16,1,52.67,0.1,47.4
OL-03399,ORD-11391,CUST-0411,PROD-031,2025-08-11,3,164.42,0.2,394.61
OL-03400,ORD-11391,CUST-0411,PROD-013,2025-08-11,5,134.4,0,672
OL-03401,ORD-11392,CUST-0411,PROD-003,2024-10-18,3,722.82,0,2168.46
OL-03402,ORD-11393,CUST-0412,PROD-023,2025-12-22,5,88.43,0.05,420.04
OL-03403,ORD-11393,CUST-0412,PROD-036,2025-12-22,2,97.89,0.15,166.41
OL-03404,ORD-11394,CUST-0413,PROD-019,2024-08-16,3,21.71,0.1,58.62
OL-03405,ORD-11394,CUST-0413,PROD-014,2024-08-16,2,487.6,0,975.2
OL-03406,ORD-11394,CUST-0413,PROD-024,2024-08-16,2,38.87,0.05,73.85
OL-03407,ORD-11394,CUST-0413,PROD-029,2024-08-16,5,32.8,0,164
OL-03408,ORD-11395,CUST-0413,PROD-035,2025-03-26,4,75.75,0.05,287.85
OL-03409,ORD-11395,CUST-0413,PROD-028,2025-03-26,2,65.64,0.1,118.15
OL-03410,ORD-11395,CUST-0413,PROD-003,2025-03-26,5,722.82,0,3614.1
OL-03411,ORD-11396,CUST-0413,PROD-020,2025-09-02,2,37.73,0.1,67.91
OL-03412,ORD-11396,CUST-0413,PROD-035,2025-09-02,3,75.75,0,227.25
OL-03413,ORD-11396,CUST-0413,PROD-033,2025-09-02,3,70.03,0.2,168.07
OL-03414,ORD-11397,CUST-0413,PROD-020,2024-12-25,1,37.73,0,37.73
OL-03415,ORD-11397,CUST-0413,PROD-026,2024-12-25,3,54.35,0,163.05
OL-03416,ORD-11397,CUST-0413,PROD-009,2024-12-25,4,89.78,0.2,287.3
OL-03417,ORD-11397,CUST-0413,PROD-035,2024-12-25,4,75.75,0,303
OL-03418,ORD-11398,CUST-0413,PROD-026,2025-08-26,3,54.35,0.05,154.9
OL-03419,ORD-11399,CUST-0413,PROD-023,2025-07-14,4,88.43,0,353.72
OL-03420,ORD-11399,CUST-0413,PROD-006,2025-07-14,2,689.21,0.1,1240.58
OL-03421,ORD-11399,CUST-0413,PROD-024,2025-07-14,2,38.87,0.15,66.08
OL-03422,ORD-11400,CUST-0413,PROD-003,2025-10-27,5,722.82,0,3614.1
OL-03423,ORD-11401,CUST-0413,PROD-007,2025-12-05,3,511.33,0.15,1303.89
OL-03424,ORD-11401,CUST-0413,PROD-003,2025-12-05,1,722.82,0.15,614.4
OL-03425,ORD-11401,CUST-0413,PROD-032,2025-12-05,5,129.73,0,648.65
OL-03426,ORD-11402,CUST-0413,PROD-007,2025-11-29,1,511.33,0.05,485.76
OL-03427,ORD-11402,CUST-0413,PROD-006,2025-11-29,5,689.21,0.05,3273.75
OL-03428,ORD-11403,CUST-0413,PROD-010,2024-10-18,3,121.48,0.2,291.55
OL-03429,ORD-11404,CUST-0413,PROD-025,2025-01-29,1,25.5,0.05,24.22
OL-03430,ORD-11404,CUST-0413,PROD-004,2025-01-29,5,921.23,0,4606.15
OL-03431,ORD-11404,CUST-0413,PROD-012,2025-01-29,2,109.67,0,219.34
OL-03432,ORD-11404,CUST-0413,PROD-011,2025-01-29,3,103.76,0.15,264.59
OL-03433,ORD-11405,CUST-0413,PROD-012,2025-12-25,1,109.67,0,109.67
OL-03434,ORD-11406,CUST-0413,PROD-012,2025-08-07,3,109.67,0.2,263.21
OL-03435,ORD-11406,CUST-0413,PROD-029,2025-08-07,5,32.8,0,164
OL-03436,ORD-11407,CUST-0413,PROD-001,2025-11-20,2,1226.38,0.2,1962.21
OL-03437,ORD-11408,CUST-0413,PROD-006,2025-04-01,3,689.21,0,2067.63
OL-03438,ORD-11409,CUST-0413,PROD-012,2025-02-19,5,109.67,0,548.35
OL-03439,ORD-11409,CUST-0413,PROD-023,2025-02-19,4,88.43,0.15,300.66
OL-03440,ORD-11410,CUST-0413,PROD-003,2025-11-29,1,722.82,0.2,578.26
OL-03441,ORD-11410,CUST-0413,PROD-029,2025-11-29,4,32.8,0,131.2
OL-03442,ORD-11410,CUST-0413,PROD-019,2025-11-29,4,21.71,0.15,73.81
OL-03443,ORD-11411,CUST-0413,PROD-030,2024-12-06,1,33.74,0,33.74
OL-03444,ORD-11411,CUST-0413,PROD-036,2024-12-06,5,97.89,0.15,416.03
OL-03445,ORD-11412,CUST-0413,PROD-015,2025-03-06,1,295.3,0,295.3
OL-03446,ORD-11413,CUST-0413,PROD-019,2024-09-04,2,21.71,0.15,36.91
OL-03447,ORD-11413,CUST-0413,PROD-014,2024-09-04,5,487.6,0,2438
OL-03448,ORD-11413,CUST-0413,PROD-020,2024-09-04,1,37.73,0,37.73
OL-03449,ORD-11413,CUST-0413,PROD-001,2024-09-04,3,1226.38,0,3679.14
OL-03450,ORD-11414,CUST-0413,PROD-014,2025-12-24,4,487.6,0,1950.4
OL-03451,ORD-11415,CUST-0413,PROD-005,2025-05-17,5,843.32,0,4216.6
OL-03452,ORD-11415,CUST-0413,PROD-035,2025-05-17,2,75.75,0.15,128.78
OL-03453,ORD-11415,CUST-0413,PROD-020,2025-05-17,3,37.73,0.1,101.87
OL-03454,ORD-11416,CUST-0413,PROD-035,2025-07-12,3,75.75,0.2,181.8
OL-03455,ORD-11416,CUST-0413,PROD-023,2025-07-12,2,88.43,0,176.86
OL-03456,ORD-11417,CUST-0413,PROD-010,2025-08-17,4,121.48,0,485.92
OL-03457,ORD-11417,CUST-0413,PROD-003,2025-08-17,1,722.82,0,722.82
OL-03458,ORD-11417,CUST-0413,PROD-024,2025-08-17,4,38.87,0.05,147.71
OL-03459,ORD-11418,CUST-0414,PROD-002,2025-07-31,4,505.32,0.1,1819.15
OL-03460,ORD-11419,CUST-0415,PROD-005,2025-09-13,5,843.32,0.05,4005.77
OL-03461,ORD-11420,CUST-0416,PROD-017,2024-12-30,5,242.78,0,1213.9
OL-03462,ORD-11420,CUST-0416,PROD-003,2024-12-30,2,722.82,0.15,1228.79
OL-03463,ORD-11420,CUST-0416,PROD-016,2024-12-30,2,189.62,0.15,322.35
OL-03464,ORD-11420,CUST-0416,PROD-031,2024-12-30,2,164.42,0.1,295.96
OL-03465,ORD-11421,CUST-0417,PROD-024,2025-06-03,1,38.87,0.05,36.93
OL-03466,ORD-11421,CUST-0417,PROD-015,2025-06-03,4,295.3,0.05,1122.14
OL-03467,ORD-11421,CUST-0417,PROD-002,2025-06-03,4,505.32,0.2,1617.02
OL-03468,ORD-11422,CUST-0418,PROD-022,2025-08-03,1,27.82,0,27.82
OL-03469,ORD-11422,CUST-0418,PROD-021,2025-08-03,2,38.34,0.15,65.18
OL-03470,ORD-11423,CUST-0419,PROD-005,2025-11-20,4,843.32,0,3373.28
OL-03471,ORD-11424,CUST-0420,PROD-009,2024-09-01,3,89.78,0,269.34
OL-03472,ORD-11424,CUST-0420,PROD-026,2024-09-01,4,54.35,0.1,195.66
OL-03473,ORD-11424,CUST-0420,PROD-012,2024-09-01,3,109.67,0,329.01
OL-03474,ORD-11425,CUST-0420,PROD-012,2025-07-11,5,109.67,0.15,466.1
OL-03475,ORD-11426,CUST-0420,PROD-015,2025-10-19,3,295.3,0.2,708.72
OL-03476,ORD-11426,CUST-0420,PROD-020,2025-10-19,1,37.73,0,37.73
OL-03477,ORD-11427,CUST-0420,PROD-037,2024-09-23,1,23.39,0.15,19.88
OL-03478,ORD-11428,CUST-0420,PROD-003,2025-12-18,5,722.82,0.1,3252.69
OL-03479,ORD-11428,CUST-0420,PROD-023,2025-12-18,4,88.43,0.1,318.35
OL-03480,ORD-11428,CUST-0420,PROD-016,2025-12-18,3,189.62,0,568.86
OL-03481,ORD-11428,CUST-0420,PROD-001,2025-12-18,1,1226.38,0,1226.38
OL-03482,ORD-11429,CUST-0420,PROD-006,2025-12-13,4,689.21,0.05,2619
OL-03483,ORD-11430,CUST-0420,PROD-009,2025-05-01,3,89.78,0.15,228.94
OL-03484,ORD-11430,CUST-0420,PROD-001,2025-05-01,3,1226.38,0.05,3495.18
OL-03485,ORD-11431,CUST-0420,PROD-021,2025-03-06,2,38.34,0.1,69.01
OL-03486,ORD-11431,CUST-0420,PROD-037,2025-03-06,5,23.39,0.2,93.56
OL-03487,ORD-11431,CUST-0420,PROD-012,2025-03-06,4,109.67,0,438.68
OL-03488,ORD-11431,CUST-0420,PROD-006,2025-03-06,2,689.21,0.05,1309.5
OL-03489,ORD-11432,CUST-0420,PROD-016,2024-10-09,2,189.62,0.2,303.39
OL-03490,ORD-11432,CUST-0420,PROD-027,2024-10-09,1,52.67,0.15,44.77
OL-03491,ORD-11433,CUST-0420,PROD-024,2024-11-27,1,38.87,0,38.87
OL-03492,ORD-11433,CUST-0420,PROD-023,2024-11-27,4,88.43,0.05,336.03
OL-03493,ORD-11433,CUST-0420,PROD-034,2024-11-27,1,79.8,0.15,67.83
OL-03494,ORD-11433,CUST-0420,PROD-012,2024-11-27,5,109.67,0,548.35
OL-03495,ORD-11434,CUST-0420,PROD-008,2024-09-16,2,342.59,0.15,582.4
OL-03496,ORD-11434,CUST-0420,PROD-006,2024-09-16,5,689.21,0,3446.05
OL-03497,ORD-11434,CUST-0420,PROD-023,2024-09-16,2,88.43,0,176.86
OL-03498,ORD-11434,CUST-0420,PROD-011,2024-09-16,4,103.76,0.15,352.78
OL-03499,ORD-11435,CUST-0421,PROD-011,2024-03-17,1,103.76,0,103.76
OL-03500,ORD-11436,CUST-0421,PROD-034,2025-07-09,5,79.8,0.05,379.05
OL-03501,ORD-11437,CUST-0421,PROD-024,2025-04-06,5,38.87,0,194.35
OL-03502,ORD-11438,CUST-0421,PROD-008,2024-11-09,5,342.59,0.05,1627.3
OL-03503,ORD-11439,CUST-0421,PROD-022,2024-07-18,5,27.82,0,139.1
OL-03504,ORD-11439,CUST-0421,PROD-036,2024-07-18,5,97.89,0.15,416.03
OL-03505,ORD-11439,CUST-0421,PROD-006,2024-07-18,4,689.21,0.15,2343.31
OL-03506,ORD-11440,CUST-0421,PROD-007,2024-11-27,5,511.33,0.1,2300.99
OL-03507,ORD-11440,CUST-0421,PROD-025,2024-11-27,1,25.5,0.15,21.68
OL-03508,ORD-11441,CUST-0421,PROD-016,2024-04-26,5,189.62,0.2,758.48
OL-03509,ORD-11441,CUST-0421,PROD-031,2024-04-26,2,164.42,0,328.84
OL-03510,ORD-11441,CUST-0421,PROD-035,2024-04-26,5,75.75,0.05,359.81
OL-03511,ORD-11442,CUST-0421,PROD-033,2025-02-06,2,70.03,0.2,112.05
OL-03512,ORD-11442,CUST-0421,PROD-031,2025-02-06,5,164.42,0,822.1
OL-03513,ORD-11443,CUST-0421,PROD-004,2024-09-17,2,921.23,0,1842.46
OL-03514,ORD-11443,CUST-0421,PROD-007,2024-09-17,4,511.33,0,2045.32
OL-03515,ORD-11443,CUST-0421,PROD-033,2024-09-17,1,70.03,0,70.03
OL-03516,ORD-11444,CUST-0421,PROD-019,2024-06-30,2,21.71,0.15,36.91
OL-03517,ORD-11444,CUST-0421,PROD-035,2024-06-30,2,75.75,0,151.5
OL-03518,ORD-11445,CUST-0421,PROD-004,2025-03-06,1,921.23,0,921.23
OL-03519,ORD-11445,CUST-0421,PROD-017,2025-03-06,3,242.78,0.05,691.92
OL-03520,ORD-11446,CUST-0421,PROD-009,2024-08-21,1,89.78,0,89.78
OL-03521,ORD-11446,CUST-0421,PROD-034,2024-08-21,4,79.8,0,319.2
OL-03522,ORD-11447,CUST-0422,PROD-001,2025-06-04,1,1226.38,0,1226.38
OL-03523,ORD-11447,CUST-0422,PROD-009,2025-06-04,1,89.78,0.15,76.31
OL-03524,ORD-11448,CUST-0422,PROD-018,2025-10-03,2,9.52,0,19.04
OL-03525,ORD-11449,CUST-0423,PROD-029,2025-10-27,3,32.8,0.2,78.72
OL-03526,ORD-11449,CUST-0423,PROD-032,2025-10-27,2,129.73,0.15,220.54
OL-03527,ORD-11450,CUST-0424,PROD-016,2025-03-19,3,189.62,0.15,483.53
OL-03528,ORD-11451,CUST-0424,PROD-009,2025-07-11,5,89.78,0,448.9
OL-03529,ORD-11452,CUST-0424,PROD-004,2025-11-02,4,921.23,0,3684.92
OL-03530,ORD-11452,CUST-0424,PROD-027,2025-11-02,1,52.67,0.15,44.77
OL-03531,ORD-11452,CUST-0424,PROD-017,2025-11-02,1,242.78,0,242.78
OL-03532,ORD-11453,CUST-0425,PROD-029,2025-02-11,4,32.8,0,131.2
OL-03533,ORD-11453,CUST-0425,PROD-030,2025-02-11,4,33.74,0.1,121.46
OL-03534,ORD-11454,CUST-0426,PROD-009,2024-08-23,1,89.78,0.15,76.31
OL-03535,ORD-11454,CUST-0426,PROD-005,2024-08-23,2,843.32,0.1,1517.98
OL-03536,ORD-11455,CUST-0426,PROD-005,2024-10-22,5,843.32,0,4216.6
OL-03537,ORD-11455,CUST-0426,PROD-031,2024-10-22,2,164.42,0.1,295.96
OL-03538,ORD-11455,CUST-0426,PROD-020,2024-10-22,5,37.73,0,188.65
OL-03539,ORD-11455,CUST-0426,PROD-025,2024-10-22,1,25.5,0.2,20.4
OL-03540,ORD-11456,CUST-0426,PROD-016,2024-09-21,1,189.62,0.1,170.66
OL-03541,ORD-11456,CUST-0426,PROD-035,2024-09-21,4,75.75,0.05,287.85
OL-03542,ORD-11456,CUST-0426,PROD-018,2024-09-21,2,9.52,0,19.04
OL-03543,ORD-11457,CUST-0426,PROD-013,2025-06-24,1,134.4,0.05,127.68
OL-03544,ORD-11458,CUST-0426,PROD-033,2025-05-14,1,70.03,0,70.03
OL-03545,ORD-11459,CUST-0426,PROD-027,2025-04-02,1,52.67,0.05,50.04
OL-03546,ORD-11459,CUST-0426,PROD-026,2025-04-02,2,54.35,0.15,92.39
OL-03547,ORD-11459,CUST-0426,PROD-030,2025-04-02,4,33.74,0,134.96
OL-03548,ORD-11460,CUST-0427,PROD-024,2025-07-17,3,38.87,0,116.61
OL-03549,ORD-11460,CUST-0427,PROD-004,2025-07-17,1,921.23,0.05,875.17
OL-03550,ORD-11460,CUST-0427,PROD-020,2025-07-17,4,37.73,0.05,143.37
OL-03551,ORD-11460,CUST-0427,PROD-019,2025-07-17,2,21.71,0.15,36.91
OL-03552,ORD-11461,CUST-0428,PROD-015,2025-01-28,4,295.3,0,1181.2
OL-03553,ORD-11461,CUST-0428,PROD-037,2025-01-28,1,23.39,0,23.39
OL-03554,ORD-11462,CUST-0429,PROD-011,2025-12-16,2,103.76,0.05,197.14
OL-03555,ORD-11462,CUST-0429,PROD-030,2025-12-16,2,33.74,0.05,64.11
OL-03556,ORD-11462,CUST-0429,PROD-013,2025-12-16,1,134.4,0,134.4
OL-03557,ORD-11462,CUST-0429,PROD-009,2025-12-16,3,89.78,0,269.34
OL-03558,ORD-11463,CUST-0430,PROD-009,2024-03-23,3,89.78,0.15,228.94
OL-03559,ORD-11463,CUST-0430,PROD-022,2024-03-23,2,27.82,0,55.64
OL-03560,ORD-11463,CUST-0430,PROD-036,2024-03-23,5,97.89,0.2,391.56
OL-03561,ORD-11463,CUST-0430,PROD-021,2024-03-23,5,38.34,0.15,162.95
OL-03562,ORD-11464,CUST-0431,PROD-035,2025-12-22,4,75.75,0.1,272.7
OL-03563,ORD-11465,CUST-0432,PROD-027,2024-10-27,2,52.67,0.15,89.54
OL-03564,ORD-11466,CUST-0432,PROD-006,2025-03-13,3,689.21,0,2067.63
OL-03565,ORD-11466,CUST-0432,PROD-037,2025-03-13,2,23.39,0.1,42.1
OL-03566,ORD-11466,CUST-0432,PROD-025,2025-03-13,3,25.5,0.2,61.2
OL-03567,ORD-11467,CUST-0432,PROD-019,2025-03-13,2,21.71,0,43.42
OL-03568,ORD-11467,CUST-0432,PROD-030,2025-03-13,1,33.74,0,33.74
OL-03569,ORD-11468,CUST-0432,PROD-015,2025-08-10,3,295.3,0,885.9
OL-03570,ORD-11468,CUST-0432,PROD-016,2025-08-10,1,189.62,0.2,151.7
OL-03571,ORD-11469,CUST-0432,PROD-005,2025-10-30,3,843.32,0.2,2023.97
OL-03572,ORD-11469,CUST-0432,PROD-006,2025-10-30,5,689.21,0.05,3273.75
OL-03573,ORD-11470,CUST-0432,PROD-024,2025-06-06,3,38.87,0,116.61
OL-03574,ORD-11471,CUST-0433,PROD-037,2024-11-22,4,23.39,0.05,88.88
OL-03575,ORD-11471,CUST-0433,PROD-018,2024-11-22,5,9.52,0.15,40.46
OL-03576,ORD-11471,CUST-0433,PROD-032,2024-11-22,3,129.73,0.15,330.81
OL-03577,ORD-11471,CUST-0433,PROD-022,2024-11-22,3,27.82,0,83.46
OL-03578,ORD-11472,CUST-0433,PROD-028,2025-06-09,5,65.64,0.05,311.79
OL-03579,ORD-11472,CUST-0433,PROD-024,2025-06-09,3,38.87,0.05,110.78
OL-03580,ORD-11473,CUST-0433,PROD-005,2025-06-22,2,843.32,0,1686.64
OL-03581,ORD-11473,CUST-0433,PROD-028,2025-06-22,2,65.64,0,131.28
OL-03582,ORD-11473,CUST-0433,PROD-014,2025-06-22,3,487.6,0,1462.8
OL-03583,ORD-11473,CUST-0433,PROD-018,2025-06-22,1,9.52,0.1,8.57
OL-03584,ORD-11474,CUST-0433,PROD-037,2025-11-29,3,23.39,0.2,56.14
OL-03585,ORD-11475,CUST-0434,PROD-033,2025-12-29,2,70.03,0.2,112.05
OL-03586,ORD-11475,CUST-0434,PROD-006,2025-12-29,4,689.21,0.1,2481.16
OL-03587,ORD-11475,CUST-0434,PROD-022,2025-12-29,2,27.82,0,55.64
OL-03588,ORD-11476,CUST-0435,PROD-037,2025-08-07,3,23.39,0.2,56.14
OL-03589,ORD-11476,CUST-0435,PROD-025,2025-08-07,4,25.5,0,102
OL-03590,ORD-11476,CUST-0435,PROD-026,2025-08-07,1,54.35,0.2,43.48
OL-03591,ORD-11477,CUST-0436,PROD-001,2025-10-27,3,1226.38,0,3679.14
OL-03592,ORD-11477,CUST-0436,PROD-030,2025-10-27,2,33.74,0,67.48
OL-03593,ORD-11478,CUST-0437,PROD-018,2025-02-02,2,9.52,0.05,18.09
OL-03594,ORD-11479,CUST-0438,PROD-004,2024-11-11,5,921.23,0,4606.15
OL-03595,ORD-11479,CUST-0438,PROD-017,2024-11-11,2,242.78,0.2,388.45
OL-03596,ORD-11479,CUST-0438,PROD-035,2024-11-11,2,75.75,0.05,143.92
OL-03597,ORD-11480,CUST-0439,PROD-021,2024-08-26,1,38.34,0.05,36.42
OL-03598,ORD-11480,CUST-0439,PROD-020,2024-08-26,5,37.73,0.05,179.22
OL-03599,ORD-11480,CUST-0439,PROD-014,2024-08-26,2,487.6,0.15,828.92
OL-03600,ORD-11481,CUST-0439,PROD-015,2025-10-09,1,295.3,0.05,280.54
OL-03601,ORD-11481,CUST-0439,PROD-007,2025-10-09,5,511.33,0.2,2045.32
OL-03602,ORD-11481,CUST-0439,PROD-002,2025-10-09,3,505.32,0,1515.96
OL-03603,ORD-11481,CUST-0439,PROD-035,2025-10-09,2,75.75,0,151.5
OL-03604,ORD-11482,CUST-0439,PROD-036,2024-10-20,5,97.89,0,489.45
OL-03605,ORD-11482,CUST-0439,PROD-029,2024-10-20,3,32.8,0,98.4
OL-03606,ORD-11482,CUST-0439,PROD-006,2024-10-20,2,689.21,0,1378.42
OL-03607,ORD-11483,CUST-0439,PROD-012,2025-11-01,4,109.67,0,438.68
OL-03608,ORD-11483,CUST-0439,PROD-028,2025-11-01,3,65.64,0.2,157.54
OL-03609,ORD-11483,CUST-0439,PROD-033,2025-11-01,4,70.03,0,280.12
OL-03610,ORD-11484,CUST-0439,PROD-013,2024-11-06,4,134.4,0.2,430.08
OL-03611,ORD-11484,CUST-0439,PROD-011,2024-11-06,3,103.76,0.15,264.59
OL-03612,ORD-11484,CUST-0439,PROD-002,2024-11-06,2,505.32,0,1010.64
OL-03613,ORD-11484,CUST-0439,PROD-034,2024-11-06,4,79.8,0.05,303.24
OL-03614,ORD-11485,CUST-0439,PROD-037,2025-04-29,4,23.39,0.15,79.53
OL-03615,ORD-11485,CUST-0439,PROD-028,2025-04-29,3,65.64,0.05,187.07
OL-03616,ORD-11486,CUST-0439,PROD-030,2024-12-15,1,33.74,0,33.74
OL-03617,ORD-11486,CUST-0439,PROD-001,2024-12-15,1,1226.38,0.15,1042.42
OL-03618,ORD-11487,CUST-0439,PROD-023,2025-11-07,2,88.43,0.2,141.49
OL-03619,ORD-11488,CUST-0439,PROD-002,2025-04-22,3,505.32,0,1515.96
OL-03620,ORD-11489,CUST-0440,PROD-003,2025-09-09,1,722.82,0,722.82
OL-03621,ORD-11490,CUST-0441,PROD-009,2024-10-06,3,89.78,0,269.34
OL-03622,ORD-11490,CUST-0441,PROD-005,2024-10-06,3,843.32,0.05,2403.46
OL-03623,ORD-11491,CUST-0442,PROD-008,2025-02-26,1,342.59,0.1,308.33
OL-03624,ORD-11491,CUST-0442,PROD-028,2025-02-26,3,65.64,0,196.92
OL-03625,ORD-11492,CUST-0442,PROD-014,2025-12-31,4,487.6,0.1,1755.36
OL-03626,ORD-11493,CUST-0443,PROD-032,2025-03-03,2,129.73,0,259.46
OL-03627,ORD-11494,CUST-0443,PROD-013,2025-06-27,4,134.4,0.1,483.84
OL-03628,ORD-11495,CUST-0443,PROD-010,2025-09-11,2,121.48,0.15,206.52
OL-03629,ORD-11495,CUST-0443,PROD-034,2025-09-11,1,79.8,0.1,71.82
OL-03630,ORD-11495,CUST-0443,PROD-026,2025-09-11,2,54.35,0.1,97.83
OL-03631,ORD-11496,CUST-0444,PROD-016,2025-10-10,5,189.62,0,948.1
OL-03632,ORD-11496,CUST-0444,PROD-023,2025-10-10,2,88.43,0,176.86
OL-03633,ORD-11496,CUST-0444,PROD-009,2025-10-10,2,89.78,0,179.56
OL-03634,ORD-11496,CUST-0444,PROD-024,2025-10-10,2,38.87,0.15,66.08
OL-03635,ORD-11497,CUST-0445,PROD-015,2025-01-25,1,295.3,0,295.3
OL-03636,ORD-11497,CUST-0445,PROD-013,2025-01-25,3,134.4,0.2,322.56
OL-03637,ORD-11497,CUST-0445,PROD-034,2025-01-25,4,79.8,0.15,271.32
OL-03638,ORD-11497,CUST-0445,PROD-012,2025-01-25,2,109.67,0.2,175.47
OL-03639,ORD-11498,CUST-0445,PROD-009,2025-08-09,4,89.78,0.05,341.16
OL-03640,ORD-11498,CUST-0445,PROD-015,2025-08-09,1,295.3,0.1,265.77
OL-03641,ORD-11499,CUST-0445,PROD-031,2025-08-07,4,164.42,0,657.68
OL-03642,ORD-11500,CUST-0446,PROD-003,2024-05-04,5,722.82,0.05,3433.39
OL-03643,ORD-11500,CUST-0446,PROD-033,2024-05-04,1,70.03,0.2,56.02
OL-03644,ORD-11500,CUST-0446,PROD-012,2024-05-04,5,109.67,0.2,438.68
OL-03645,ORD-11500,CUST-0446,PROD-025,2024-05-04,2,25.5,0.2,40.8
OL-03646,ORD-11501,CUST-0446,PROD-025,2025-07-30,1,25.5,0,25.5
OL-03647,ORD-11501,CUST-0446,PROD-003,2025-07-30,4,722.82,0,2891.28
OL-03648,ORD-11502,CUST-0446,PROD-007,2024-08-06,5,511.33,0.15,2173.15
OL-03649,ORD-11502,CUST-0446,PROD-023,2024-08-06,5,88.43,0.15,375.83
OL-03650,ORD-11502,CUST-0446,PROD-036,2024-08-06,2,97.89,0.15,166.41
OL-03651,ORD-11502,CUST-0446,PROD-015,2024-08-06,1,295.3,0.2,236.24
OL-03652,ORD-11503,CUST-0446,PROD-017,2025-01-26,2,242.78,0,485.56
OL-03653,ORD-11503,CUST-0446,PROD-035,2025-01-26,4,75.75,0.2,242.4
OL-03654,ORD-11503,CUST-0446,PROD-026,2025-01-26,3,54.35,0,163.05
OL-03655,ORD-11503,CUST-0446,PROD-031,2025-01-26,2,164.42,0,328.84
OL-03656,ORD-11504,CUST-0446,PROD-010,2024-09-06,5,121.48,0,607.4
OL-03657,ORD-11504,CUST-0446,PROD-011,2024-09-06,1,103.76,0.2,83.01
OL-03658,ORD-11505,CUST-0446,PROD-017,2025-03-26,5,242.78,0.15,1031.82
OL-03659,ORD-11505,CUST-0446,PROD-010,2025-03-26,5,121.48,0,607.4
OL-03660,ORD-11505,CUST-0446,PROD-023,2025-03-26,2,88.43,0,176.86
OL-03661,ORD-11506,CUST-0446,PROD-026,2025-05-29,2,54.35,0.2,86.96
OL-03662,ORD-11506,CUST-0446,PROD-004,2025-05-29,5,921.23,0,4606.15
OL-03663,ORD-11506,CUST-0446,PROD-025,2025-05-29,2,25.5,0,51
OL-03664,ORD-11507,CUST-0446,PROD-025,2025-04-19,2,25.5,0.2,40.8
OL-03665,ORD-11508,CUST-0446,PROD-016,2025-08-21,1,189.62,0,189.62
OL-03666,ORD-11508,CUST-0446,PROD-005,2025-08-21,4,843.32,0.15,2867.29
OL-03667,ORD-11508,CUST-0446,PROD-008,2025-08-21,4,342.59,0,1370.36
OL-03668,ORD-11508,CUST-0446,PROD-035,2025-08-21,1,75.75,0.2,60.6
OL-03669,ORD-11509,CUST-0446,PROD-032,2024-09-16,3,129.73,0,389.19
OL-03670,ORD-11510,CUST-0446,PROD-008,2025-07-31,2,342.59,0,685.18
OL-03671,ORD-11510,CUST-0446,PROD-036,2025-07-31,1,97.89,0,97.89
OL-03672,ORD-11510,CUST-0446,PROD-021,2025-07-31,4,38.34,0,153.36
OL-03673,ORD-11511,CUST-0446,PROD-033,2024-12-10,3,70.03,0.15,178.58
OL-03674,ORD-11512,CUST-0446,PROD-037,2024-12-09,3,23.39,0.05,66.66
OL-03675,ORD-11512,CUST-0446,PROD-031,2024-12-09,1,164.42,0,164.42
OL-03676,ORD-11513,CUST-0446,PROD-031,2025-05-28,3,164.42,0,493.26
OL-03677,ORD-11513,CUST-0446,PROD-003,2025-05-28,5,722.82,0,3614.1
OL-03678,ORD-11513,CUST-0446,PROD-024,2025-05-28,2,38.87,0.15,66.08
OL-03679,ORD-11514,CUST-0446,PROD-024,2025-04-21,1,38.87,0.05,36.93
OL-03680,ORD-11515,CUST-0446,PROD-005,2025-05-22,3,843.32,0.05,2403.46
OL-03681,ORD-11515,CUST-0446,PROD-037,2025-05-22,3,23.39,0,70.17
OL-03682,ORD-11515,CUST-0446,PROD-022,2025-05-22,5,27.82,0.15,118.23
OL-03683,ORD-11516,CUST-0446,PROD-014,2024-07-04,4,487.6,0,1950.4
OL-03684,ORD-11516,CUST-0446,PROD-021,2024-07-04,2,38.34,0,76.68
OL-03685,ORD-11516,CUST-0446,PROD-029,2024-07-04,4,32.8,0.2,104.96
OL-03686,ORD-11516,CUST-0446,PROD-036,2024-07-04,1,97.89,0.2,78.31
OL-03687,ORD-11517,CUST-0446,PROD-017,2024-07-28,2,242.78,0.05,461.28
OL-03688,ORD-11518,CUST-0446,PROD-005,2024-08-08,5,843.32,0.2,3373.28
OL-03689,ORD-11519,CUST-0446,PROD-007,2025-04-17,3,511.33,0,1533.99
OL-03690,ORD-11519,CUST-0446,PROD-009,2025-04-17,2,89.78,0.1,161.6
OL-03691,ORD-11519,CUST-0446,PROD-006,2025-04-17,2,689.21,0.2,1102.74
OL-03692,ORD-11519,CUST-0446,PROD-010,2025-04-17,4,121.48,0.1,437.33
OL-03693,ORD-11520,CUST-0446,PROD-035,2024-12-11,1,75.75,0.1,68.17
OL-03694,ORD-11520,CUST-0446,PROD-037,2024-12-11,5,23.39,0.05,111.1
OL-03695,ORD-11520,CUST-0446,PROD-030,2024-12-11,2,33.74,0,67.48
OL-03696,ORD-11520,CUST-0446,PROD-026,2024-12-11,2,54.35,0.05,103.27
OL-03697,ORD-11521,CUST-0446,PROD-015,2025-01-25,4,295.3,0.15,1004.02
OL-03698,ORD-11521,CUST-0446,PROD-006,2025-01-25,4,689.21,0.15,2343.31
OL-03699,ORD-11521,CUST-0446,PROD-012,2025-01-25,1,109.67,0.05,104.19
OL-03700,ORD-11521,CUST-0446,PROD-009,2025-01-25,3,89.78,0.15,228.94
OL-03701,ORD-11522,CUST-0446,PROD-035,2025-03-10,2,75.75,0.15,128.78
OL-03702,ORD-11522,CUST-0446,PROD-027,2025-03-10,5,52.67,0.15,223.85
OL-03703,ORD-11522,CUST-0446,PROD-023,2025-03-10,3,88.43,0,265.29
OL-03704,ORD-11522,CUST-0446,PROD-016,2025-03-10,1,189.62,0.1,170.66
OL-03705,ORD-11523,CUST-0447,PROD-022,2025-02-16,5,27.82,0.15,118.23
OL-03706,ORD-11523,CUST-0447,PROD-020,2025-02-16,5,37.73,0.15,160.35
OL-03707,ORD-11523,CUST-0447,PROD-013,2025-02-16,3,134.4,0,403.2
OL-03708,ORD-11523,CUST-0447,PROD-002,2025-02-16,2,505.32,0,1010.64
OL-03709,ORD-11524,CUST-0447,PROD-011,2025-05-16,1,103.76,0.1,93.38
OL-03710,ORD-11525,CUST-0447,PROD-002,2025-04-07,4,505.32,0,2021.28
OL-03711,ORD-11525,CUST-0447,PROD-023,2025-04-07,3,88.43,0.1,238.76
OL-03712,ORD-11525,CUST-0447,PROD-032,2025-04-07,4,129.73,0.2,415.14
OL-03713,ORD-11526,CUST-0448,PROD-001,2025-07-19,5,1226.38,0.05,5825.31
OL-03714,ORD-11526,CUST-0448,PROD-004,2025-07-19,4,921.23,0,3684.92
OL-03715,ORD-11526,CUST-0448,PROD-009,2025-07-19,3,89.78,0.1,242.41
OL-03716,ORD-11526,CUST-0448,PROD-027,2025-07-19,4,52.67,0.05,200.15
OL-03717,ORD-11527,CUST-0449,PROD-029,2025-06-13,2,32.8,0.05,62.32
OL-03718,ORD-11527,CUST-0449,PROD-020,2025-06-13,3,37.73,0.05,107.53
OL-03719,ORD-11527,CUST-0449,PROD-006,2025-06-13,1,689.21,0,689.21
OL-03720,ORD-11527,CUST-0449,PROD-027,2025-06-13,3,52.67,0,158.01
OL-03721,ORD-11528,CUST-0449,PROD-016,2025-07-09,4,189.62,0,758.48
OL-03722,ORD-11528,CUST-0449,PROD-023,2025-07-09,1,88.43,0.1,79.59
OL-03723,ORD-11528,CUST-0449,PROD-021,2025-07-09,4,38.34,0,153.36
OL-03724,ORD-11528,CUST-0449,PROD-015,2025-07-09,5,295.3,0.05,1402.67
OL-03725,ORD-11529,CUST-0450,PROD-029,2024-12-05,3,32.8,0,98.4
OL-03726,ORD-11529,CUST-0450,PROD-006,2024-12-05,5,689.21,0.15,2929.14
OL-03727,ORD-11529,CUST-0450,PROD-008,2024-12-05,4,342.59,0,1370.36
OL-03728,ORD-11529,CUST-0450,PROD-037,2024-12-05,3,23.39,0,70.17
OL-03729,ORD-11530,CUST-0451,PROD-030,2024-08-18,3,33.74,0,101.22
OL-03730,ORD-11530,CUST-0451,PROD-001,2024-08-18,1,1226.38,0,1226.38
OL-03731,ORD-11530,CUST-0451,PROD-012,2024-08-18,5,109.67,0,548.35
OL-03732,ORD-11531,CUST-0451,PROD-014,2025-04-26,1,487.6,0.2,390.08
OL-03733,ORD-11531,CUST-0451,PROD-028,2025-04-26,3,65.64,0.1,177.23
OL-03734,ORD-11531,CUST-0451,PROD-020,2025-04-26,3,37.73,0.1,101.87
OL-03735,ORD-11531,CUST-0451,PROD-016,2025-04-26,5,189.62,0.2,758.48
OL-03736,ORD-11532,CUST-0451,PROD-026,2025-06-15,4,54.35,0.15,184.79
OL-03737,ORD-11532,CUST-0451,PROD-023,2025-06-15,4,88.43,0,353.72
OL-03738,ORD-11532,CUST-0451,PROD-019,2025-06-15,3,21.71,0,65.13
OL-03739,ORD-11533,CUST-0451,PROD-019,2025-09-22,3,21.71,0.2,52.1
OL-03740,ORD-11533,CUST-0451,PROD-015,2025-09-22,1,295.3,0.2,236.24
OL-03741,ORD-11533,CUST-0451,PROD-020,2025-09-22,3,37.73,0.1,101.87
OL-03742,ORD-11534,CUST-0451,PROD-037,2024-11-03,5,23.39,0.05,111.1
OL-03743,ORD-11534,CUST-0451,PROD-016,2024-11-03,3,189.62,0,568.86
OL-03744,ORD-11534,CUST-0451,PROD-017,2024-11-03,5,242.78,0,1213.9
OL-03745,ORD-11534,CUST-0451,PROD-018,2024-11-03,4,9.52,0,38.08
OL-03746,ORD-11535,CUST-0451,PROD-010,2024-09-10,1,121.48,0.1,109.33
OL-03747,ORD-11535,CUST-0451,PROD-015,2024-09-10,3,295.3,0.1,797.31
OL-03748,ORD-11536,CUST-0451,PROD-031,2025-04-05,5,164.42,0.15,698.78
OL-03749,ORD-11536,CUST-0451,PROD-014,2025-04-05,5,487.6,0.15,2072.3
OL-03750,ORD-11537,CUST-0451,PROD-007,2025-10-01,1,511.33,0,511.33
OL-03751,ORD-11537,CUST-0451,PROD-016,2025-10-01,5,189.62,0.05,900.69
OL-03752,ORD-11537,CUST-0451,PROD-011,2025-10-01,2,103.76,0,207.52
OL-03753,ORD-11538,CUST-0451,PROD-008,2025-08-21,1,342.59,0.05,325.46
OL-03754,ORD-11538,CUST-0451,PROD-031,2025-08-21,3,164.42,0,493.26
OL-03755,ORD-11539,CUST-0451,PROD-013,2025-12-06,3,134.4,0,403.2
OL-03756,ORD-11539,CUST-0451,PROD-019,2025-12-06,4,21.71,0.2,69.47
OL-03757,ORD-11539,CUST-0451,PROD-027,2025-12-06,5,52.67,0,263.35
OL-03758,ORD-11540,CUST-0451,PROD-003,2025-11-15,1,722.82,0,722.82
OL-03759,ORD-11540,CUST-0451,PROD-016,2025-11-15,3,189.62,0,568.86
OL-03760,ORD-11541,CUST-0451,PROD-020,2025-06-19,5,37.73,0,188.65
OL-03761,ORD-11541,CUST-0451,PROD-025,2025-06-19,5,25.5,0,127.5
OL-03762,ORD-11541,CUST-0451,PROD-005,2025-06-19,1,843.32,0,843.32
OL-03763,ORD-11541,CUST-0451,PROD-010,2025-06-19,3,121.48,0,364.44
OL-03764,ORD-11542,CUST-0452,PROD-014,2025-08-25,4,487.6,0,1950.4
OL-03765,ORD-11543,CUST-0453,PROD-034,2025-02-18,3,79.8,0.1,215.46
OL-03766,ORD-11543,CUST-0453,PROD-026,2025-02-18,3,54.35,0.15,138.59
OL-03767,ORD-11543,CUST-0453,PROD-013,2025-02-18,4,134.4,0,537.6
OL-03768,ORD-11544,CUST-0453,PROD-006,2025-12-14,3,689.21,0.15,1757.49
OL-03769,ORD-11544,CUST-0453,PROD-037,2025-12-14,3,23.39,0.1,63.15
OL-03770,ORD-11544,CUST-0453,PROD-014,2025-12-14,3,487.6,0,1462.8
OL-03771,ORD-11544,CUST-0453,PROD-005,2025-12-14,3,843.32,0.15,2150.47
OL-03772,ORD-11545,CUST-0453,PROD-025,2025-08-19,2,25.5,0.1,45.9
OL-03773,ORD-11545,CUST-0453,PROD-015,2025-08-19,5,295.3,0,1476.5
OL-03774,ORD-11545,CUST-0453,PROD-006,2025-08-19,1,689.21,0,689.21
OL-03775,ORD-11545,CUST-0453,PROD-005,2025-08-19,3,843.32,0,2529.96
OL-03776,ORD-11546,CUST-0453,PROD-011,2025-06-10,2,103.76,0,207.52
OL-03777,ORD-11546,CUST-0453,PROD-009,2025-06-10,4,89.78,0,359.12
OL-03778,ORD-11546,CUST-0453,PROD-003,2025-06-10,2,722.82,0,1445.64
OL-03779,ORD-11546,CUST-0453,PROD-016,2025-06-10,4,189.62,0,758.48
OL-03780,ORD-11547,CUST-0454,PROD-002,2025-12-03,3,505.32,0,1515.96
OL-03781,ORD-11548,CUST-0455,PROD-033,2025-11-17,1,70.03,0.1,63.03
OL-03782,ORD-11548,CUST-0455,PROD-026,2025-11-17,3,54.35,0.15,138.59
OL-03783,ORD-11548,CUST-0455,PROD-035,2025-11-17,2,75.75,0.1,136.35
OL-03784,ORD-11548,CUST-0455,PROD-002,2025-11-17,3,505.32,0.05,1440.16
OL-03785,ORD-11549,CUST-0456,PROD-010,2025-08-31,1,121.48,0.15,103.26
OL-03786,ORD-11550,CUST-0457,PROD-019,2024-04-02,2,21.71,0,43.42
OL-03787,ORD-11550,CUST-0457,PROD-005,2024-04-02,3,843.32,0,2529.96
OL-03788,ORD-11550,CUST-0457,PROD-030,2024-04-02,3,33.74,0,101.22
OL-03789,ORD-11550,CUST-0457,PROD-017,2024-04-02,2,242.78,0,485.56
OL-03790,ORD-11551,CUST-0458,PROD-004,2025-12-20,5,921.23,0,4606.15
OL-03791,ORD-11551,CUST-0458,PROD-011,2025-12-20,4,103.76,0.05,394.29
OL-03792,ORD-11551,CUST-0458,PROD-036,2025-12-20,3,97.89,0,293.67
OL-03793,ORD-11552,CUST-0459,PROD-011,2024-10-12,5,103.76,0,518.8
OL-03794,ORD-11552,CUST-0459,PROD-013,2024-10-12,5,134.4,0.2,537.6
OL-03795,ORD-11552,CUST-0459,PROD-009,2024-10-12,2,89.78,0,179.56
OL-03796,ORD-11553,CUST-0460,PROD-009,2025-01-26,3,89.78,0.05,255.87
OL-03797,ORD-11554,CUST-0461,PROD-014,2025-12-13,2,487.6,0,975.2
OL-03798,ORD-11555,CUST-0462,PROD-015,2024-01-27,2,295.3,0,590.6
OL-03799,ORD-11556,CUST-0462,PROD-029,2024-09-08,4,32.8,0,131.2
OL-03800,ORD-11556,CUST-0462,PROD-005,2024-09-08,1,843.32,0.05,801.15
OL-03801,ORD-11556,CUST-0462,PROD-008,2024-09-08,4,342.59,0,1370.36
OL-03802,ORD-11556,CUST-0462,PROD-028,2024-09-08,4,65.64,0.1,236.3
OL-03803,ORD-11557,CUST-0462,PROD-021,2024-12-20,2,38.34,0,76.68
OL-03804,ORD-11557,CUST-0462,PROD-016,2024-12-20,3,189.62,0,568.86
OL-03805,ORD-11557,CUST-0462,PROD-004,2024-12-20,1,921.23,0,921.23
OL-03806,ORD-11558,CUST-0462,PROD-015,2025-06-08,3,295.3,0.2,708.72
OL-03807,ORD-11558,CUST-0462,PROD-036,2025-06-08,4,97.89,0,391.56
OL-03808,ORD-11559,CUST-0462,PROD-014,2024-06-11,3,487.6,0.15,1243.38
OL-03809,ORD-11560,CUST-0462,PROD-003,2025-05-26,5,722.82,0,3614.1
OL-03810,ORD-11560,CUST-0462,PROD-009,2025-05-26,4,89.78,0,359.12
OL-03811,ORD-11561,CUST-0462,PROD-006,2025-06-10,4,689.21,0.15,2343.31
OL-03812,ORD-11562,CUST-0462,PROD-009,2024-05-05,1,89.78,0,89.78
OL-03813,ORD-11562,CUST-0462,PROD-019,2024-05-05,1,21.71,0.05,20.62
OL-03814,ORD-11563,CUST-0463,PROD-017,2024-12-12,4,242.78,0.15,825.45
OL-03815,ORD-11563,CUST-0463,PROD-035,2024-12-12,4,75.75,0,303
OL-03816,ORD-11563,CUST-0463,PROD-030,2024-12-12,3,33.74,0.05,96.16
OL-03817,ORD-11563,CUST-0463,PROD-007,2024-12-12,1,511.33,0.1,460.2
OL-03818,ORD-11564,CUST-0464,PROD-017,2024-08-25,4,242.78,0,971.12
OL-03819,ORD-11564,CUST-0464,PROD-004,2024-08-25,5,921.23,0,4606.15
OL-03820,ORD-11565,CUST-0464,PROD-010,2025-06-10,1,121.48,0,121.48
OL-03821,ORD-11565,CUST-0464,PROD-031,2025-06-10,2,164.42,0,328.84
OL-03822,ORD-11565,CUST-0464,PROD-022,2025-06-10,5,27.82,0,139.1
OL-03823,ORD-11565,CUST-0464,PROD-033,2025-06-10,5,70.03,0.2,280.12
OL-03824,ORD-11566,CUST-0464,PROD-025,2025-08-27,3,25.5,0.15,65.02
OL-03825,ORD-11566,CUST-0464,PROD-026,2025-08-27,3,54.35,0.1,146.75
OL-03826,ORD-11566,CUST-0464,PROD-035,2025-08-27,2,75.75,0,151.5
OL-03827,ORD-11567,CUST-0464,PROD-013,2025-05-15,5,134.4,0.2,537.6
OL-03828,ORD-11567,CUST-0464,PROD-029,2025-05-15,1,32.8,0.2,26.24
OL-03829,ORD-11568,CUST-0464,PROD-009,2024-12-13,1,89.78,0,89.78
OL-03830,ORD-11569,CUST-0464,PROD-034,2024-10-03,4,79.8,0.1,287.28
OL-03831,ORD-11570,CUST-0464,PROD-023,2024-09-30,4,88.43,0.2,282.98
OL-03832,ORD-11570,CUST-0464,PROD-036,2024-09-30,5,97.89,0,489.45
OL-03833,ORD-11571,CUST-0465,PROD-030,2025-11-08,1,33.74,0.2,26.99
OL-03834,ORD-11572,CUST-0466,PROD-003,2025-03-14,3,722.82,0,2168.46
OL-03835,ORD-11572,CUST-0466,PROD-015,2025-03-14,5,295.3,0.1,1328.85
OL-03836,ORD-11572,CUST-0466,PROD-010,2025-03-14,5,121.48,0,607.4
OL-03837,ORD-11573,CUST-0467,PROD-021,2025-12-15,4,38.34,0,153.36
OL-03838,ORD-11573,CUST-0467,PROD-008,2025-12-15,2,342.59,0,685.18
OL-03839,ORD-11574,CUST-0468,PROD-025,2025-12-24,5,25.5,0.05,121.12
OL-03840,ORD-11574,CUST-0468,PROD-017,2025-12-24,2,242.78,0,485.56
OL-03841,ORD-11574,CUST-0468,PROD-016,2025-12-24,1,189.62,0,189.62
OL-03842,ORD-11574,CUST-0468,PROD-015,2025-12-24,3,295.3,0,885.9
OL-03843,ORD-11575,CUST-0469,PROD-012,2025-05-10,5,109.67,0.15,466.1
OL-03844,ORD-11575,CUST-0469,PROD-025,2025-05-10,4,25.5,0.2,81.6
OL-03845,ORD-11575,CUST-0469,PROD-021,2025-05-10,2,38.34,0,76.68
OL-03846,ORD-11575,CUST-0469,PROD-017,2025-05-10,1,242.78,0.15,206.36
OL-03847,ORD-11576,CUST-0470,PROD-013,2025-05-12,3,134.4,0,403.2
OL-03848,ORD-11576,CUST-0470,PROD-019,2025-05-12,4,21.71,0.2,69.47
OL-03849,ORD-11577,CUST-0470,PROD-033,2025-06-05,5,70.03,0.1,315.13
OL-03850,ORD-11577,CUST-0470,PROD-034,2025-06-05,5,79.8,0,399
OL-03851,ORD-11577,CUST-0470,PROD-032,2025-06-05,1,129.73,0,129.73
OL-03852,ORD-11578,CUST-0471,PROD-001,2024-02-14,5,1226.38,0.15,5212.12
OL-03853,ORD-11578,CUST-0471,PROD-024,2024-02-14,4,38.87,0.2,124.38
OL-03854,ORD-11579,CUST-0472,PROD-005,2024-03-21,4,843.32,0.05,3204.62
OL-03855,ORD-11579,CUST-0472,PROD-021,2024-03-21,3,38.34,0.1,103.52
OL-03856,ORD-11579,CUST-0472,PROD-013,2024-03-21,2,134.4,0.05,255.36
OL-03857,ORD-11580,CUST-0472,PROD-011,2024-11-09,4,103.76,0,415.04
OL-03858,ORD-11580,CUST-0472,PROD-021,2024-11-09,3,38.34,0,115.02
OL-03859,ORD-11581,CUST-0472,PROD-031,2024-11-22,5,164.42,0,822.1
OL-03860,ORD-11581,CUST-0472,PROD-021,2024-11-22,1,38.34,0.05,36.42
OL-03861,ORD-11581,CUST-0472,PROD-011,2024-11-22,1,103.76,0.05,98.57
OL-03862,ORD-11581,CUST-0472,PROD-023,2024-11-22,3,88.43,0.1,238.76
OL-03863,ORD-11582,CUST-0472,PROD-009,2024-05-17,3,89.78,0.1,242.41
OL-03864,ORD-11582,CUST-0472,PROD-002,2024-05-17,2,505.32,0,1010.64
OL-03865,ORD-11583,CUST-0472,PROD-008,2025-02-02,4,342.59,0,1370.36
OL-03866,ORD-11583,CUST-0472,PROD-005,2025-02-02,1,843.32,0,843.32
OL-03867,ORD-11583,CUST-0472,PROD-021,2025-02-02,5,38.34,0,191.7
OL-03868,ORD-11584,CUST-0472,PROD-015,2024-09-13,2,295.3,0.15,502.01
OL-03869,ORD-11584,CUST-0472,PROD-028,2024-09-13,4,65.64,0,262.56
OL-03870,ORD-11584,CUST-0472,PROD-016,2024-09-13,5,189.62,0.15,805.88
OL-03871,ORD-11584,CUST-0472,PROD-030,2024-09-13,3,33.74,0.15,86.04
OL-03872,ORD-11585,CUST-0472,PROD-003,2025-05-01,4,722.82,0,2891.28
OL-03873,ORD-11585,CUST-0472,PROD-028,2025-05-01,3,65.64,0.15,167.38
OL-03874,ORD-11586,CUST-0472,PROD-036,2024-08-15,3,97.89,0,293.67
OL-03875,ORD-11587,CUST-0472,PROD-007,2024-07-13,5,511.33,0.2,2045.32
OL-03876,ORD-11587,CUST-0472,PROD-015,2024-07-13,1,295.3,0,295.3
OL-03877,ORD-11588,CUST-0472,PROD-011,2024-08-22,1,103.76,0,103.76
OL-03878,ORD-11588,CUST-0472,PROD-005,2024-08-22,2,843.32,0,1686.64
OL-03879,ORD-11589,CUST-0472,PROD-005,2025-06-03,3,843.32,0.1,2276.96
OL-03880,ORD-11589,CUST-0472,PROD-024,2025-06-03,1,38.87,0.15,33.04
OL-03881,ORD-11590,CUST-0472,PROD-028,2024-10-12,4,65.64,0.1,236.3
OL-03882,ORD-11590,CUST-0472,PROD-035,2024-10-12,4,75.75,0.05,287.85
OL-03883,ORD-11591,CUST-0472,PROD-007,2024-09-04,5,511.33,0,2556.65
OL-03884,ORD-11592,CUST-0472,PROD-017,2025-01-01,1,242.78,0.05,230.64
OL-03885,ORD-11592,CUST-0472,PROD-036,2025-01-01,3,97.89,0,293.67
OL-03886,ORD-11592,CUST-0472,PROD-035,2025-01-01,2,75.75,0.2,121.2
OL-03887,ORD-11593,CUST-0472,PROD-003,2025-06-07,4,722.82,0,2891.28
OL-03888,ORD-11594,CUST-0472,PROD-029,2025-01-21,3,32.8,0.1,88.56
OL-03889,ORD-11594,CUST-0472,PROD-034,2025-01-21,3,79.8,0.2,191.52
OL-03890,ORD-11594,CUST-0472,PROD-031,2025-01-21,4,164.42,0.15,559.03
OL-03891,ORD-11594,CUST-0472,PROD-016,2025-01-21,4,189.62,0,758.48
OL-03892,ORD-11595,CUST-0472,PROD-020,2025-08-02,2,37.73,0,75.46
OL-03893,ORD-11595,CUST-0472,PROD-008,2025-08-02,2,342.59,0,685.18
OL-03894,ORD-11595,CUST-0472,PROD-028,2025-08-02,5,65.64,0,328.2
OL-03895,ORD-11595,CUST-0472,PROD-009,2025-08-02,4,89.78,0.2,287.3
OL-03896,ORD-11596,CUST-0472,PROD-005,2024-06-18,2,843.32,0,1686.64
OL-03897,ORD-11596,CUST-0472,PROD-013,2024-06-18,3,134.4,0.15,342.72
OL-03898,ORD-11597,CUST-0472,PROD-019,2024-05-07,2,21.71,0.1,39.08
OL-03899,ORD-11598,CUST-0472,PROD-008,2024-08-12,4,342.59,0.1,1233.32
OL-03900,ORD-11598,CUST-0472,PROD-019,2024-08-12,5,21.71,0.2,86.84
OL-03901,ORD-11599,CUST-0472,PROD-006,2025-06-20,4,689.21,0.2,2205.47
OL-03902,ORD-11600,CUST-0472,PROD-010,2025-02-13,5,121.48,0,607.4
OL-03903,ORD-11600,CUST-0472,PROD-027,2025-02-13,2,52.67,0.1,94.81
OL-03904,ORD-11600,CUST-0472,PROD-018,2025-02-13,2,9.52,0,19.04
OL-03905,ORD-11600,CUST-0472,PROD-037,2025-02-13,5,23.39,0,116.95
OL-03906,ORD-11601,CUST-0472,PROD-028,2024-05-04,1,65.64,0.15,55.79
OL-03907,ORD-11601,CUST-0472,PROD-027,2024-05-04,2,52.67,0.15,89.54
OL-03908,ORD-11602,CUST-0472,PROD-001,2024-04-06,3,1226.38,0,3679.14
OL-03909,ORD-11603,CUST-0472,PROD-035,2025-04-22,2,75.75,0.1,136.35
OL-03910,ORD-11603,CUST-0472,PROD-022,2025-04-22,4,27.82,0,111.28
OL-03911,ORD-11604,CUST-0472,PROD-001,2025-06-25,3,1226.38,0.15,3127.27
OL-03912,ORD-11605,CUST-0472,PROD-012,2024-04-28,5,109.67,0,548.35
OL-03913,ORD-11605,CUST-0472,PROD-018,2024-04-28,5,9.52,0.15,40.46
OL-03914,ORD-11605,CUST-0472,PROD-016,2024-04-28,1,189.62,0,189.62
OL-03915,ORD-11606,CUST-0472,PROD-027,2025-01-13,5,52.67,0.2,210.68
OL-03916,ORD-11606,CUST-0472,PROD-011,2025-01-13,5,103.76,0,518.8
OL-03917,ORD-11607,CUST-0473,PROD-026,2024-02-06,4,54.35,0.2,173.92
OL-03918,ORD-11607,CUST-0473,PROD-035,2024-02-06,4,75.75,0,303
OL-03919,ORD-11607,CUST-0473,PROD-028,2024-02-06,2,65.64,0,131.28
OL-03920,ORD-11607,CUST-0473,PROD-011,2024-02-06,5,103.76,0,518.8
OL-03921,ORD-11608,CUST-0474,PROD-014,2025-12-31,5,487.6,0,2438
OL-03922,ORD-11608,CUST-0474,PROD-031,2025-12-31,1,164.42,0.15,139.76
OL-03923,ORD-11608,CUST-0474,PROD-027,2025-12-31,5,52.67,0.2,210.68
OL-03924,ORD-11608,CUST-0474,PROD-006,2025-12-31,4,689.21,0,2756.84
OL-03925,ORD-11609,CUST-0475,PROD-016,2025-09-02,4,189.62,0.1,682.63
OL-03926,ORD-11610,CUST-0476,PROD-001,2024-07-12,1,1226.38,0,1226.38
OL-03927,ORD-11611,CUST-0476,PROD-013,2024-10-14,5,134.4,0,672
OL-03928,ORD-11611,CUST-0476,PROD-015,2024-10-14,1,295.3,0.15,251
OL-03929,ORD-11612,CUST-0476,PROD-023,2025-04-29,4,88.43,0.15,300.66
OL-03930,ORD-11612,CUST-0476,PROD-012,2025-04-29,5,109.67,0.15,466.1
OL-03931,ORD-11613,CUST-0476,PROD-034,2025-10-08,4,79.8,0,319.2
OL-03932,ORD-11614,CUST-0476,PROD-026,2025-07-24,4,54.35,0.05,206.53
OL-03933,ORD-11615,CUST-0476,PROD-003,2025-02-09,4,722.82,0.2,2313.02
OL-03934,ORD-11616,CUST-0476,PROD-011,2025-06-14,5,103.76,0,518.8
OL-03935,ORD-11616,CUST-0476,PROD-001,2025-06-14,3,1226.38,0,3679.14
OL-03936,ORD-11616,CUST-0476,PROD-035,2025-06-14,1,75.75,0.1,68.17
OL-03937,ORD-11617,CUST-0476,PROD-029,2024-09-30,5,32.8,0.15,139.4
OL-03938,ORD-11617,CUST-0476,PROD-027,2024-09-30,1,52.67,0,52.67
OL-03939,ORD-11617,CUST-0476,PROD-008,2024-09-30,5,342.59,0.05,1627.3
OL-03940,ORD-11617,CUST-0476,PROD-030,2024-09-30,5,33.74,0.2,134.96
OL-03941,ORD-11618,CUST-0476,PROD-035,2025-04-26,3,75.75,0.15,193.16
OL-03942,ORD-11618,CUST-0476,PROD-020,2025-04-26,4,37.73,0,150.92
OL-03943,ORD-11619,CUST-0476,PROD-010,2025-08-07,4,121.48,0.05,461.62
OL-03944,ORD-11620,CUST-0476,PROD-035,2025-01-31,5,75.75,0.2,303
OL-03945,ORD-11620,CUST-0476,PROD-025,2025-01-31,1,25.5,0,25.5
OL-03946,ORD-11620,CUST-0476,PROD-011,2025-01-31,3,103.76,0.05,295.72
OL-03947,ORD-11620,CUST-0476,PROD-023,2025-01-31,2,88.43,0,176.86
OL-03948,ORD-11621,CUST-0476,PROD-022,2025-06-07,2,27.82,0.1,50.08
OL-03949,ORD-11621,CUST-0476,PROD-021,2025-06-07,3,38.34,0.15,97.77
OL-03950,ORD-11622,CUST-0476,PROD-029,2025-03-06,3,32.8,0,98.4
OL-03951,ORD-11623,CUST-0476,PROD-029,2025-05-19,3,32.8,0.15,83.64
OL-03952,ORD-11624,CUST-0476,PROD-027,2025-03-27,5,52.67,0,263.35
OL-03953,ORD-11624,CUST-0476,PROD-028,2025-03-27,1,65.64,0.2,52.51
OL-03954,ORD-11625,CUST-0476,PROD-032,2025-03-08,5,129.73,0.2,518.92
OL-03955,ORD-11625,CUST-0476,PROD-002,2025-03-08,5,505.32,0.05,2400.27
OL-03956,ORD-11625,CUST-0476,PROD-036,2025-03-08,3,97.89,0.15,249.62
OL-03957,ORD-11625,CUST-0476,PROD-001,2025-03-08,4,1226.38,0,4905.52
OL-03958,ORD-11626,CUST-0476,PROD-037,2025-05-09,3,23.39,0,70.17
OL-03959,ORD-11626,CUST-0476,PROD-019,2025-05-09,5,21.71,0,108.55
OL-03960,ORD-11626,CUST-0476,PROD-026,2025-05-09,5,54.35,0.2,217.4
OL-03961,ORD-11627,CUST-0476,PROD-008,2025-04-11,2,342.59,0,685.18
OL-03962,ORD-11627,CUST-0476,PROD-027,2025-04-11,4,52.67,0.1,189.61
OL-03963,ORD-11627,CUST-0476,PROD-030,2025-04-11,3,33.74,0,101.22
OL-03964,ORD-11628,CUST-0476,PROD-025,2025-02-16,3,25.5,0.2,61.2
OL-03965,ORD-11629,CUST-0476,PROD-017,2025-05-22,3,242.78,0,728.34
OL-03966,ORD-11630,CUST-0476,PROD-033,2024-08-01,1,70.03,0,70.03
OL-03967,ORD-11630,CUST-0476,PROD-026,2024-08-01,2,54.35,0,108.7
OL-03968,ORD-11631,CUST-0476,PROD-011,2025-09-27,4,103.76,0,415.04
OL-03969,ORD-11632,CUST-0476,PROD-026,2025-03-18,4,54.35,0,217.4
OL-03970,ORD-11633,CUST-0476,PROD-002,2025-05-06,5,505.32,0,2526.6
OL-03971,ORD-11634,CUST-0476,PROD-023,2024-12-12,2,88.43,0,176.86
OL-03972,ORD-11634,CUST-0476,PROD-034,2024-12-12,5,79.8,0.1,359.1
OL-03973,ORD-11634,CUST-0476,PROD-007,2024-12-12,5,511.33,0.1,2300.99
OL-03974,ORD-11635,CUST-0476,PROD-022,2024-11-01,4,27.82,0,111.28
OL-03975,ORD-11636,CUST-0476,PROD-031,2025-07-03,1,164.42,0.1,147.98
OL-03976,ORD-11636,CUST-0476,PROD-017,2025-07-03,3,242.78,0.05,691.92
OL-03977,ORD-11637,CUST-0476,PROD-001,2025-10-13,4,1226.38,0.2,3924.42
OL-03978,ORD-11637,CUST-0476,PROD-010,2025-10-13,3,121.48,0,364.44
OL-03979,ORD-11638,CUST-0476,PROD-014,2024-08-20,1,487.6,0.15,414.46
OL-03980,ORD-11639,CUST-0476,PROD-026,2025-01-19,1,54.35,0,54.35
OL-03981,ORD-11639,CUST-0476,PROD-007,2025-01-19,4,511.33,0,2045.32
OL-03982,ORD-11639,CUST-0476,PROD-023,2025-01-19,1,88.43,0.1,79.59
OL-03983,ORD-11639,CUST-0476,PROD-014,2025-01-19,3,487.6,0.2,1170.24
OL-03984,ORD-11640,CUST-0476,PROD-029,2025-05-12,3,32.8,0.05,93.48
OL-03985,ORD-11640,CUST-0476,PROD-035,2025-05-12,4,75.75,0.1,272.7
OL-03986,ORD-11641,CUST-0476,PROD-002,2024-08-22,2,505.32,0.05,960.11
OL-03987,ORD-11641,CUST-0476,PROD-008,2024-08-22,1,342.59,0,342.59
OL-03988,ORD-11641,CUST-0476,PROD-034,2024-08-22,1,79.8,0.15,67.83
OL-03989,ORD-11641,CUST-0476,PROD-031,2024-08-22,2,164.42,0.05,312.4
OL-03990,ORD-11642,CUST-0476,PROD-004,2025-02-02,2,921.23,0,1842.46
OL-03991,ORD-11643,CUST-0476,PROD-020,2025-11-09,5,37.73,0.1,169.78
OL-03992,ORD-11643,CUST-0476,PROD-017,2025-11-09,1,242.78,0.05,230.64
OL-03993,ORD-11643,CUST-0476,PROD-009,2025-11-09,4,89.78,0,359.12
OL-03994,ORD-11644,CUST-0476,PROD-028,2025-07-02,3,65.64,0,196.92
OL-03995,ORD-11644,CUST-0476,PROD-036,2025-07-02,3,97.89,0,293.67
OL-03996,ORD-11644,CUST-0476,PROD-026,2025-07-02,4,54.35,0,217.4
OL-03997,ORD-11645,CUST-0476,PROD-008,2025-09-03,3,342.59,0.1,924.99
OL-03998,ORD-11645,CUST-0476,PROD-021,2025-09-03,5,38.34,0.05,182.12
OL-03999,ORD-11646,CUST-0476,PROD-009,2025-10-16,2,89.78,0.2,143.65
OL-04000,ORD-11646,CUST-0476,PROD-021,2025-10-16,2,38.34,0,76.68
OL-04001,ORD-11646,CUST-0476,PROD-028,2025-10-16,5,65.64,0,328.2
OL-04002,ORD-11646,CUST-0476,PROD-012,2025-10-16,3,109.67,0,329.01
OL-04003,ORD-11647,CUST-0476,PROD-029,2024-11-14,4,32.8,0,131.2
OL-04004,ORD-11647,CUST-0476,PROD-002,2024-11-14,4,505.32,0.05,1920.22
OL-04005,ORD-11647,CUST-0476,PROD-017,2024-11-14,3,242.78,0.1,655.51
OL-04006,ORD-11648,CUST-0476,PROD-024,2024-12-21,3,38.87,0,116.61
OL-04007,ORD-11648,CUST-0476,PROD-015,2024-12-21,1,295.3,0.2,236.24
OL-04008,ORD-11648,CUST-0476,PROD-028,2024-12-21,2,65.64,0.1,118.15
OL-04009,ORD-11649,CUST-0477,PROD-001,2025-04-07,2,1226.38,0,2452.76
OL-04010,ORD-11649,CUST-0477,PROD-032,2025-04-07,3,129.73,0.15,330.81
OL-04011,ORD-11649,CUST-0477,PROD-006,2025-04-07,3,689.21,0,2067.63
OL-04012,ORD-11650,CUST-0478,PROD-004,2025-09-08,2,921.23,0.05,1750.34
OL-04013,ORD-11650,CUST-0478,PROD-001,2025-09-08,2,1226.38,0.15,2084.85
OL-04014,ORD-11651,CUST-0478,PROD-005,2025-12-26,4,843.32,0,3373.28
OL-04015,ORD-11652,CUST-0479,PROD-030,2025-05-26,2,33.74,0.05,64.11
OL-04016,ORD-11652,CUST-0479,PROD-032,2025-05-26,3,129.73,0.1,350.27
OL-04017,ORD-11653,CUST-0480,PROD-023,2025-04-22,3,88.43,0.15,225.5
OL-04018,ORD-11653,CUST-0480,PROD-036,2025-04-22,3,97.89,0.1,264.3
OL-04019,ORD-11654,CUST-0480,PROD-012,2025-10-20,2,109.67,0.15,186.44
OL-04020,ORD-11654,CUST-0480,PROD-020,2025-10-20,3,37.73,0,113.19
OL-04021,ORD-11655,CUST-0481,PROD-007,2025-11-19,5,511.33,0,2556.65
OL-04022,ORD-11655,CUST-0481,PROD-026,2025-11-19,4,54.35,0,217.4
OL-04023,ORD-11655,CUST-0481,PROD-008,2025-11-19,5,342.59,0,1712.95
OL-04024,ORD-11656,CUST-0482,PROD-022,2024-06-11,1,27.82,0.1,25.04
OL-04025,ORD-11657,CUST-0482,PROD-024,2025-09-05,3,38.87,0.1,104.95
OL-04026,ORD-11658,CUST-0482,PROD-029,2024-08-12,3,32.8,0.05,93.48
OL-04027,ORD-11658,CUST-0482,PROD-030,2024-08-12,2,33.74,0.2,53.98
OL-04028,ORD-11658,CUST-0482,PROD-020,2024-08-12,3,37.73,0.15,96.21
OL-04029,ORD-11659,CUST-0482,PROD-010,2024-10-13,5,121.48,0.15,516.29
OL-04030,ORD-11659,CUST-0482,PROD-020,2024-10-13,3,37.73,0,113.19
OL-04031,ORD-11659,CUST-0482,PROD-029,2024-10-13,4,32.8,0,131.2
OL-04032,ORD-11660,CUST-0482,PROD-037,2024-12-25,3,23.39,0,70.17
OL-04033,ORD-11660,CUST-0482,PROD-030,2024-12-25,5,33.74,0,168.7
OL-04034,ORD-11660,CUST-0482,PROD-013,2024-12-25,1,134.4,0,134.4
OL-04035,ORD-11661,CUST-0482,PROD-033,2024-10-22,2,70.03,0,140.06
OL-04036,ORD-11661,CUST-0482,PROD-035,2024-10-22,5,75.75,0,378.75
OL-04037,ORD-11661,CUST-0482,PROD-002,2024-10-22,4,505.32,0,2021.28
OL-04038,ORD-11661,CUST-0482,PROD-015,2024-10-22,1,295.3,0.15,251
OL-04039,ORD-11662,CUST-0482,PROD-034,2024-10-06,4,79.8,0,319.2
OL-04040,ORD-11662,CUST-0482,PROD-012,2024-10-06,5,109.67,0.05,520.93
OL-04041,ORD-11663,CUST-0482,PROD-036,2025-03-12,3,97.89,0.2,234.94
OL-04042,ORD-11663,CUST-0482,PROD-005,2025-03-12,2,843.32,0.05,1602.31
OL-04043,ORD-11664,CUST-0482,PROD-013,2025-03-31,4,134.4,0,537.6
OL-04044,ORD-11664,CUST-0482,PROD-001,2025-03-31,3,1226.38,0.15,3127.27
OL-04045,ORD-11664,CUST-0482,PROD-019,2025-03-31,1,21.71,0,21.71
OL-04046,ORD-11664,CUST-0482,PROD-036,2025-03-31,2,97.89,0,195.78
OL-04047,ORD-11665,CUST-0483,PROD-027,2024-05-18,3,52.67,0.15,134.31
OL-04048,ORD-11665,CUST-0483,PROD-021,2024-05-18,2,38.34,0.05,72.85
OL-04049,ORD-11665,CUST-0483,PROD-014,2024-05-18,5,487.6,0,2438
OL-04050,ORD-11666,CUST-0483,PROD-023,2024-07-23,4,88.43,0.15,300.66
OL-04051,ORD-11667,CUST-0483,PROD-019,2025-02-01,4,21.71,0.05,82.5
OL-04052,ORD-11667,CUST-0483,PROD-018,2025-02-01,1,9.52,0.15,8.09
OL-04053,ORD-11668,CUST-0483,PROD-025,2025-02-02,3,25.5,0,76.5
OL-04054,ORD-11668,CUST-0483,PROD-011,2025-02-02,2,103.76,0.2,166.02
OL-04055,ORD-11668,CUST-0483,PROD-026,2025-02-02,4,54.35,0,217.4
OL-04056,ORD-11668,CUST-0483,PROD-005,2025-02-02,5,843.32,0.1,3794.94
OL-04057,ORD-11669,CUST-0484,PROD-025,2024-11-09,3,25.5,0,76.5
OL-04058,ORD-11669,CUST-0484,PROD-028,2024-11-09,5,65.64,0.1,295.38
OL-04059,ORD-11669,CUST-0484,PROD-017,2024-11-09,5,242.78,0.1,1092.51
OL-04060,ORD-11670,CUST-0485,PROD-008,2025-07-26,1,342.59,0.1,308.33
OL-04061,ORD-11671,CUST-0486,PROD-031,2025-02-02,1,164.42,0.1,147.98
OL-04062,ORD-11671,CUST-0486,PROD-015,2025-02-02,2,295.3,0.2,472.48
OL-04063,ORD-11671,CUST-0486,PROD-037,2025-02-02,3,23.39,0,70.17
OL-04064,ORD-11672,CUST-0486,PROD-035,2025-04-06,5,75.75,0.05,359.81
OL-04065,ORD-11673,CUST-0487,PROD-019,2025-03-04,3,21.71,0.15,55.36
OL-04066,ORD-11673,CUST-0487,PROD-011,2025-03-04,5,103.76,0.2,415.04
OL-04067,ORD-11673,CUST-0487,PROD-025,2025-03-04,5,25.5,0,127.5
OL-04068,ORD-11674,CUST-0488,PROD-024,2025-09-04,3,38.87,0.2,93.29
OL-04069,ORD-11674,CUST-0488,PROD-029,2025-09-04,4,32.8,0,131.2
OL-04070,ORD-11674,CUST-0488,PROD-011,2025-09-04,5,103.76,0,518.8
OL-04071,ORD-11674,CUST-0488,PROD-036,2025-09-04,5,97.89,0,489.45
OL-04072,ORD-11675,CUST-0489,PROD-004,2024-07-26,2,921.23,0,1842.46
OL-04073,ORD-11676,CUST-0489,PROD-030,2024-09-15,3,33.74,0.1,91.1
OL-04074,ORD-11676,CUST-0489,PROD-035,2024-09-15,5,75.75,0,378.75
OL-04075,ORD-11676,CUST-0489,PROD-005,2024-09-15,5,843.32,0.2,3373.28
OL-04076,ORD-11676,CUST-0489,PROD-009,2024-09-15,4,89.78,0,359.12
OL-04077,ORD-11677,CUST-0489,PROD-022,2025-04-03,5,27.82,0.1,125.19
OL-04078,ORD-11678,CUST-0489,PROD-022,2025-01-10,2,27.82,0.05,52.86
OL-04079,ORD-11678,CUST-0489,PROD-007,2025-01-10,4,511.33,0.2,1636.26
OL-04080,ORD-11678,CUST-0489,PROD-018,2025-01-10,2,9.52,0.1,17.14
OL-04081,ORD-11679,CUST-0489,PROD-006,2025-02-26,2,689.21,0.15,1171.66
OL-04082,ORD-11680,CUST-0489,PROD-014,2024-11-29,5,487.6,0.1,2194.2
OL-04083,ORD-11681,CUST-0489,PROD-035,2025-01-31,2,75.75,0.1,136.35
OL-04084,ORD-11681,CUST-0489,PROD-008,2025-01-31,4,342.59,0.2,1096.29
OL-04085,ORD-11681,CUST-0489,PROD-006,2025-01-31,5,689.21,0,3446.05
OL-04086,ORD-11681,CUST-0489,PROD-037,2025-01-31,3,23.39,0,70.17
OL-04087,ORD-11682,CUST-0489,PROD-002,2025-06-01,5,505.32,0.15,2147.61
OL-04088,ORD-11683,CUST-0489,PROD-007,2025-11-22,4,511.33,0.1,1840.79
OL-04089,ORD-11683,CUST-0489,PROD-029,2025-11-22,1,32.8,0,32.8
OL-04090,ORD-11684,CUST-0489,PROD-036,2025-01-18,4,97.89,0.1,352.4
OL-04091,ORD-11684,CUST-0489,PROD-028,2025-01-18,2,65.64,0,131.28
OL-04092,ORD-11685,CUST-0489,PROD-006,2025-10-05,5,689.21,0.2,2756.84
OL-04093,ORD-11685,CUST-0489,PROD-021,2025-10-05,1,38.34,0.2,30.67
OL-04094,ORD-11685,CUST-0489,PROD-033,2025-10-05,4,70.03,0.15,238.1
OL-04095,ORD-11686,CUST-0489,PROD-013,2024-08-16,1,134.4,0.15,114.24
OL-04096,ORD-11686,CUST-0489,PROD-009,2024-08-16,1,89.78,0,89.78
OL-04097,ORD-11686,CUST-0489,PROD-026,2024-08-16,5,54.35,0,271.75
OL-04098,ORD-11687,CUST-0489,PROD-001,2025-09-17,2,1226.38,0.2,1962.21
OL-04099,ORD-11688,CUST-0489,PROD-037,2025-05-09,3,23.39,0,70.17
OL-04100,ORD-11688,CUST-0489,PROD-031,2025-05-09,3,164.42,0,493.26
OL-04101,ORD-11689,CUST-0489,PROD-028,2024-10-11,5,65.64,0,328.2
OL-04102,ORD-11689,CUST-0489,PROD-003,2024-10-11,5,722.82,0,3614.1
OL-04103,ORD-11690,CUST-0489,PROD-033,2025-10-07,1,70.03,0,70.03
OL-04104,ORD-11691,CUST-0489,PROD-004,2025-01-02,2,921.23,0.15,1566.09
OL-04105,ORD-11691,CUST-0489,PROD-009,2025-01-02,4,89.78,0,359.12
OL-04106,ORD-11691,CUST-0489,PROD-020,2025-01-02,4,37.73,0,150.92
OL-04107,ORD-11692,CUST-0489,PROD-034,2025-11-16,4,79.8,0.2,255.36
OL-04108,ORD-11692,CUST-0489,PROD-032,2025-11-16,4,129.73,0,518.92
OL-04109,ORD-11692,CUST-0489,PROD-014,2025-11-16,4,487.6,0,1950.4
OL-04110,ORD-11693,CUST-0489,PROD-033,2024-11-29,2,70.03,0,140.06
OL-04111,ORD-11693,CUST-0489,PROD-026,2024-11-29,3,54.35,0,163.05
OL-04112,ORD-11693,CUST-0489,PROD-037,2024-11-29,5,23.39,0,116.95
OL-04113,ORD-11694,CUST-0489,PROD-022,2025-08-05,5,27.82,0,139.1
OL-04114,ORD-11695,CUST-0489,PROD-006,2025-10-31,2,689.21,0,1378.42
OL-04115,ORD-11695,CUST-0489,PROD-024,2025-10-31,3,38.87,0.2,93.29
OL-04116,ORD-11695,CUST-0489,PROD-019,2025-10-31,4,21.71,0.2,69.47
OL-04117,ORD-11695,CUST-0489,PROD-029,2025-10-31,4,32.8,0,131.2
OL-04118,ORD-11696,CUST-0489,PROD-037,2025-06-05,1,23.39,0.05,22.22
OL-04119,ORD-11696,CUST-0489,PROD-012,2025-06-05,3,109.67,0,329.01
OL-04120,ORD-11696,CUST-0489,PROD-023,2025-06-05,4,88.43,0.15,300.66
OL-04121,ORD-11696,CUST-0489,PROD-008,2025-06-05,5,342.59,0,1712.95
OL-04122,ORD-11697,CUST-0489,PROD-033,2025-07-13,4,70.03,0.05,266.11
OL-04123,ORD-11697,CUST-0489,PROD-016,2025-07-13,2,189.62,0.05,360.28
OL-04124,ORD-11698,CUST-0489,PROD-035,2024-08-24,4,75.75,0.05,287.85
OL-04125,ORD-11698,CUST-0489,PROD-027,2024-08-24,1,52.67,0,52.67
OL-04126,ORD-11699,CUST-0490,PROD-019,2024-05-03,5,21.71,0,108.55
OL-04127,ORD-11699,CUST-0490,PROD-012,2024-05-03,4,109.67,0.2,350.94
OL-04128,ORD-11700,CUST-0490,PROD-005,2024-09-25,1,843.32,0.1,758.99
OL-04129,ORD-11700,CUST-0490,PROD-027,2024-09-25,4,52.67,0,210.68
OL-04130,ORD-11700,CUST-0490,PROD-003,2024-09-25,2,722.82,0,1445.64
OL-04131,ORD-11701,CUST-0490,PROD-027,2025-02-16,3,52.67,0,158.01
OL-04132,ORD-11701,CUST-0490,PROD-017,2025-02-16,1,242.78,0,242.78
OL-04133,ORD-11701,CUST-0490,PROD-003,2025-02-16,5,722.82,0.1,3252.69
OL-04134,ORD-11702,CUST-0490,PROD-032,2024-05-18,1,129.73,0,129.73
OL-04135,ORD-11702,CUST-0490,PROD-014,2024-05-18,2,487.6,0.05,926.44
OL-04136,ORD-11703,CUST-0490,PROD-028,2024-12-18,5,65.64,0.2,262.56
OL-04137,ORD-11703,CUST-0490,PROD-009,2024-12-18,1,89.78,0,89.78
OL-04138,ORD-11704,CUST-0490,PROD-018,2025-04-07,5,9.52,0.2,38.08
OL-04139,ORD-11704,CUST-0490,PROD-030,2025-04-07,5,33.74,0,168.7
OL-04140,ORD-11704,CUST-0490,PROD-008,2025-04-07,5,342.59,0,1712.95
OL-04141,ORD-11705,CUST-0490,PROD-002,2025-06-28,4,505.32,0.1,1819.15
OL-04142,ORD-11705,CUST-0490,PROD-037,2025-06-28,1,23.39,0.05,22.22
OL-04143,ORD-11706,CUST-0490,PROD-017,2025-01-26,2,242.78,0.1,437
OL-04144,ORD-11706,CUST-0490,PROD-001,2025-01-26,5,1226.38,0.2,4905.52
OL-04145,ORD-11706,CUST-0490,PROD-037,2025-01-26,3,23.39,0.1,63.15
OL-04146,ORD-11706,CUST-0490,PROD-012,2025-01-26,5,109.67,0.05,520.93
OL-04147,ORD-11707,CUST-0490,PROD-021,2025-06-13,2,38.34,0.2,61.34
OL-04148,ORD-11707,CUST-0490,PROD-023,2025-06-13,3,88.43,0.1,238.76
OL-04149,ORD-11707,CUST-0490,PROD-008,2025-06-13,4,342.59,0,1370.36
OL-04150,ORD-11708,CUST-0490,PROD-008,2025-07-25,1,342.59,0.15,291.2
OL-04151,ORD-11708,CUST-0490,PROD-030,2025-07-25,4,33.74,0.2,107.97
OL-04152,ORD-11708,CUST-0490,PROD-018,2025-07-25,5,9.52,0.1,42.84
OL-04153,ORD-11708,CUST-0490,PROD-013,2025-07-25,1,134.4,0.2,107.52
OL-04154,ORD-11709,CUST-0490,PROD-018,2024-07-11,2,9.52,0.1,17.14
OL-04155,ORD-11709,CUST-0490,PROD-003,2024-07-11,5,722.82,0.2,2891.28
OL-04156,ORD-11709,CUST-0490,PROD-013,2024-07-11,5,134.4,0,672
OL-04157,ORD-11709,CUST-0490,PROD-020,2024-07-11,5,37.73,0.05,179.22
OL-04158,ORD-11710,CUST-0490,PROD-029,2024-08-31,2,32.8,0,65.6
OL-04159,ORD-11710,CUST-0490,PROD-023,2024-08-31,4,88.43,0,353.72
OL-04160,ORD-11710,CUST-0490,PROD-033,2024-08-31,4,70.03,0.05,266.11
OL-04161,ORD-11710,CUST-0490,PROD-015,2024-08-31,1,295.3,0.2,236.24
OL-04162,ORD-11711,CUST-0490,PROD-015,2024-09-23,1,295.3,0.1,265.77
OL-04163,ORD-11712,CUST-0490,PROD-023,2024-05-24,2,88.43,0.1,159.17
OL-04164,ORD-11713,CUST-0490,PROD-002,2025-07-14,4,505.32,0,2021.28
OL-04165,ORD-11713,CUST-0490,PROD-012,2025-07-14,3,109.67,0,329.01
OL-04166,ORD-11713,CUST-0490,PROD-035,2025-07-14,2,75.75,0,151.5
OL-04167,ORD-11713,CUST-0490,PROD-009,2025-07-14,3,89.78,0,269.34
OL-04168,ORD-11714,CUST-0490,PROD-015,2025-04-18,5,295.3,0,1476.5
OL-04169,ORD-11714,CUST-0490,PROD-006,2025-04-18,3,689.21,0.05,1964.25
OL-04170,ORD-11715,CUST-0490,PROD-001,2025-01-09,3,1226.38,0,3679.14
OL-04171,ORD-11715,CUST-0490,PROD-018,2025-01-09,1,9.52,0,9.52
OL-04172,ORD-11716,CUST-0491,PROD-018,2024-05-04,2,9.52,0,19.04
OL-04173,ORD-11716,CUST-0491,PROD-007,2024-05-04,3,511.33,0.2,1227.19
OL-04174,ORD-11716,CUST-0491,PROD-037,2024-05-04,2,23.39,0.2,37.42
OL-04175,ORD-11716,CUST-0491,PROD-014,2024-05-04,5,487.6,0.15,2072.3
OL-04176,ORD-11717,CUST-0491,PROD-031,2024-06-26,5,164.42,0,822.1
OL-04177,ORD-11718,CUST-0491,PROD-010,2024-07-08,5,121.48,0.05,577.03
OL-04178,ORD-11718,CUST-0491,PROD-018,2024-07-08,1,9.52,0.1,8.57
OL-04179,ORD-11719,CUST-0491,PROD-010,2025-05-27,4,121.48,0,485.92
OL-04180,ORD-11719,CUST-0491,PROD-025,2025-05-27,2,25.5,0,51
OL-04181,ORD-11719,CUST-0491,PROD-017,2025-05-27,3,242.78,0,728.34
OL-04182,ORD-11719,CUST-0491,PROD-037,2025-05-27,4,23.39,0.2,74.85
OL-04183,ORD-11720,CUST-0492,PROD-012,2024-08-08,1,109.67,0,109.67
OL-04184,ORD-11720,CUST-0492,PROD-019,2024-08-08,2,21.71,0,43.42
OL-04185,ORD-11721,CUST-0492,PROD-007,2025-03-25,5,511.33,0.2,2045.32
OL-04186,ORD-11722,CUST-0492,PROD-003,2025-07-07,2,722.82,0,1445.64
OL-04187,ORD-11723,CUST-0492,PROD-007,2025-03-06,4,511.33,0,2045.32
OL-04188,ORD-11723,CUST-0492,PROD-025,2025-03-06,2,25.5,0.1,45.9
OL-04189,ORD-11723,CUST-0492,PROD-014,2025-03-06,4,487.6,0.05,1852.88
OL-04190,ORD-11723,CUST-0492,PROD-004,2025-03-06,2,921.23,0,1842.46
OL-04191,ORD-11724,CUST-0492,PROD-003,2025-12-14,2,722.82,0.05,1373.36
OL-04192,ORD-11724,CUST-0492,PROD-022,2025-12-14,4,27.82,0.15,94.59
OL-04193,ORD-11725,CUST-0492,PROD-037,2024-10-31,3,23.39,0,70.17
OL-04194,ORD-11726,CUST-0492,PROD-001,2025-03-20,3,1226.38,0.05,3495.18
OL-04195,ORD-11727,CUST-0493,PROD-002,2025-03-12,4,505.32,0,2021.28
OL-04196,ORD-11727,CUST-0493,PROD-004,2025-03-12,2,921.23,0,1842.46
OL-04197,ORD-11727,CUST-0493,PROD-007,2025-03-12,5,511.33,0,2556.65
OL-04198,ORD-11728,CUST-0493,PROD-014,2025-04-09,1,487.6,0.15,414.46
OL-04199,ORD-11728,CUST-0493,PROD-030,2025-04-09,4,33.74,0,134.96
OL-04200,ORD-11728,CUST-0493,PROD-006,2025-04-09,2,689.21,0,1378.42
OL-04201,ORD-11728,CUST-0493,PROD-013,2025-04-09,1,134.4,0,134.4
OL-04202,ORD-11729,CUST-0494,PROD-037,2025-04-20,1,23.39,0.15,19.88
OL-04203,ORD-11729,CUST-0494,PROD-003,2025-04-20,4,722.82,0.05,2746.72
OL-04204,ORD-11729,CUST-0494,PROD-033,2025-04-20,2,70.03,0,140.06
OL-04205,ORD-11729,CUST-0494,PROD-031,2025-04-20,1,164.42,0,164.42
OL-04206,ORD-11730,CUST-0495,PROD-021,2025-12-13,1,38.34,0.05,36.42
OL-04207,ORD-11730,CUST-0495,PROD-018,2025-12-13,1,9.52,0.1,8.57
OL-04208,ORD-11730,CUST-0495,PROD-027,2025-12-13,2,52.67,0.1,94.81
OL-04209,ORD-11731,CUST-0496,PROD-001,2024-11-27,2,1226.38,0.05,2330.12
OL-04210,ORD-11731,CUST-0496,PROD-030,2024-11-27,1,33.74,0,33.74
OL-04211,ORD-11731,CUST-0496,PROD-017,2024-11-27,2,242.78,0.2,388.45
OL-04212,ORD-11731,CUST-0496,PROD-020,2024-11-27,3,37.73,0,113.19
OL-04213,ORD-11732,CUST-0497,PROD-012,2024-12-04,2,109.67,0,219.34
OL-04214,ORD-11732,CUST-0497,PROD-024,2024-12-04,4,38.87,0,155.48
OL-04215,ORD-11733,CUST-0497,PROD-012,2025-03-02,1,109.67,0,109.67
OL-04216,ORD-11733,CUST-0497,PROD-014,2025-03-02,1,487.6,0.1,438.84
OL-04217,ORD-11733,CUST-0497,PROD-018,2025-03-02,3,9.52,0,28.56
OL-04218,ORD-11734,CUST-0498,PROD-031,2025-09-03,2,164.42,0.15,279.51
OL-04219,ORD-11734,CUST-0498,PROD-012,2025-09-03,2,109.67,0.05,208.37
OL-04220,ORD-11734,CUST-0498,PROD-025,2025-09-03,3,25.5,0,76.5
OL-04221,ORD-11734,CUST-0498,PROD-002,2025-09-03,1,505.32,0,505.32
OL-04222,ORD-11735,CUST-0499,PROD-031,2024-10-01,1,164.42,0.15,139.76
OL-04223,ORD-11735,CUST-0499,PROD-027,2024-10-01,4,52.67,0.1,189.61
OL-04224,ORD-11736,CUST-0499,PROD-036,2025-12-08,3,97.89,0,293.67
OL-04225,ORD-11736,CUST-0499,PROD-002,2025-12-08,3,505.32,0.1,1364.36
OL-04226,ORD-11736,CUST-0499,PROD-009,2025-12-08,5,89.78,0,448.9
OL-04227,ORD-11737,CUST-0499,PROD-003,2024-12-12,1,722.82,0,722.82
OL-04228,ORD-11737,CUST-0499,PROD-009,2024-12-12,5,89.78,0.1,404.01
OL-04229,ORD-11737,CUST-0499,PROD-007,2024-12-12,1,511.33,0,511.33
OL-04230,ORD-11737,CUST-0499,PROD-037,2024-12-12,4,23.39,0.1,84.2
OL-04231,ORD-11738,CUST-0500,PROD-035,2025-03-20,4,75.75,0.1,272.7
OL-04232,ORD-11738,CUST-0500,PROD-027,2025-03-20,4,52.67,0.2,168.54
OL-04233,ORD-11738,CUST-0500,PROD-017,2025-03-20,5,242.78,0.15,1031.82
OL-04234,ORD-11739,CUST-0500,PROD-014,2025-11-05,4,487.6,0,1950.4
OL-04235,ORD-11739,CUST-0500,PROD-030,2025-11-05,1,33.74,0.1,30.37
OL-04236,ORD-11740,CUST-0500,PROD-020,2025-12-29,1,37.73,0.1,33.96
OL-04237,ORD-11740,CUST-0500,PROD-030,2025-12-29,2,33.74,0.05,64.11
OL-04238,ORD-11740,CUST-0500,PROD-017,2025-12-29,5,242.78,0,1213.9
OL-04239,ORD-11741,CUST-0501,PROD-032,2025-11-13,3,129.73,0.1,350.27
OL-04240,ORD-11742,CUST-0502,PROD-006,2025-10-11,3,689.21,0,2067.63
OL-04241,ORD-11742,CUST-0502,PROD-028,2025-10-11,1,65.64,0.05,62.36
OL-04242,ORD-11743,CUST-0503,PROD-026,2025-12-10,2,54.35,0.2,86.96
OL-04243,ORD-11743,CUST-0503,PROD-009,2025-12-10,3,89.78,0,269.34
OL-04244,ORD-11744,CUST-0504,PROD-033,2025-08-07,4,70.03,0,280.12
OL-04245,ORD-11744,CUST-0504,PROD-028,2025-08-07,5,65.64,0,328.2
OL-04246,ORD-11744,CUST-0504,PROD-018,2025-08-07,1,9.52,0,9.52
OL-04247,ORD-11745,CUST-0505,PROD-021,2025-02-01,2,38.34,0.15,65.18
OL-04248,ORD-11745,CUST-0505,PROD-018,2025-02-01,1,9.52,0,9.52
OL-04249,ORD-11745,CUST-0505,PROD-028,2025-02-01,1,65.64,0,65.64
OL-04250,ORD-11745,CUST-0505,PROD-012,2025-02-01,2,109.67,0.15,186.44
OL-04251,ORD-11746,CUST-0506,PROD-001,2025-12-26,3,1226.38,0,3679.14
OL-04252,ORD-11746,CUST-0506,PROD-023,2025-12-26,2,88.43,0.2,141.49
OL-04253,ORD-11747,CUST-0507,PROD-004,2024-04-24,1,921.23,0,921.23
OL-04254,ORD-11748,CUST-0507,PROD-016,2025-02-13,2,189.62,0.1,341.32
OL-04255,ORD-11748,CUST-0507,PROD-019,2025-02-13,1,21.71,0.1,19.54
OL-04256,ORD-11748,CUST-0507,PROD-026,2025-02-13,1,54.35,0,54.35
OL-04257,ORD-11748,CUST-0507,PROD-030,2025-02-13,5,33.74,0.1,151.83
OL-04258,ORD-11749,CUST-0507,PROD-008,2025-02-25,3,342.59,0,1027.77
OL-04259,ORD-11750,CUST-0507,PROD-002,2024-12-02,5,505.32,0.2,2021.28
OL-04260,ORD-11751,CUST-0507,PROD-025,2025-07-18,5,25.5,0.2,102
OL-04261,ORD-11752,CUST-0507,PROD-016,2025-05-23,4,189.62,0,758.48
OL-04262,ORD-11752,CUST-0507,PROD-009,2025-05-23,4,89.78,0.15,305.25
OL-04263,ORD-11753,CUST-0507,PROD-003,2025-07-08,3,722.82,0,2168.46
OL-04264,ORD-11753,CUST-0507,PROD-025,2025-07-08,5,25.5,0.2,102
OL-04265,ORD-11753,CUST-0507,PROD-001,2025-07-08,1,1226.38,0.2,981.1
OL-04266,ORD-11753,CUST-0507,PROD-035,2025-07-08,5,75.75,0.05,359.81
OL-04267,ORD-11754,CUST-0507,PROD-025,2025-01-09,1,25.5,0,25.5
OL-04268,ORD-11754,CUST-0507,PROD-016,2025-01-09,5,189.62,0.2,758.48
OL-04269,ORD-11754,CUST-0507,PROD-003,2025-01-09,5,722.82,0.1,3252.69
OL-04270,ORD-11755,CUST-0507,PROD-016,2024-09-27,1,189.62,0,189.62
OL-04271,ORD-11755,CUST-0507,PROD-028,2024-09-27,2,65.64,0.05,124.72
OL-04272,ORD-11756,CUST-0507,PROD-034,2024-06-20,1,79.8,0,79.8
OL-04273,ORD-11757,CUST-0507,PROD-017,2024-06-25,2,242.78,0.2,388.45
OL-04274,ORD-11757,CUST-0507,PROD-022,2024-06-25,5,27.82,0.2,111.28
OL-04275,ORD-11757,CUST-0507,PROD-033,2024-06-25,3,70.03,0,210.09
OL-04276,ORD-11758,CUST-0507,PROD-017,2024-05-18,1,242.78,0,242.78
OL-04277,ORD-11758,CUST-0507,PROD-001,2024-05-18,2,1226.38,0,2452.76
OL-04278,ORD-11759,CUST-0507,PROD-018,2025-06-03,4,9.52,0,38.08
OL-04279,ORD-11759,CUST-0507,PROD-027,2025-06-03,4,52.67,0,210.68
OL-04280,ORD-11760,CUST-0507,PROD-019,2024-11-17,4,21.71,0.05,82.5
OL-04281,ORD-11760,CUST-0507,PROD-018,2024-11-17,2,9.52,0.15,16.18
OL-04282,ORD-11760,CUST-0507,PROD-026,2024-11-17,1,54.35,0,54.35
OL-04283,ORD-11761,CUST-0507,PROD-018,2024-06-07,2,9.52,0.15,16.18
OL-04284,ORD-11761,CUST-0507,PROD-002,2024-06-07,5,505.32,0,2526.6
OL-04285,ORD-11762,CUST-0507,PROD-009,2025-04-26,5,89.78,0.05,426.45
OL-04286,ORD-11762,CUST-0507,PROD-015,2025-04-26,5,295.3,0.2,1181.2
OL-04287,ORD-11763,CUST-0507,PROD-010,2024-10-03,4,121.48,0,485.92
OL-04288,ORD-11764,CUST-0507,PROD-033,2024-05-26,3,70.03,0.15,178.58
OL-04289,ORD-11764,CUST-0507,PROD-005,2024-05-26,3,843.32,0,2529.96
OL-04290,ORD-11764,CUST-0507,PROD-032,2024-05-26,4,129.73,0,518.92
OL-04291,ORD-11765,CUST-0507,PROD-013,2025-06-17,2,134.4,0,268.8
OL-04292,ORD-11765,CUST-0507,PROD-027,2025-06-17,3,52.67,0.05,150.11
OL-04293,ORD-11765,CUST-0507,PROD-020,2025-06-17,1,37.73,0,37.73
OL-04294,ORD-11766,CUST-0508,PROD-011,2025-12-24,5,103.76,0,518.8
OL-04295,ORD-11767,CUST-0509,PROD-036,2025-11-27,1,97.89,0.1,88.1
OL-04296,ORD-11767,CUST-0509,PROD-022,2025-11-27,1,27.82,0.15,23.65
OL-04297,ORD-11768,CUST-0510,PROD-012,2025-07-09,3,109.67,0,329.01
OL-04298,ORD-11769,CUST-0511,PROD-026,2024-05-27,1,54.35,0.05,51.63
OL-04299,ORD-11769,CUST-0511,PROD-008,2024-05-27,5,342.59,0,1712.95
OL-04300,ORD-11769,CUST-0511,PROD-003,2024-05-27,2,722.82,0,1445.64
OL-04301,ORD-11770,CUST-0511,PROD-027,2024-10-24,2,52.67,0.1,94.81
OL-04302,ORD-11770,CUST-0511,PROD-002,2024-10-24,2,505.32,0.1,909.58
OL-04303,ORD-11770,CUST-0511,PROD-004,2024-10-24,2,921.23,0.05,1750.34
OL-04304,ORD-11770,CUST-0511,PROD-006,2024-10-24,1,689.21,0,689.21
OL-04305,ORD-11771,CUST-0511,PROD-013,2024-07-26,5,134.4,0.15,571.2
OL-04306,ORD-11771,CUST-0511,PROD-009,2024-07-26,4,89.78,0,359.12
OL-04307,ORD-11772,CUST-0511,PROD-009,2024-12-07,1,89.78,0.15,76.31
OL-04308,ORD-11773,CUST-0511,PROD-035,2025-09-17,4,75.75,0.15,257.55
OL-04309,ORD-11773,CUST-0511,PROD-024,2025-09-17,4,38.87,0.05,147.71
OL-04310,ORD-11773,CUST-0511,PROD-001,2025-09-17,3,1226.38,0,3679.14
OL-04311,ORD-11774,CUST-0511,PROD-020,2025-08-02,3,37.73,0.15,96.21
OL-04312,ORD-11774,CUST-0511,PROD-025,2025-08-02,2,25.5,0,51
OL-04313,ORD-11774,CUST-0511,PROD-003,2025-08-02,4,722.82,0.05,2746.72
OL-04314,ORD-11775,CUST-0511,PROD-025,2024-10-01,5,25.5,0,127.5
OL-04315,ORD-11775,CUST-0511,PROD-002,2024-10-01,3,505.32,0,1515.96
OL-04316,ORD-11775,CUST-0511,PROD-007,2024-10-01,1,511.33,0,511.33
OL-04317,ORD-11776,CUST-0512,PROD-020,2025-07-19,2,37.73,0,75.46
OL-04318,ORD-11776,CUST-0512,PROD-032,2025-07-19,2,129.73,0,259.46
OL-04319,ORD-11777,CUST-0513,PROD-032,2025-12-15,4,129.73,0.1,467.03
OL-04320,ORD-11778,CUST-0514,PROD-007,2025-12-29,2,511.33,0.05,971.53
OL-04321,ORD-11778,CUST-0514,PROD-009,2025-12-29,4,89.78,0,359.12
OL-04322,ORD-11778,CUST-0514,PROD-030,2025-12-29,5,33.74,0.05,160.27
OL-04323,ORD-11779,CUST-0515,PROD-023,2025-12-21,3,88.43,0,265.29
OL-04324,ORD-11779,CUST-0515,PROD-026,2025-12-21,5,54.35,0.05,258.16
OL-04325,ORD-11779,CUST-0515,PROD-010,2025-12-21,4,121.48,0.2,388.74
OL-04326,ORD-11779,CUST-0515,PROD-009,2025-12-21,5,89.78,0.05,426.45
OL-04327,ORD-11780,CUST-0516,PROD-019,2025-01-06,1,21.71,0.15,18.45
OL-04328,ORD-11780,CUST-0516,PROD-031,2025-01-06,2,164.42,0.1,295.96
OL-04329,ORD-11780,CUST-0516,PROD-030,2025-01-06,1,33.74,0.15,28.68
OL-04330,ORD-11781,CUST-0517,PROD-001,2025-10-20,1,1226.38,0.2,981.1
OL-04331,ORD-11781,CUST-0517,PROD-003,2025-10-20,5,722.82,0,3614.1
OL-04332,ORD-11781,CUST-0517,PROD-027,2025-10-20,5,52.67,0.1,237.02
OL-04333,ORD-11782,CUST-0518,PROD-009,2025-10-10,3,89.78,0.2,215.47
OL-04334,ORD-11782,CUST-0518,PROD-016,2025-10-10,3,189.62,0.2,455.09
OL-04335,ORD-11783,CUST-0519,PROD-020,2025-12-23,4,37.73,0.15,128.28
OL-04336,ORD-11784,CUST-0520,PROD-008,2025-07-28,1,342.59,0,342.59
OL-04337,ORD-11784,CUST-0520,PROD-010,2025-07-28,4,121.48,0.2,388.74
OL-04338,ORD-11785,CUST-0521,PROD-011,2024-10-12,5,103.76,0.2,415.04
OL-04339,ORD-11785,CUST-0521,PROD-023,2024-10-12,2,88.43,0,176.86
OL-04340,ORD-11785,CUST-0521,PROD-017,2024-10-12,4,242.78,0.15,825.45
OL-04341,ORD-11786,CUST-0521,PROD-019,2025-10-15,1,21.71,0.15,18.45
OL-04342,ORD-11786,CUST-0521,PROD-006,2025-10-15,5,689.21,0.05,3273.75
OL-04343,ORD-11786,CUST-0521,PROD-008,2025-10-15,2,342.59,0.1,616.66
OL-04344,ORD-11787,CUST-0521,PROD-034,2025-08-04,2,79.8,0.05,151.62
OL-04345,ORD-11788,CUST-0521,PROD-028,2025-03-03,2,65.64,0,131.28
OL-04346,ORD-11789,CUST-0521,PROD-019,2025-02-19,1,21.71,0.1,19.54
OL-04347,ORD-11789,CUST-0521,PROD-033,2025-02-19,5,70.03,0,350.15
OL-04348,ORD-11789,CUST-0521,PROD-012,2025-02-19,5,109.67,0.2,438.68
OL-04349,ORD-11790,CUST-0521,PROD-026,2025-05-29,4,54.35,0,217.4
OL-04350,ORD-11791,CUST-0522,PROD-023,2025-11-06,1,88.43,0.2,70.74
OL-04351,ORD-11792,CUST-0523,PROD-006,2025-04-16,3,689.21,0,2067.63
OL-04352,ORD-11792,CUST-0523,PROD-011,2025-04-16,2,103.76,0.15,176.39
OL-04353,ORD-11793,CUST-0524,PROD-012,2025-09-14,2,109.67,0.2,175.47
OL-04354,ORD-11794,CUST-0524,PROD-026,2025-10-14,1,54.35,0,54.35
OL-04355,ORD-11795,CUST-0525,PROD-001,2024-06-16,1,1226.38,0.15,1042.42
OL-04356,ORD-11795,CUST-0525,PROD-016,2024-06-16,5,189.62,0.05,900.69
OL-04357,ORD-11795,CUST-0525,PROD-032,2024-06-16,1,129.73,0,129.73
OL-04358,ORD-11795,CUST-0525,PROD-010,2024-06-16,2,121.48,0,242.96
OL-04359,ORD-11796,CUST-0525,PROD-007,2024-08-01,5,511.33,0.2,2045.32
OL-04360,ORD-11796,CUST-0525,PROD-029,2024-08-01,5,32.8,0.1,147.6
OL-04361,ORD-11797,CUST-0525,PROD-006,2025-05-06,1,689.21,0.2,551.37
OL-04362,ORD-11798,CUST-0525,PROD-001,2024-11-19,2,1226.38,0,2452.76
OL-04363,ORD-11799,CUST-0525,PROD-008,2025-10-14,1,342.59,0.1,308.33
OL-04364,ORD-11799,CUST-0525,PROD-016,2025-10-14,4,189.62,0.2,606.78
OL-04365,ORD-11799,CUST-0525,PROD-007,2025-10-14,5,511.33,0.05,2428.82
OL-04366,ORD-11799,CUST-0525,PROD-032,2025-10-14,1,129.73,0.2,103.78
OL-04367,ORD-11800,CUST-0525,PROD-025,2025-07-19,2,25.5,0.2,40.8
OL-04368,ORD-11801,CUST-0525,PROD-004,2025-10-25,1,921.23,0.1,829.11
OL-04369,ORD-11801,CUST-0525,PROD-033,2025-10-25,3,70.03,0.2,168.07
OL-04370,ORD-11801,CUST-0525,PROD-017,2025-10-25,4,242.78,0.2,776.9
OL-04371,ORD-11802,CUST-0525,PROD-024,2025-03-26,1,38.87,0,38.87
OL-04372,ORD-11802,CUST-0525,PROD-001,2025-03-26,4,1226.38,0,4905.52
OL-04373,ORD-11802,CUST-0525,PROD-008,2025-03-26,2,342.59,0,685.18
OL-04374,ORD-11803,CUST-0525,PROD-008,2025-03-29,4,342.59,0,1370.36
OL-04375,ORD-11803,CUST-0525,PROD-002,2025-03-29,5,505.32,0.1,2273.94
OL-04376,ORD-11804,CUST-0525,PROD-034,2025-06-12,4,79.8,0.1,287.28
OL-04377,ORD-11804,CUST-0525,PROD-001,2025-06-12,1,1226.38,0.15,1042.42
OL-04378,ORD-11804,CUST-0525,PROD-031,2025-06-12,2,164.42,0.05,312.4
OL-04379,ORD-11804,CUST-0525,PROD-009,2025-06-12,1,89.78,0.05,85.29
OL-04380,ORD-11805,CUST-0525,PROD-002,2024-08-24,5,505.32,0.05,2400.27
OL-04381,ORD-11805,CUST-0525,PROD-036,2024-08-24,2,97.89,0,195.78
OL-04382,ORD-11805,CUST-0525,PROD-033,2024-08-24,2,70.03,0.15,119.05
OL-04383,ORD-11805,CUST-0525,PROD-008,2024-08-24,5,342.59,0.2,1370.36
OL-04384,ORD-11806,CUST-0525,PROD-017,2025-04-28,5,242.78,0,1213.9
OL-04385,ORD-11806,CUST-0525,PROD-031,2025-04-28,4,164.42,0,657.68
OL-04386,ORD-11806,CUST-0525,PROD-032,2025-04-28,2,129.73,0,259.46
OL-04387,ORD-11806,CUST-0525,PROD-008,2025-04-28,4,342.59,0.05,1301.84
OL-04388,ORD-11807,CUST-0525,PROD-001,2025-04-13,2,1226.38,0.2,1962.21
OL-04389,ORD-11808,CUST-0525,PROD-036,2024-11-24,3,97.89,0.2,234.94
OL-04390,ORD-11809,CUST-0526,PROD-033,2025-03-27,3,70.03,0.15,178.58
OL-04391,ORD-11809,CUST-0526,PROD-003,2025-03-27,3,722.82,0,2168.46
OL-04392,ORD-11809,CUST-0526,PROD-001,2025-03-27,2,1226.38,0,2452.76
OL-04393,ORD-11809,CUST-0526,PROD-011,2025-03-27,4,103.76,0,415.04
OL-04394,ORD-11810,CUST-0526,PROD-026,2025-07-03,5,54.35,0,271.75
OL-04395,ORD-11811,CUST-0527,PROD-036,2025-06-07,4,97.89,0.15,332.83
OL-04396,ORD-11811,CUST-0527,PROD-023,2025-06-07,4,88.43,0,353.72
OL-04397,ORD-11811,CUST-0527,PROD-030,2025-06-07,4,33.74,0.2,107.97
OL-04398,ORD-11811,CUST-0527,PROD-017,2025-06-07,4,242.78,0.15,825.45
OL-04399,ORD-11812,CUST-0528,PROD-028,2024-06-15,5,65.64,0.15,278.97
OL-04400,ORD-11813,CUST-0528,PROD-037,2024-08-29,2,23.39,0,46.78
OL-04401,ORD-11813,CUST-0528,PROD-024,2024-08-29,3,38.87,0,116.61
OL-04402,ORD-11814,CUST-0529,PROD-027,2025-02-19,3,52.67,0.2,126.41
OL-04403,ORD-11815,CUST-0530,PROD-005,2025-08-08,2,843.32,0,1686.64
OL-04404,ORD-11815,CUST-0530,PROD-001,2025-08-08,1,1226.38,0.2,981.1
OL-04405,ORD-11815,CUST-0530,PROD-031,2025-08-08,5,164.42,0.2,657.68
OL-04406,ORD-11815,CUST-0530,PROD-014,2025-08-08,3,487.6,0.2,1170.24
OL-04407,ORD-11816,CUST-0530,PROD-014,2025-11-11,2,487.6,0.1,877.68
OL-04408,ORD-11816,CUST-0530,PROD-008,2025-11-11,2,342.59,0,685.18
OL-04409,ORD-11816,CUST-0530,PROD-035,2025-11-11,5,75.75,0.2,303
OL-04410,ORD-11817,CUST-0531,PROD-015,2025-05-02,1,295.3,0,295.3
OL-04411,ORD-11818,CUST-0531,PROD-028,2025-10-18,5,65.64,0.2,262.56
OL-04412,ORD-11819,CUST-0532,PROD-021,2024-08-18,2,38.34,0,76.68
OL-04413,ORD-11820,CUST-0532,PROD-024,2024-11-16,1,38.87,0.05,36.93
OL-04414,ORD-11821,CUST-0532,PROD-036,2025-05-03,4,97.89,0.15,332.83
OL-04415,ORD-11821,CUST-0532,PROD-025,2025-05-03,2,25.5,0,51
OL-04416,ORD-11821,CUST-0532,PROD-019,2025-05-03,5,21.71,0.2,86.84
OL-04417,ORD-11822,CUST-0532,PROD-020,2025-02-17,1,37.73,0,37.73
OL-04418,ORD-11822,CUST-0532,PROD-036,2025-02-17,1,97.89,0,97.89
OL-04419,ORD-11823,CUST-0532,PROD-018,2024-09-10,4,9.52,0.05,36.18
OL-04420,ORD-11824,CUST-0532,PROD-032,2025-01-12,5,129.73,0.2,518.92
OL-04421,ORD-11824,CUST-0532,PROD-033,2025-01-12,4,70.03,0.2,224.1
OL-04422,ORD-11825,CUST-0532,PROD-031,2024-11-03,3,164.42,0,493.26
OL-04423,ORD-11825,CUST-0532,PROD-016,2024-11-03,1,189.62,0,189.62
OL-04424,ORD-11825,CUST-0532,PROD-036,2024-11-03,5,97.89,0.2,391.56
OL-04425,ORD-11826,CUST-0532,PROD-032,2024-10-11,2,129.73,0.1,233.51
OL-04426,ORD-11826,CUST-0532,PROD-022,2024-10-11,3,27.82,0.2,66.77
OL-04427,ORD-11826,CUST-0532,PROD-007,2024-10-11,5,511.33,0.05,2428.82
OL-04428,ORD-11826,CUST-0532,PROD-009,2024-10-11,5,89.78,0,448.9
OL-04429,ORD-11827,CUST-0532,PROD-017,2025-02-23,1,242.78,0.2,194.22
OL-04430,ORD-11827,CUST-0532,PROD-010,2025-02-23,5,121.48,0.05,577.03
OL-04431,ORD-11827,CUST-0532,PROD-025,2025-02-23,2,25.5,0,51
OL-04432,ORD-11828,CUST-0532,PROD-002,2025-09-12,3,505.32,0.2,1212.77
OL-04433,ORD-11828,CUST-0532,PROD-010,2025-09-12,3,121.48,0.05,346.22
OL-04434,ORD-11828,CUST-0532,PROD-019,2025-09-12,4,21.71,0.05,82.5
OL-04435,ORD-11828,CUST-0532,PROD-028,2025-09-12,2,65.64,0,131.28
OL-04436,ORD-11829,CUST-0532,PROD-029,2025-03-04,1,32.8,0,32.8
OL-04437,ORD-11830,CUST-0532,PROD-004,2025-04-25,4,921.23,0,3684.92
OL-04438,ORD-11830,CUST-0532,PROD-033,2025-04-25,3,70.03,0.05,199.59
OL-04439,ORD-11831,CUST-0532,PROD-031,2025-10-19,4,164.42,0.15,559.03
OL-04440,ORD-11831,CUST-0532,PROD-035,2025-10-19,1,75.75,0,75.75
OL-04441,ORD-11831,CUST-0532,PROD-015,2025-10-19,1,295.3,0.05,280.54
OL-04442,ORD-11832,CUST-0532,PROD-015,2025-02-11,2,295.3,0.05,561.07
OL-04443,ORD-11832,CUST-0532,PROD-034,2025-02-11,3,79.8,0.2,191.52
OL-04444,ORD-11832,CUST-0532,PROD-002,2025-02-11,1,505.32,0.2,404.26
OL-04445,ORD-11833,CUST-0532,PROD-030,2025-02-03,1,33.74,0,33.74
OL-04446,ORD-11833,CUST-0532,PROD-012,2025-02-03,5,109.67,0,548.35
OL-04447,ORD-11833,CUST-0532,PROD-025,2025-02-03,3,25.5,0,76.5
OL-04448,ORD-11834,CUST-0532,PROD-034,2025-10-01,2,79.8,0.1,143.64
OL-04449,ORD-11834,CUST-0532,PROD-026,2025-10-01,5,54.35,0.2,217.4
OL-04450,ORD-11834,CUST-0532,PROD-010,2025-10-01,3,121.48,0,364.44
OL-04451,ORD-11834,CUST-0532,PROD-029,2025-10-01,4,32.8,0.05,124.64
OL-04452,ORD-11835,CUST-0532,PROD-009,2025-04-09,4,89.78,0.15,305.25
OL-04453,ORD-11835,CUST-0532,PROD-001,2025-04-09,2,1226.38,0,2452.76
OL-04454,ORD-11835,CUST-0532,PROD-029,2025-04-09,4,32.8,0,131.2
OL-04455,ORD-11836,CUST-0532,PROD-022,2025-11-16,5,27.82,0.05,132.14
OL-04456,ORD-11836,CUST-0532,PROD-014,2025-11-16,4,487.6,0.05,1852.88
OL-04457,ORD-11837,CUST-0532,PROD-023,2025-08-22,2,88.43,0.1,159.17
OL-04458,ORD-11837,CUST-0532,PROD-009,2025-08-22,4,89.78,0.15,305.25
OL-04459,ORD-11838,CUST-0532,PROD-004,2025-05-18,5,921.23,0.1,4145.53
OL-04460,ORD-11838,CUST-0532,PROD-027,2025-05-18,4,52.67,0.1,189.61
OL-04461,ORD-11838,CUST-0532,PROD-002,2025-05-18,2,505.32,0,1010.64
OL-04462,ORD-11838,CUST-0532,PROD-017,2025-05-18,1,242.78,0.15,206.36
OL-04463,ORD-11839,CUST-0532,PROD-016,2025-02-20,3,189.62,0.2,455.09
OL-04464,ORD-11839,CUST-0532,PROD-017,2025-02-20,1,242.78,0.15,206.36
OL-04465,ORD-11839,CUST-0532,PROD-001,2025-02-20,5,1226.38,0.2,4905.52
OL-04466,ORD-11840,CUST-0532,PROD-031,2025-07-08,5,164.42,0.05,780.99
OL-04467,ORD-11840,CUST-0532,PROD-013,2025-07-08,1,134.4,0,134.4
OL-04468,ORD-11841,CUST-0532,PROD-028,2025-07-04,2,65.64,0.15,111.59
OL-04469,ORD-11841,CUST-0532,PROD-017,2025-07-04,3,242.78,0.05,691.92
OL-04470,ORD-11841,CUST-0532,PROD-001,2025-07-04,4,1226.38,0,4905.52
OL-04471,ORD-11841,CUST-0532,PROD-021,2025-07-04,4,38.34,0.1,138.02
OL-04472,ORD-11842,CUST-0532,PROD-032,2025-07-03,2,129.73,0.05,246.49
OL-04473,ORD-11842,CUST-0532,PROD-022,2025-07-03,1,27.82,0.1,25.04
OL-04474,ORD-11842,CUST-0532,PROD-023,2025-07-03,1,88.43,0,88.43
OL-04475,ORD-11842,CUST-0532,PROD-017,2025-07-03,5,242.78,0,1213.9
OL-04476,ORD-11843,CUST-0532,PROD-031,2024-11-16,4,164.42,0.15,559.03
OL-04477,ORD-11843,CUST-0532,PROD-014,2024-11-16,2,487.6,0.05,926.44
OL-04478,ORD-11844,CUST-0532,PROD-012,2025-09-10,2,109.67,0,219.34
OL-04479,ORD-11844,CUST-0532,PROD-004,2025-09-10,2,921.23,0.05,1750.34
OL-04480,ORD-11845,CUST-0532,PROD-005,2024-10-24,4,843.32,0.2,2698.62
OL-04481,ORD-11846,CUST-0532,PROD-028,2025-03-10,4,65.64,0,262.56
OL-04482,ORD-11846,CUST-0532,PROD-008,2025-03-10,1,342.59,0.2,274.07
OL-04483,ORD-11846,CUST-0532,PROD-032,2025-03-10,3,129.73,0,389.19
OL-04484,ORD-11846,CUST-0532,PROD-007,2025-03-10,5,511.33,0.1,2300.99
OL-04485,ORD-11847,CUST-0532,PROD-019,2025-03-11,3,21.71,0.2,52.1
OL-04486,ORD-11848,CUST-0532,PROD-037,2025-06-11,3,23.39,0,70.17
OL-04487,ORD-11848,CUST-0532,PROD-036,2025-06-11,1,97.89,0.2,78.31
OL-04488,ORD-11848,CUST-0532,PROD-015,2025-06-11,4,295.3,0.1,1063.08
OL-04489,ORD-11848,CUST-0532,PROD-003,2025-06-11,1,722.82,0,722.82
OL-04490,ORD-11849,CUST-0532,PROD-012,2025-06-28,2,109.67,0.15,186.44
OL-04491,ORD-11849,CUST-0532,PROD-002,2025-06-28,4,505.32,0.1,1819.15
OL-04492,ORD-11850,CUST-0532,PROD-007,2025-10-13,3,511.33,0,1533.99
OL-04493,ORD-11851,CUST-0532,PROD-018,2025-08-15,4,9.52,0.1,34.27
OL-04494,ORD-11851,CUST-0532,PROD-032,2025-08-15,1,129.73,0.2,103.78
OL-04495,ORD-11851,CUST-0532,PROD-005,2025-08-15,1,843.32,0.05,801.15
OL-04496,ORD-11851,CUST-0532,PROD-004,2025-08-15,4,921.23,0.2,2947.94
OL-04497,ORD-11852,CUST-0532,PROD-006,2024-09-11,2,689.21,0.05,1309.5
OL-04498,ORD-11852,CUST-0532,PROD-026,2024-09-11,1,54.35,0,54.35
OL-04499,ORD-11853,CUST-0532,PROD-003,2025-08-18,3,722.82,0.1,1951.61
OL-04500,ORD-11854,CUST-0532,PROD-012,2024-12-12,4,109.67,0,438.68
OL-04501,ORD-11854,CUST-0532,PROD-027,2024-12-12,3,52.67,0,158.01
OL-04502,ORD-11855,CUST-0532,PROD-008,2025-03-13,2,342.59,0.1,616.66
OL-04503,ORD-11855,CUST-0532,PROD-029,2025-03-13,3,32.8,0.2,78.72
OL-04504,ORD-11856,CUST-0532,PROD-016,2025-04-17,2,189.62,0.1,341.32
OL-04505,ORD-11856,CUST-0532,PROD-036,2025-04-17,1,97.89,0.15,83.21
OL-04506,ORD-11856,CUST-0532,PROD-001,2025-04-17,4,1226.38,0.2,3924.42
OL-04507,ORD-11856,CUST-0532,PROD-035,2025-04-17,3,75.75,0,227.25
OL-04508,ORD-11857,CUST-0532,PROD-023,2024-10-03,3,88.43,0,265.29
OL-04509,ORD-11857,CUST-0532,PROD-036,2024-10-03,5,97.89,0,489.45
OL-04510,ORD-11858,CUST-0532,PROD-009,2025-09-14,2,89.78,0.2,143.65
OL-04511,ORD-11858,CUST-0532,PROD-030,2025-09-14,4,33.74,0,134.96
OL-04512,ORD-11859,CUST-0533,PROD-011,2024-07-26,5,103.76,0,518.8
OL-04513,ORD-11860,CUST-0533,PROD-015,2025-10-04,5,295.3,0.2,1181.2
OL-04514,ORD-11860,CUST-0533,PROD-023,2025-10-04,4,88.43,0,353.72
OL-04515,ORD-11860,CUST-0533,PROD-004,2025-10-04,2,921.23,0.2,1473.97
OL-04516,ORD-11860,CUST-0533,PROD-020,2025-10-04,4,37.73,0.15,128.28
OL-04517,ORD-11861,CUST-0533,PROD-026,2025-03-12,2,54.35,0.1,97.83
OL-04518,ORD-11861,CUST-0533,PROD-022,2025-03-12,3,27.82,0,83.46
OL-04519,ORD-11861,CUST-0533,PROD-011,2025-03-12,2,103.76,0.1,186.77
OL-04520,ORD-11861,CUST-0533,PROD-030,2025-03-12,4,33.74,0,134.96
OL-04521,ORD-11862,CUST-0533,PROD-002,2025-06-25,5,505.32,0.2,2021.28
OL-04522,ORD-11862,CUST-0533,PROD-029,2025-06-25,5,32.8,0.05,155.8
OL-04523,ORD-11862,CUST-0533,PROD-001,2025-06-25,3,1226.38,0.2,2943.31
OL-04524,ORD-11863,CUST-0533,PROD-032,2024-08-11,2,129.73,0,259.46
OL-04525,ORD-11863,CUST-0533,PROD-024,2024-08-11,5,38.87,0,194.35
OL-04526,ORD-11863,CUST-0533,PROD-027,2024-08-11,1,52.67,0.1,47.4
OL-04527,ORD-11863,CUST-0533,PROD-002,2024-08-11,2,505.32,0.1,909.58
OL-04528,ORD-11864,CUST-0533,PROD-012,2024-09-02,3,109.67,0.2,263.21
OL-04529,ORD-11864,CUST-0533,PROD-005,2024-09-02,3,843.32,0.2,2023.97
OL-04530,ORD-11865,CUST-0533,PROD-018,2024-12-09,3,9.52,0.1,25.7
OL-04531,ORD-11866,CUST-0533,PROD-015,2025-05-30,2,295.3,0,590.6
OL-04532,ORD-11867,CUST-0533,PROD-016,2025-02-04,2,189.62,0,379.24
OL-04533,ORD-11867,CUST-0533,PROD-014,2025-02-04,2,487.6,0,975.2
OL-04534,ORD-11868,CUST-0533,PROD-003,2025-02-09,2,722.82,0.2,1156.51
OL-04535,ORD-11869,CUST-0533,PROD-023,2025-02-17,5,88.43,0.15,375.83
OL-04536,ORD-11869,CUST-0533,PROD-004,2025-02-17,2,921.23,0,1842.46
OL-04537,ORD-11869,CUST-0533,PROD-008,2025-02-17,3,342.59,0,1027.77
OL-04538,ORD-11870,CUST-0533,PROD-015,2025-09-21,4,295.3,0.1,1063.08
OL-04539,ORD-11871,CUST-0533,PROD-014,2025-04-25,2,487.6,0,975.2
OL-04540,ORD-11871,CUST-0533,PROD-013,2025-04-25,3,134.4,0.2,322.56
OL-04541,ORD-11871,CUST-0533,PROD-016,2025-04-25,2,189.62,0.05,360.28
OL-04542,ORD-11872,CUST-0533,PROD-028,2025-11-23,1,65.64,0.2,52.51
OL-04543,ORD-11872,CUST-0533,PROD-009,2025-11-23,5,89.78,0,448.9
OL-04544,ORD-11873,CUST-0533,PROD-008,2025-02-03,3,342.59,0.2,822.22
OL-04545,ORD-11873,CUST-0533,PROD-009,2025-02-03,3,89.78,0,269.34
OL-04546,ORD-11874,CUST-0533,PROD-029,2024-10-31,3,32.8,0.2,78.72
OL-04547,ORD-11875,CUST-0533,PROD-021,2025-06-12,2,38.34,0,76.68
OL-04548,ORD-11875,CUST-0533,PROD-009,2025-06-12,4,89.78,0.05,341.16
OL-04549,ORD-11875,CUST-0533,PROD-004,2025-06-12,2,921.23,0,1842.46
OL-04550,ORD-11875,CUST-0533,PROD-008,2025-06-12,4,342.59,0.05,1301.84
OL-04551,ORD-11876,CUST-0533,PROD-018,2025-01-15,1,9.52,0.05,9.04
OL-04552,ORD-11876,CUST-0533,PROD-011,2025-01-15,2,103.76,0.1,186.77
OL-04553,ORD-11876,CUST-0533,PROD-005,2025-01-15,3,843.32,0.15,2150.47
OL-04554,ORD-11877,CUST-0533,PROD-029,2024-09-26,5,32.8,0.2,131.2
OL-04555,ORD-11877,CUST-0533,PROD-022,2024-09-26,1,27.82,0.1,25.04
OL-04556,ORD-11878,CUST-0533,PROD-026,2024-10-16,1,54.35,0.15,46.2
OL-04557,ORD-11878,CUST-0533,PROD-029,2024-10-16,2,32.8,0,65.6
OL-04558,ORD-11879,CUST-0533,PROD-015,2025-04-13,4,295.3,0.2,944.96
OL-04559,ORD-11879,CUST-0533,PROD-026,2025-04-13,3,54.35,0.05,154.9
OL-04560,ORD-11879,CUST-0533,PROD-009,2025-04-13,3,89.78,0,269.34
OL-04561,ORD-11880,CUST-0533,PROD-017,2025-07-17,1,242.78,0.1,218.5
OL-04562,ORD-11880,CUST-0533,PROD-025,2025-07-17,4,25.5,0,102
OL-04563,ORD-11880,CUST-0533,PROD-007,2025-07-17,4,511.33,0.2,1636.26
OL-04564,ORD-11880,CUST-0533,PROD-010,2025-07-17,2,121.48,0,242.96
OL-04565,ORD-11881,CUST-0533,PROD-035,2024-08-12,3,75.75,0.2,181.8
OL-04566,ORD-11881,CUST-0533,PROD-018,2024-08-12,2,9.52,0,19.04
OL-04567,ORD-11882,CUST-0533,PROD-011,2024-09-10,1,103.76,0,103.76
OL-04568,ORD-11882,CUST-0533,PROD-007,2024-09-10,2,511.33,0.2,818.13
OL-04569,ORD-11883,CUST-0533,PROD-001,2025-01-26,3,1226.38,0,3679.14
OL-04570,ORD-11883,CUST-0533,PROD-021,2025-01-26,2,38.34,0,76.68
OL-04571,ORD-11883,CUST-0533,PROD-007,2025-01-26,5,511.33,0.15,2173.15
OL-04572,ORD-11884,CUST-0533,PROD-016,2024-10-02,4,189.62,0.05,720.56
OL-04573,ORD-11884,CUST-0533,PROD-004,2024-10-02,5,921.23,0.05,4375.84
OL-04574,ORD-11884,CUST-0533,PROD-034,2024-10-02,2,79.8,0,159.6
OL-04575,ORD-11885,CUST-0533,PROD-024,2025-04-05,2,38.87,0,77.74
OL-04576,ORD-11885,CUST-0533,PROD-017,2025-04-05,1,242.78,0.1,218.5
OL-04577,ORD-11886,CUST-0533,PROD-017,2025-05-16,5,242.78,0.2,971.12
OL-04578,ORD-11886,CUST-0533,PROD-021,2025-05-16,1,38.34,0.1,34.51
OL-04579,ORD-11887,CUST-0533,PROD-020,2024-11-10,5,37.73,0.05,179.22
OL-04580,ORD-11888,CUST-0533,PROD-028,2025-04-19,4,65.64,0.15,223.18
OL-04581,ORD-11889,CUST-0533,PROD-014,2025-02-21,2,487.6,0.1,877.68
OL-04582,ORD-11889,CUST-0533,PROD-016,2025-02-21,5,189.62,0.1,853.29
OL-04583,ORD-11890,CUST-0533,PROD-007,2025-03-18,2,511.33,0,1022.66
OL-04584,ORD-11890,CUST-0533,PROD-023,2025-03-18,4,88.43,0.15,300.66
OL-04585,ORD-11890,CUST-0533,PROD-004,2025-03-18,5,921.23,0.15,3915.23
OL-04586,ORD-11891,CUST-0533,PROD-018,2025-01-05,5,9.52,0.2,38.08
OL-04587,ORD-11891,CUST-0533,PROD-004,2025-01-05,3,921.23,0.15,2349.14
OL-04588,ORD-11891,CUST-0533,PROD-034,2025-01-05,5,79.8,0.1,359.1
OL-04589,ORD-11891,CUST-0533,PROD-022,2025-01-05,2,27.82,0.2,44.51
OL-04590,ORD-11892,CUST-0533,PROD-021,2025-08-23,4,38.34,0,153.36
OL-04591,ORD-11892,CUST-0533,PROD-028,2025-08-23,4,65.64,0.2,210.05
OL-04592,ORD-11893,CUST-0533,PROD-033,2024-11-06,3,70.03,0.05,199.59
OL-04593,ORD-11894,CUST-0533,PROD-011,2025-04-13,3,103.76,0,311.28
OL-04594,ORD-11894,CUST-0533,PROD-024,2025-04-13,3,38.87,0.15,99.12
OL-04595,ORD-11895,CUST-0533,PROD-026,2025-02-17,2,54.35,0.1,97.83
OL-04596,ORD-11896,CUST-0533,PROD-012,2024-10-30,1,109.67,0.2,87.74
OL-04597,ORD-11896,CUST-0533,PROD-023,2024-10-30,1,88.43,0.1,79.59
OL-04598,ORD-11897,CUST-0533,PROD-026,2024-11-11,4,54.35,0,217.4
OL-04599,ORD-11897,CUST-0533,PROD-011,2024-11-11,5,103.76,0.05,492.86
OL-04600,ORD-11897,CUST-0533,PROD-020,2024-11-11,2,37.73,0.1,67.91
OL-04601,ORD-11898,CUST-0533,PROD-012,2025-09-03,2,109.67,0.2,175.47
OL-04602,ORD-11898,CUST-0533,PROD-001,2025-09-03,2,1226.38,0,2452.76
OL-04603,ORD-11898,CUST-0533,PROD-006,2025-09-03,3,689.21,0,2067.63
OL-04604,ORD-11899,CUST-0534,PROD-001,2024-05-14,4,1226.38,0,4905.52
OL-04605,ORD-11899,CUST-0534,PROD-027,2024-05-14,4,52.67,0,210.68
OL-04606,ORD-11900,CUST-0534,PROD-026,2024-08-05,1,54.35,0.1,48.91
OL-04607,ORD-11900,CUST-0534,PROD-001,2024-08-05,3,1226.38,0.05,3495.18
OL-04608,ORD-11900,CUST-0534,PROD-017,2024-08-05,2,242.78,0,485.56
OL-04609,ORD-11900,CUST-0534,PROD-022,2024-08-05,1,27.82,0.05,26.43
OL-04610,ORD-11901,CUST-0534,PROD-003,2025-07-31,5,722.82,0,3614.1
OL-04611,ORD-11901,CUST-0534,PROD-002,2025-07-31,1,505.32,0.15,429.52
OL-04612,ORD-11901,CUST-0534,PROD-015,2025-07-31,1,295.3,0.1,265.77
OL-04613,ORD-11902,CUST-0534,PROD-024,2024-09-18,5,38.87,0.1,174.91
OL-04614,ORD-11902,CUST-0534,PROD-013,2024-09-18,2,134.4,0,268.8
OL-04615,ORD-11903,CUST-0534,PROD-030,2024-08-19,4,33.74,0.2,107.97
OL-04616,ORD-11903,CUST-0534,PROD-006,2024-08-19,1,689.21,0.15,585.83
OL-04617,ORD-11903,CUST-0534,PROD-015,2024-08-19,1,295.3,0.05,280.54
OL-04618,ORD-11904,CUST-0534,PROD-030,2024-06-08,1,33.74,0,33.74
OL-04619,ORD-11904,CUST-0534,PROD-032,2024-06-08,4,129.73,0,518.92
OL-04620,ORD-11905,CUST-0535,PROD-027,2025-02-05,1,52.67,0.05,50.04
OL-04621,ORD-11906,CUST-0535,PROD-026,2025-10-01,2,54.35,0.15,92.39
OL-04622,ORD-11906,CUST-0535,PROD-019,2025-10-01,5,21.71,0.15,92.27
OL-04623,ORD-11907,CUST-0536,PROD-001,2025-04-03,5,1226.38,0,6131.9
OL-04624,ORD-11908,CUST-0536,PROD-012,2025-08-12,1,109.67,0.05,104.19
OL-04625,ORD-11908,CUST-0536,PROD-013,2025-08-12,4,134.4,0.15,456.96
OL-04626,ORD-11908,CUST-0536,PROD-018,2025-08-12,2,9.52,0.2,15.23
OL-04627,ORD-11908,CUST-0536,PROD-028,2025-08-12,2,65.64,0.15,111.59
OL-04628,ORD-11909,CUST-0536,PROD-013,2025-06-13,1,134.4,0,134.4
OL-04629,ORD-11909,CUST-0536,PROD-027,2025-06-13,5,52.67,0,263.35
OL-04630,ORD-11910,CUST-0536,PROD-028,2025-09-09,3,65.64,0,196.92
OL-04631,ORD-11911,CUST-0537,PROD-025,2025-01-04,3,25.5,0,76.5
OL-04632,ORD-11912,CUST-0538,PROD-008,2024-10-22,2,342.59,0.05,650.92
OL-04633,ORD-11912,CUST-0538,PROD-013,2024-10-22,4,134.4,0.15,456.96
OL-04634,ORD-11912,CUST-0538,PROD-030,2024-10-22,4,33.74,0.1,121.46
OL-04635,ORD-11913,CUST-0538,PROD-027,2025-05-10,3,52.67,0.1,142.21
OL-04636,ORD-11913,CUST-0538,PROD-003,2025-05-10,3,722.82,0,2168.46
OL-04637,ORD-11913,CUST-0538,PROD-028,2025-05-10,5,65.64,0,328.2
OL-04638,ORD-11913,CUST-0538,PROD-014,2025-05-10,3,487.6,0.05,1389.66
OL-04639,ORD-11914,CUST-0539,PROD-031,2025-11-07,3,164.42,0.2,394.61
OL-04640,ORD-11915,CUST-0540,PROD-002,2024-08-06,2,505.32,0,1010.64
OL-04641,ORD-11915,CUST-0540,PROD-006,2024-08-06,3,689.21,0.15,1757.49
OL-04642,ORD-11915,CUST-0540,PROD-032,2024-08-06,2,129.73,0,259.46
OL-04643,ORD-11915,CUST-0540,PROD-037,2024-08-06,2,23.39,0,46.78
OL-04644,ORD-11916,CUST-0541,PROD-029,2025-08-10,3,32.8,0.2,78.72
OL-04645,ORD-11916,CUST-0541,PROD-020,2025-08-10,3,37.73,0,113.19
OL-04646,ORD-11917,CUST-0542,PROD-015,2024-11-01,3,295.3,0.05,841.61
OL-04647,ORD-11917,CUST-0542,PROD-018,2024-11-01,3,9.52,0.2,22.85
OL-04648,ORD-11918,CUST-0542,PROD-037,2025-02-24,2,23.39,0,46.78
OL-04649,ORD-11918,CUST-0542,PROD-017,2025-02-24,3,242.78,0.2,582.67
OL-04650,ORD-11918,CUST-0542,PROD-029,2025-02-24,5,32.8,0,164
OL-04651,ORD-11918,CUST-0542,PROD-001,2025-02-24,2,1226.38,0.05,2330.12
OL-04652,ORD-11919,CUST-0543,PROD-027,2024-11-28,5,52.67,0,263.35
OL-04653,ORD-11919,CUST-0543,PROD-036,2024-11-28,3,97.89,0.15,249.62
OL-04654,ORD-11920,CUST-0543,PROD-013,2025-08-09,4,134.4,0.15,456.96
OL-04655,ORD-11920,CUST-0543,PROD-034,2025-08-09,3,79.8,0,239.4
OL-04656,ORD-11921,CUST-0544,PROD-001,2024-10-22,5,1226.38,0,6131.9
OL-04657,ORD-11922,CUST-0544,PROD-021,2025-03-02,2,38.34,0,76.68
OL-04658,ORD-11922,CUST-0544,PROD-031,2025-03-02,4,164.42,0.15,559.03
OL-04659,ORD-11922,CUST-0544,PROD-018,2025-03-02,3,9.52,0,28.56
OL-04660,ORD-11923,CUST-0544,PROD-003,2025-04-19,5,722.82,0.2,2891.28
OL-04661,ORD-11924,CUST-0544,PROD-035,2025-02-26,1,75.75,0,75.75
OL-04662,ORD-11924,CUST-0544,PROD-005,2025-02-26,4,843.32,0.2,2698.62
OL-04663,ORD-11924,CUST-0544,PROD-017,2025-02-26,4,242.78,0.15,825.45
OL-04664,ORD-11924,CUST-0544,PROD-028,2025-02-26,1,65.64,0,65.64
OL-04665,ORD-11925,CUST-0544,PROD-033,2025-02-27,2,70.03,0.05,133.06
OL-04666,ORD-11925,CUST-0544,PROD-034,2025-02-27,1,79.8,0.05,75.81
OL-04667,ORD-11925,CUST-0544,PROD-017,2025-02-27,4,242.78,0,971.12
OL-04668,ORD-11925,CUST-0544,PROD-018,2025-02-27,5,9.52,0.2,38.08
OL-04669,ORD-11926,CUST-0544,PROD-027,2025-06-25,2,52.67,0.15,89.54
OL-04670,ORD-11926,CUST-0544,PROD-017,2025-06-25,4,242.78,0.2,776.9
OL-04671,ORD-11926,CUST-0544,PROD-030,2025-06-25,2,33.74,0.05,64.11
OL-04672,ORD-11927,CUST-0544,PROD-024,2025-08-16,3,38.87,0.15,99.12
OL-04673,ORD-11928,CUST-0544,PROD-034,2024-12-20,1,79.8,0,79.8
OL-04674,ORD-11928,CUST-0544,PROD-037,2024-12-20,4,23.39,0.05,88.88
OL-04675,ORD-11928,CUST-0544,PROD-003,2024-12-20,2,722.82,0.1,1301.08
OL-04676,ORD-11929,CUST-0545,PROD-001,2025-11-27,5,1226.38,0,6131.9
OL-04677,ORD-11930,CUST-0546,PROD-036,2024-04-08,2,97.89,0,195.78
OL-04678,ORD-11930,CUST-0546,PROD-025,2024-04-08,4,25.5,0.2,81.6
OL-04679,ORD-11930,CUST-0546,PROD-002,2024-04-08,4,505.32,0,2021.28
OL-04680,ORD-11930,CUST-0546,PROD-019,2024-04-08,3,21.71,0,65.13
OL-04681,ORD-11931,CUST-0546,PROD-029,2024-08-17,4,32.8,0.1,118.08
OL-04682,ORD-11931,CUST-0546,PROD-018,2024-08-17,5,9.52,0,47.6
OL-04683,ORD-11932,CUST-0546,PROD-026,2024-08-09,4,54.35,0.15,184.79
OL-04684,ORD-11933,CUST-0547,PROD-002,2025-02-10,4,505.32,0.15,1718.09
OL-04685,ORD-11933,CUST-0547,PROD-026,2025-02-10,1,54.35,0.1,48.91
OL-04686,ORD-11934,CUST-0548,PROD-012,2024-06-04,4,109.67,0.2,350.94
OL-04687,ORD-11934,CUST-0548,PROD-027,2024-06-04,4,52.67,0.1,189.61
OL-04688,ORD-11935,CUST-0548,PROD-006,2025-05-13,4,689.21,0.1,2481.16
OL-04689,ORD-11935,CUST-0548,PROD-002,2025-05-13,5,505.32,0.05,2400.27
OL-04690,ORD-11935,CUST-0548,PROD-033,2025-05-13,3,70.03,0,210.09
OL-04691,ORD-11936,CUST-0548,PROD-003,2025-03-03,2,722.82,0.1,1301.08
OL-04692,ORD-11936,CUST-0548,PROD-025,2025-03-03,4,25.5,0,102
OL-04693,ORD-11936,CUST-0548,PROD-031,2025-03-03,3,164.42,0.15,419.27
OL-04694,ORD-11937,CUST-0548,PROD-033,2025-08-09,4,70.03,0,280.12
OL-04695,ORD-11937,CUST-0548,PROD-031,2025-08-09,3,164.42,0.2,394.61
OL-04696,ORD-11938,CUST-0548,PROD-002,2025-05-11,2,505.32,0,1010.64
OL-04697,ORD-11938,CUST-0548,PROD-020,2025-05-11,1,37.73,0.15,32.07
OL-04698,ORD-11938,CUST-0548,PROD-037,2025-05-11,4,23.39,0,93.56
OL-04699,ORD-11939,CUST-0548,PROD-005,2024-10-31,1,843.32,0.05,801.15
OL-04700,ORD-11939,CUST-0548,PROD-035,2024-10-31,4,75.75,0,303
OL-04701,ORD-11939,CUST-0548,PROD-026,2024-10-31,2,54.35,0.2,86.96
OL-04702,ORD-11939,CUST-0548,PROD-029,2024-10-31,1,32.8,0.2,26.24
OL-04703,ORD-11940,CUST-0548,PROD-011,2024-07-24,2,103.76,0.2,166.02
OL-04704,ORD-11940,CUST-0548,PROD-037,2024-07-24,5,23.39,0.1,105.26
OL-04705,ORD-11940,CUST-0548,PROD-001,2024-07-24,2,1226.38,0.2,1962.21
OL-04706,ORD-11940,CUST-0548,PROD-031,2024-07-24,5,164.42,0.2,657.68
OL-04707,ORD-11941,CUST-0548,PROD-037,2025-04-30,5,23.39,0,116.95
OL-04708,ORD-11942,CUST-0549,PROD-036,2025-03-15,2,97.89,0.05,185.99
OL-04709,ORD-11943,CUST-0550,PROD-015,2024-12-17,1,295.3,0.05,280.54
OL-04710,ORD-11943,CUST-0550,PROD-030,2024-12-17,1,33.74,0.1,30.37
OL-04711,ORD-11944,CUST-0550,PROD-017,2025-08-05,5,242.78,0,1213.9
OL-04712,ORD-11944,CUST-0550,PROD-011,2025-08-05,2,103.76,0,207.52
OL-04713,ORD-11944,CUST-0550,PROD-026,2025-08-05,2,54.35,0.15,92.39
OL-04714,ORD-11945,CUST-0550,PROD-006,2025-12-23,3,689.21,0,2067.63
OL-04715,ORD-11945,CUST-0550,PROD-016,2025-12-23,5,189.62,0.15,805.88
OL-04716,ORD-11946,CUST-0550,PROD-019,2025-01-10,3,21.71,0.2,52.1
OL-04717,ORD-11947,CUST-0550,PROD-029,2025-10-17,1,32.8,0.1,29.52
OL-04718,ORD-11947,CUST-0550,PROD-002,2025-10-17,3,505.32,0.2,1212.77
OL-04719,ORD-11947,CUST-0550,PROD-025,2025-10-17,5,25.5,0.05,121.12
OL-04720,ORD-11947,CUST-0550,PROD-012,2025-10-17,2,109.67,0,219.34
OL-04721,ORD-11948,CUST-0550,PROD-034,2025-07-08,2,79.8,0.1,143.64
OL-04722,ORD-11948,CUST-0550,PROD-011,2025-07-08,5,103.76,0.15,440.98
OL-04723,ORD-11948,CUST-0550,PROD-018,2025-07-08,3,9.52,0.15,24.28
OL-04724,ORD-11949,CUST-0551,PROD-010,2025-05-27,1,121.48,0.05,115.41
OL-04725,ORD-11950,CUST-0552,PROD-027,2025-05-20,4,52.67,0.1,189.61
OL-04726,ORD-11951,CUST-0553,PROD-025,2024-03-01,4,25.5,0.15,86.7
OL-04727,ORD-11952,CUST-0553,PROD-008,2024-08-01,5,342.59,0.1,1541.65
OL-04728,ORD-11952,CUST-0553,PROD-022,2024-08-01,1,27.82,0,27.82
OL-04729,ORD-11953,CUST-0553,PROD-010,2024-09-26,3,121.48,0,364.44
OL-04730,ORD-11953,CUST-0553,PROD-033,2024-09-26,2,70.03,0.05,133.06
OL-04731,ORD-11953,CUST-0553,PROD-006,2024-09-26,1,689.21,0,689.21
OL-04732,ORD-11954,CUST-0553,PROD-010,2024-11-14,4,121.48,0.15,413.03
OL-04733,ORD-11955,CUST-0553,PROD-029,2024-08-15,1,32.8,0,32.8
OL-04734,ORD-11956,CUST-0553,PROD-034,2024-03-31,1,79.8,0.05,75.81
OL-04735,ORD-11957,CUST-0554,PROD-010,2024-11-16,5,121.48,0,607.4
OL-04736,ORD-11957,CUST-0554,PROD-034,2024-11-16,3,79.8,0.2,191.52
OL-04737,ORD-11957,CUST-0554,PROD-011,2024-11-16,3,103.76,0.2,249.02
OL-04738,ORD-11957,CUST-0554,PROD-027,2024-11-16,5,52.67,0,263.35
OL-04739,ORD-11958,CUST-0554,PROD-002,2025-12-21,4,505.32,0,2021.28
OL-04740,ORD-11959,CUST-0554,PROD-037,2025-08-22,3,23.39,0,70.17
OL-04741,ORD-11959,CUST-0554,PROD-012,2025-08-22,1,109.67,0.05,104.19
OL-04742,ORD-11959,CUST-0554,PROD-030,2025-08-22,5,33.74,0,168.7
OL-04743,ORD-11960,CUST-0554,PROD-025,2025-07-05,1,25.5,0,25.5
OL-04744,ORD-11961,CUST-0555,PROD-026,2025-02-15,1,54.35,0.1,48.91
OL-04745,ORD-11961,CUST-0555,PROD-009,2025-02-15,2,89.78,0.2,143.65
OL-04746,ORD-11961,CUST-0555,PROD-001,2025-02-15,1,1226.38,0,1226.38
OL-04747,ORD-11961,CUST-0555,PROD-036,2025-02-15,5,97.89,0,489.45
OL-04748,ORD-11962,CUST-0555,PROD-012,2025-10-21,4,109.67,0,438.68
OL-04749,ORD-11963,CUST-0556,PROD-018,2024-10-24,5,9.52,0.05,45.22
OL-04750,ORD-11963,CUST-0556,PROD-014,2024-10-24,2,487.6,0.15,828.92
OL-04751,ORD-11963,CUST-0556,PROD-021,2024-10-24,3,38.34,0,115.02
OL-04752,ORD-11964,CUST-0556,PROD-001,2025-08-02,2,1226.38,0,2452.76
OL-04753,ORD-11964,CUST-0556,PROD-006,2025-08-02,2,689.21,0.15,1171.66
OL-04754,ORD-11964,CUST-0556,PROD-012,2025-08-02,3,109.67,0,329.01
OL-04755,ORD-11964,CUST-0556,PROD-019,2025-08-02,4,21.71,0.1,78.16
OL-04756,ORD-11965,CUST-0556,PROD-010,2024-11-17,2,121.48,0.05,230.81
OL-04757,ORD-11966,CUST-0556,PROD-001,2025-05-13,5,1226.38,0,6131.9
OL-04758,ORD-11966,CUST-0556,PROD-012,2025-05-13,5,109.67,0.05,520.93
OL-04759,ORD-11967,CUST-0557,PROD-016,2025-05-29,5,189.62,0.05,900.69
OL-04760,ORD-11968,CUST-0558,PROD-001,2025-05-12,4,1226.38,0,4905.52
OL-04761,ORD-11968,CUST-0558,PROD-009,2025-05-12,2,89.78,0.2,143.65
OL-04762,ORD-11968,CUST-0558,PROD-019,2025-05-12,3,21.71,0,65.13
OL-04763,ORD-11968,CUST-0558,PROD-016,2025-05-12,3,189.62,0,568.86
OL-04764,ORD-11969,CUST-0559,PROD-017,2025-03-23,4,242.78,0.2,776.9
OL-04765,ORD-11969,CUST-0559,PROD-033,2025-03-23,3,70.03,0.2,168.07
OL-04766,ORD-11969,CUST-0559,PROD-006,2025-03-23,3,689.21,0.15,1757.49
OL-04767,ORD-11969,CUST-0559,PROD-035,2025-03-23,1,75.75,0,75.75
OL-04768,ORD-11970,CUST-0560,PROD-033,2024-05-10,1,70.03,0,70.03
OL-04769,ORD-11970,CUST-0560,PROD-035,2024-05-10,5,75.75,0.05,359.81
OL-04770,ORD-11970,CUST-0560,PROD-010,2024-05-10,4,121.48,0,485.92
OL-04771,ORD-11971,CUST-0560,PROD-018,2025-02-14,2,9.52,0,19.04
OL-04772,ORD-11971,CUST-0560,PROD-026,2025-02-14,2,54.35,0,108.7
OL-04773,ORD-11971,CUST-0560,PROD-027,2025-02-14,4,52.67,0,210.68
OL-04774,ORD-11972,CUST-0560,PROD-030,2024-12-06,5,33.74,0,168.7
OL-04775,ORD-11972,CUST-0560,PROD-034,2024-12-06,2,79.8,0,159.6
OL-04776,ORD-11972,CUST-0560,PROD-027,2024-12-06,5,52.67,0,263.35
OL-04777,ORD-11972,CUST-0560,PROD-019,2024-12-06,5,21.71,0.2,86.84
OL-04778,ORD-11973,CUST-0560,PROD-009,2025-01-28,3,89.78,0,269.34
OL-04779,ORD-11973,CUST-0560,PROD-004,2025-01-28,5,921.23,0.1,4145.53
OL-04780,ORD-11974,CUST-0560,PROD-011,2024-12-09,5,103.76,0.1,466.92
OL-04781,ORD-11974,CUST-0560,PROD-027,2024-12-09,2,52.67,0,105.34
OL-04782,ORD-11975,CUST-0560,PROD-026,2024-12-07,5,54.35,0.05,258.16
OL-04783,ORD-11975,CUST-0560,PROD-005,2024-12-07,2,843.32,0,1686.64
OL-04784,ORD-11975,CUST-0560,PROD-030,2024-12-07,3,33.74,0.05,96.16
OL-04785,ORD-11975,CUST-0560,PROD-037,2024-12-07,5,23.39,0.1,105.26
OL-04786,ORD-11976,CUST-0560,PROD-036,2025-09-02,2,97.89,0,195.78
OL-04787,ORD-11976,CUST-0560,PROD-016,2025-09-02,5,189.62,0.15,805.88
OL-04788,ORD-11977,CUST-0561,PROD-036,2024-06-16,4,97.89,0.1,352.4
OL-04789,ORD-11977,CUST-0561,PROD-033,2024-06-16,2,70.03,0,140.06
OL-04790,ORD-11977,CUST-0561,PROD-030,2024-06-16,4,33.74,0,134.96
OL-04791,ORD-11977,CUST-0561,PROD-032,2024-06-16,3,129.73,0,389.19
OL-04792,ORD-11978,CUST-0561,PROD-034,2024-11-04,5,79.8,0.2,319.2
OL-04793,ORD-11978,CUST-0561,PROD-012,2024-11-04,3,109.67,0.1,296.11
OL-04794,ORD-11978,CUST-0561,PROD-004,2024-11-04,2,921.23,0,1842.46
OL-04795,ORD-11979,CUST-0561,PROD-034,2024-12-15,5,79.8,0,399
OL-04796,ORD-11979,CUST-0561,PROD-013,2024-12-15,2,134.4,0,268.8
OL-04797,ORD-11980,CUST-0561,PROD-002,2025-01-23,1,505.32,0,505.32
OL-04798,ORD-11981,CUST-0561,PROD-004,2024-11-26,2,921.23,0.2,1473.97
OL-04799,ORD-11981,CUST-0561,PROD-030,2024-11-26,5,33.74,0.15,143.4
OL-04800,ORD-11981,CUST-0561,PROD-026,2024-11-26,1,54.35,0.2,43.48
OL-04801,ORD-11982,CUST-0561,PROD-003,2024-12-04,5,722.82,0,3614.1
OL-04802,ORD-11982,CUST-0561,PROD-019,2024-12-04,2,21.71,0,43.42
OL-04803,ORD-11983,CUST-0561,PROD-014,2024-08-30,5,487.6,0.2,1950.4
OL-04804,ORD-11984,CUST-0561,PROD-021,2025-04-21,2,38.34,0,76.68
OL-04805,ORD-11984,CUST-0561,PROD-010,2025-04-21,5,121.48,0.1,546.66
OL-04806,ORD-11984,CUST-0561,PROD-035,2025-04-21,5,75.75,0.05,359.81
OL-04807,ORD-11984,CUST-0561,PROD-031,2025-04-21,3,164.42,0.2,394.61
OL-04808,ORD-11985,CUST-0561,PROD-020,2025-06-09,1,37.73,0,37.73
OL-04809,ORD-11985,CUST-0561,PROD-011,2025-06-09,5,103.76,0.15,440.98
OL-04810,ORD-11985,CUST-0561,PROD-009,2025-06-09,2,89.78,0,179.56
OL-04811,ORD-11985,CUST-0561,PROD-019,2025-06-09,5,21.71,0,108.55
OL-04812,ORD-11986,CUST-0562,PROD-015,2025-11-11,4,295.3,0.05,1122.14
OL-04813,ORD-11986,CUST-0562,PROD-002,2025-11-11,4,505.32,0.1,1819.15
OL-04814,ORD-11986,CUST-0562,PROD-037,2025-11-11,1,23.39,0.1,21.05
OL-04815,ORD-11987,CUST-0563,PROD-036,2024-08-04,5,97.89,0.2,391.56
OL-04816,ORD-11987,CUST-0563,PROD-026,2024-08-04,5,54.35,0.2,217.4
OL-04817,ORD-11987,CUST-0563,PROD-009,2024-08-04,1,89.78,0.15,76.31
OL-04818,ORD-11988,CUST-0564,PROD-026,2024-05-23,1,54.35,0,54.35
OL-04819,ORD-11988,CUST-0564,PROD-035,2024-05-23,4,75.75,0.15,257.55
OL-04820,ORD-11988,CUST-0564,PROD-009,2024-05-23,3,89.78,0,269.34
OL-04821,ORD-11989,CUST-0565,PROD-029,2025-03-10,5,32.8,0.05,155.8
OL-04822,ORD-11990,CUST-0565,PROD-034,2025-10-20,4,79.8,0.1,287.28
OL-04823,ORD-11991,CUST-0565,PROD-010,2025-09-11,2,121.48,0.2,194.37
OL-04824,ORD-11991,CUST-0565,PROD-019,2025-09-11,3,21.71,0.05,61.87
OL-04825,ORD-11991,CUST-0565,PROD-001,2025-09-11,3,1226.38,0,3679.14
OL-04826,ORD-11991,CUST-0565,PROD-020,2025-09-11,2,37.73,0,75.46
OL-04827,ORD-11992,CUST-0566,PROD-013,2025-11-06,4,134.4,0.15,456.96
OL-04828,ORD-11993,CUST-0567,PROD-007,2025-10-05,4,511.33,0.05,1943.05
OL-04829,ORD-11993,CUST-0567,PROD-001,2025-10-05,2,1226.38,0.15,2084.85
OL-04830,ORD-11993,CUST-0567,PROD-004,2025-10-05,2,921.23,0,1842.46
OL-04831,ORD-11993,CUST-0567,PROD-032,2025-10-05,4,129.73,0,518.92
OL-04832,ORD-11994,CUST-0567,PROD-027,2025-11-20,5,52.67,0.2,210.68
OL-04833,ORD-11994,CUST-0567,PROD-006,2025-11-20,2,689.21,0,1378.42
OL-04834,ORD-11995,CUST-0568,PROD-005,2025-10-28,4,843.32,0,3373.28
OL-04835,ORD-11995,CUST-0568,PROD-013,2025-10-28,2,134.4,0.05,255.36
OL-04836,ORD-11995,CUST-0568,PROD-034,2025-10-28,1,79.8,0,79.8
OL-04837,ORD-11996,CUST-0569,PROD-019,2024-04-12,3,21.71,0.2,52.1
OL-04838,ORD-11996,CUST-0569,PROD-020,2024-04-12,4,37.73,0,150.92
OL-04839,ORD-11997,CUST-0569,PROD-018,2025-02-02,4,9.52,0.05,36.18
OL-04840,ORD-11998,CUST-0569,PROD-035,2024-05-10,3,75.75,0,227.25
OL-04841,ORD-11998,CUST-0569,PROD-027,2024-05-10,1,52.67,0.15,44.77
OL-04842,ORD-11998,CUST-0569,PROD-009,2024-05-10,4,89.78,0.05,341.16
OL-04843,ORD-11998,CUST-0569,PROD-015,2024-05-10,3,295.3,0,885.9
OL-04844,ORD-11999,CUST-0569,PROD-031,2025-05-30,1,164.42,0.15,139.76
OL-04845,ORD-12000,CUST-0569,PROD-006,2025-02-06,2,689.21,0.2,1102.74
OL-04846,ORD-12000,CUST-0569,PROD-031,2025-02-06,5,164.42,0.1,739.89
OL-04847,ORD-12000,CUST-0569,PROD-016,2025-02-06,3,189.62,0,568.86
OL-04848,ORD-12001,CUST-0569,PROD-025,2024-09-11,1,25.5,0.1,22.95
OL-04849,ORD-12001,CUST-0569,PROD-013,2024-09-11,1,134.4,0.1,120.96
OL-04850,ORD-12001,CUST-0569,PROD-017,2024-09-11,3,242.78,0.1,655.51
OL-04851,ORD-12002,CUST-0569,PROD-023,2024-04-27,1,88.43,0,88.43
OL-04852,ORD-12002,CUST-0569,PROD-035,2024-04-27,4,75.75,0,303
OL-04853,ORD-12002,CUST-0569,PROD-006,2024-04-27,3,689.21,0.15,1757.49
OL-04854,ORD-12003,CUST-0569,PROD-024,2025-06-10,1,38.87,0.15,33.04
OL-04855,ORD-12003,CUST-0569,PROD-016,2025-06-10,4,189.62,0.2,606.78
OL-04856,ORD-12003,CUST-0569,PROD-008,2025-06-10,4,342.59,0,1370.36
OL-04857,ORD-12003,CUST-0569,PROD-026,2025-06-10,1,54.35,0,54.35
OL-04858,ORD-12004,CUST-0569,PROD-001,2024-05-02,3,1226.38,0,3679.14
OL-04859,ORD-12004,CUST-0569,PROD-020,2024-05-02,1,37.73,0.1,33.96
OL-04860,ORD-12005,CUST-0569,PROD-016,2024-09-15,5,189.62,0.2,758.48
OL-04861,ORD-12006,CUST-0569,PROD-012,2025-04-26,5,109.67,0,548.35
OL-04862,ORD-12006,CUST-0569,PROD-006,2025-04-26,2,689.21,0.1,1240.58
OL-04863,ORD-12007,CUST-0569,PROD-011,2024-11-08,3,103.76,0.2,249.02
OL-04864,ORD-12007,CUST-0569,PROD-003,2024-11-08,5,722.82,0.1,3252.69
OL-04865,ORD-12007,CUST-0569,PROD-016,2024-11-08,4,189.62,0.15,644.71
OL-04866,ORD-12007,CUST-0569,PROD-033,2024-11-08,3,70.03,0.15,178.58
OL-04867,ORD-12008,CUST-0569,PROD-029,2025-04-17,5,32.8,0.1,147.6
OL-04868,ORD-12009,CUST-0569,PROD-026,2024-05-03,2,54.35,0.1,97.83
OL-04869,ORD-12009,CUST-0569,PROD-021,2024-05-03,3,38.34,0,115.02
OL-04870,ORD-12010,CUST-0569,PROD-019,2025-08-01,3,21.71,0.15,55.36
OL-04871,ORD-12010,CUST-0569,PROD-028,2025-08-01,4,65.64,0,262.56
OL-04872,ORD-12010,CUST-0569,PROD-014,2025-08-01,2,487.6,0,975.2
OL-04873,ORD-12010,CUST-0569,PROD-016,2025-08-01,2,189.62,0.1,341.32
OL-04874,ORD-12011,CUST-0569,PROD-017,2024-12-22,5,242.78,0,1213.9
OL-04875,ORD-12011,CUST-0569,PROD-002,2024-12-22,4,505.32,0.05,1920.22
OL-04876,ORD-12011,CUST-0569,PROD-033,2024-12-22,1,70.03,0.1,63.03
OL-04877,ORD-12012,CUST-0569,PROD-003,2025-04-30,5,722.82,0.2,2891.28
OL-04878,ORD-12012,CUST-0569,PROD-011,2025-04-30,3,103.76,0.2,249.02
OL-04879,ORD-12012,CUST-0569,PROD-008,2025-04-30,2,342.59,0,685.18
OL-04880,ORD-12012,CUST-0569,PROD-006,2025-04-30,1,689.21,0,689.21
OL-04881,ORD-12013,CUST-0569,PROD-025,2025-04-10,1,25.5,0,25.5
OL-04882,ORD-12013,CUST-0569,PROD-007,2025-04-10,5,511.33,0,2556.65
OL-04883,ORD-12014,CUST-0570,PROD-036,2025-11-20,2,97.89,0.2,156.62
OL-04884,ORD-12014,CUST-0570,PROD-004,2025-11-20,4,921.23,0,3684.92
OL-04885,ORD-12014,CUST-0570,PROD-022,2025-11-20,2,27.82,0.15,47.29
OL-04886,ORD-12015,CUST-0571,PROD-003,2024-11-28,2,722.82,0,1445.64
OL-04887,ORD-12015,CUST-0571,PROD-019,2024-11-28,3,21.71,0,65.13
OL-04888,ORD-12015,CUST-0571,PROD-030,2024-11-28,5,33.74,0.05,160.27
OL-04889,ORD-12015,CUST-0571,PROD-011,2024-11-28,1,103.76,0.05,98.57
OL-04890,ORD-12016,CUST-0571,PROD-024,2025-08-14,4,38.87,0.15,132.16
OL-04891,ORD-12016,CUST-0571,PROD-018,2025-08-14,1,9.52,0.2,7.62
OL-04892,ORD-12016,CUST-0571,PROD-019,2025-08-14,5,21.71,0.15,92.27
OL-04893,ORD-12017,CUST-0572,PROD-013,2025-08-26,4,134.4,0.2,430.08
OL-04894,ORD-12017,CUST-0572,PROD-006,2025-08-26,1,689.21,0,689.21
OL-04895,ORD-12018,CUST-0573,PROD-037,2024-04-27,3,23.39,0.15,59.64
OL-04896,ORD-12019,CUST-0573,PROD-027,2024-09-13,4,52.67,0,210.68
OL-04897,ORD-12019,CUST-0573,PROD-032,2024-09-13,4,129.73,0,518.92
OL-04898,ORD-12019,CUST-0573,PROD-025,2024-09-13,2,25.5,0,51
OL-04899,ORD-12020,CUST-0573,PROD-001,2025-05-06,4,1226.38,0,4905.52
OL-04900,ORD-12020,CUST-0573,PROD-024,2025-05-06,5,38.87,0,194.35
OL-04901,ORD-12020,CUST-0573,PROD-015,2025-05-06,1,295.3,0,295.3
OL-04902,ORD-12020,CUST-0573,PROD-009,2025-05-06,3,89.78,0.05,255.87
OL-04903,ORD-12021,CUST-0573,PROD-001,2025-07-02,4,1226.38,0,4905.52
OL-04904,ORD-12021,CUST-0573,PROD-014,2025-07-02,3,487.6,0.2,1170.24
OL-04905,ORD-12021,CUST-0573,PROD-025,2025-07-02,1,25.5,0.05,24.22
OL-04906,ORD-12021,CUST-0573,PROD-034,2025-07-02,2,79.8,0,159.6
OL-04907,ORD-12022,CUST-0574,PROD-016,2025-03-09,1,189.62,0,189.62
OL-04908,ORD-12022,CUST-0574,PROD-028,2025-03-09,5,65.64,0.15,278.97
OL-04909,ORD-12022,CUST-0574,PROD-001,2025-03-09,1,1226.38,0.15,1042.42
OL-04910,ORD-12022,CUST-0574,PROD-024,2025-03-09,4,38.87,0,155.48
OL-04911,ORD-12023,CUST-0575,PROD-001,2025-03-10,2,1226.38,0.1,2207.48
OL-04912,ORD-12024,CUST-0575,PROD-011,2025-04-16,1,103.76,0.2,83.01
OL-04913,ORD-12025,CUST-0576,PROD-010,2024-06-21,3,121.48,0,364.44
OL-04914,ORD-12026,CUST-0576,PROD-022,2024-07-17,4,27.82,0.2,89.02
OL-04915,ORD-12026,CUST-0576,PROD-011,2024-07-17,3,103.76,0.1,280.15
OL-04916,ORD-12026,CUST-0576,PROD-013,2024-07-17,4,134.4,0.15,456.96
OL-04917,ORD-12027,CUST-0576,PROD-015,2025-05-07,2,295.3,0.05,561.07
OL-04918,ORD-12027,CUST-0576,PROD-008,2025-05-07,1,342.59,0,342.59
OL-04919,ORD-12027,CUST-0576,PROD-037,2025-05-07,5,23.39,0.15,99.41
OL-04920,ORD-12028,CUST-0576,PROD-003,2025-04-05,4,722.82,0,2891.28
OL-04921,ORD-12028,CUST-0576,PROD-009,2025-04-05,3,89.78,0,269.34
OL-04922,ORD-12028,CUST-0576,PROD-030,2025-04-05,3,33.74,0.15,86.04
OL-04923,ORD-12028,CUST-0576,PROD-023,2025-04-05,5,88.43,0,442.15
OL-04924,ORD-12029,CUST-0576,PROD-019,2024-07-28,2,21.71,0.1,39.08
OL-04925,ORD-12029,CUST-0576,PROD-036,2024-07-28,1,97.89,0,97.89
OL-04926,ORD-12029,CUST-0576,PROD-022,2024-07-28,5,27.82,0,139.1
OL-04927,ORD-12030,CUST-0576,PROD-036,2025-05-24,5,97.89,0.05,464.98
OL-04928,ORD-12031,CUST-0576,PROD-034,2024-12-31,3,79.8,0.2,191.52
OL-04929,ORD-12031,CUST-0576,PROD-014,2024-12-31,3,487.6,0.05,1389.66
OL-04930,ORD-12031,CUST-0576,PROD-019,2024-12-31,4,21.71,0,86.84
OL-04931,ORD-12032,CUST-0576,PROD-024,2025-09-22,1,38.87,0.05,36.93
OL-04932,ORD-12032,CUST-0576,PROD-010,2025-09-22,5,121.48,0.05,577.03
OL-04933,ORD-12033,CUST-0576,PROD-027,2024-08-01,2,52.67,0.2,84.27
OL-04934,ORD-12033,CUST-0576,PROD-025,2024-08-01,4,25.5,0,102
OL-04935,ORD-12033,CUST-0576,PROD-001,2024-08-01,4,1226.38,0.2,3924.42
OL-04936,ORD-12034,CUST-0576,PROD-035,2024-09-15,4,75.75,0,303
OL-04937,ORD-12034,CUST-0576,PROD-028,2024-09-15,3,65.64,0.05,187.07
OL-04938,ORD-12034,CUST-0576,PROD-002,2024-09-15,2,505.32,0.2,808.51
OL-04939,ORD-12035,CUST-0576,PROD-002,2025-02-06,1,505.32,0,505.32
OL-04940,ORD-12035,CUST-0576,PROD-009,2025-02-06,5,89.78,0,448.9
OL-04941,ORD-12035,CUST-0576,PROD-013,2025-02-06,1,134.4,0,134.4
OL-04942,ORD-12035,CUST-0576,PROD-023,2025-02-06,3,88.43,0,265.29
OL-04943,ORD-12036,CUST-0576,PROD-005,2025-06-19,4,843.32,0,3373.28
OL-04944,ORD-12037,CUST-0576,PROD-028,2025-06-18,4,65.64,0.2,210.05
OL-04945,ORD-12038,CUST-0576,PROD-028,2024-08-23,5,65.64,0.05,311.79
OL-04946,ORD-12038,CUST-0576,PROD-004,2024-08-23,5,921.23,0,4606.15
OL-04947,ORD-12038,CUST-0576,PROD-023,2024-08-23,3,88.43,0,265.29
OL-04948,ORD-12039,CUST-0576,PROD-020,2024-10-05,2,37.73,0.1,67.91
OL-04949,ORD-12039,CUST-0576,PROD-005,2024-10-05,3,843.32,0,2529.96
OL-04950,ORD-12039,CUST-0576,PROD-014,2024-10-05,4,487.6,0.1,1755.36
OL-04951,ORD-12040,CUST-0576,PROD-025,2024-11-18,3,25.5,0.15,65.02
OL-04952,ORD-12041,CUST-0576,PROD-014,2025-07-22,4,487.6,0.1,1755.36
OL-04953,ORD-12041,CUST-0576,PROD-007,2025-07-22,1,511.33,0,511.33
OL-04954,ORD-12041,CUST-0576,PROD-021,2025-07-22,4,38.34,0,153.36
OL-04955,ORD-12042,CUST-0576,PROD-034,2025-04-25,5,79.8,0.1,359.1
OL-04956,ORD-12043,CUST-0576,PROD-020,2025-01-25,3,37.73,0.05,107.53
OL-04957,ORD-12043,CUST-0576,PROD-026,2025-01-25,1,54.35,0.1,48.91
OL-04958,ORD-12043,CUST-0576,PROD-014,2025-01-25,2,487.6,0,975.2
OL-04959,ORD-12043,CUST-0576,PROD-028,2025-01-25,3,65.64,0.15,167.38
OL-04960,ORD-12044,CUST-0576,PROD-017,2025-05-12,5,242.78,0,1213.9
OL-04961,ORD-12044,CUST-0576,PROD-036,2025-05-12,3,97.89,0.15,249.62
OL-04962,ORD-12044,CUST-0576,PROD-030,2025-05-12,4,33.74,0,134.96
OL-04963,ORD-12044,CUST-0576,PROD-026,2025-05-12,2,54.35,0,108.7
OL-04964,ORD-12045,CUST-0576,PROD-031,2025-07-22,2,164.42,0.2,263.07
OL-04965,ORD-12045,CUST-0576,PROD-006,2025-07-22,1,689.21,0.2,551.37
OL-04966,ORD-12045,CUST-0576,PROD-035,2025-07-22,1,75.75,0.1,68.17
OL-04967,ORD-12045,CUST-0576,PROD-017,2025-07-22,2,242.78,0,485.56
OL-04968,ORD-12046,CUST-0576,PROD-028,2024-07-19,2,65.64,0,131.28
OL-04969,ORD-12046,CUST-0576,PROD-032,2024-07-19,2,129.73,0.15,220.54
OL-04970,ORD-12046,CUST-0576,PROD-016,2024-07-19,5,189.62,0.15,805.88
OL-04971,ORD-12047,CUST-0576,PROD-009,2025-03-08,5,89.78,0.2,359.12
OL-04972,ORD-12047,CUST-0576,PROD-014,2025-03-08,4,487.6,0,1950.4
OL-04973,ORD-12048,CUST-0577,PROD-012,2024-08-13,5,109.67,0,548.35
OL-04974,ORD-12049,CUST-0578,PROD-011,2025-11-17,4,103.76,0.05,394.29
OL-04975,ORD-12049,CUST-0578,PROD-026,2025-11-17,5,54.35,0.2,217.4
OL-04976,ORD-12050,CUST-0579,PROD-017,2024-10-13,4,242.78,0.05,922.56
OL-04977,ORD-12050,CUST-0579,PROD-011,2024-10-13,2,103.76,0.1,186.77
OL-04978,ORD-12051,CUST-0580,PROD-015,2025-11-03,3,295.3,0.15,753.02
OL-04979,ORD-12051,CUST-0580,PROD-035,2025-11-03,2,75.75,0,151.5
OL-04980,ORD-12052,CUST-0581,PROD-002,2025-12-26,1,505.32,0,505.32
OL-04981,ORD-12052,CUST-0581,PROD-037,2025-12-26,1,23.39,0,23.39
OL-04982,ORD-12053,CUST-0582,PROD-015,2025-07-29,5,295.3,0,1476.5
OL-04983,ORD-12053,CUST-0582,PROD-012,2025-07-29,3,109.67,0,329.01
OL-04984,ORD-12054,CUST-0582,PROD-032,2025-11-29,2,129.73,0.1,233.51
OL-04985,ORD-12054,CUST-0582,PROD-005,2025-11-29,1,843.32,0.2,674.66
OL-04986,ORD-12054,CUST-0582,PROD-034,2025-11-29,4,79.8,0,319.2
OL-04987,ORD-12055,CUST-0583,PROD-022,2024-10-23,3,27.82,0.15,70.94
OL-04988,ORD-12056,CUST-0583,PROD-025,2025-05-01,4,25.5,0,102
OL-04989,ORD-12056,CUST-0583,PROD-004,2025-05-01,4,921.23,0.1,3316.43
OL-04990,ORD-12057,CUST-0583,PROD-013,2025-10-26,5,134.4,0,672
OL-04991,ORD-12058,CUST-0583,PROD-001,2025-01-09,4,1226.38,0.2,3924.42
OL-04992,ORD-12059,CUST-0583,PROD-014,2025-04-01,2,487.6,0.2,780.16
OL-04993,ORD-12059,CUST-0583,PROD-010,2025-04-01,4,121.48,0.15,413.03
OL-04994,ORD-12060,CUST-0584,PROD-009,2024-04-22,4,89.78,0.05,341.16
OL-04995,ORD-12060,CUST-0584,PROD-032,2024-04-22,4,129.73,0,518.92
OL-04996,ORD-12061,CUST-0584,PROD-027,2024-08-19,5,52.67,0.15,223.85
OL-04997,ORD-12062,CUST-0584,PROD-026,2024-05-24,4,54.35,0,217.4
OL-04998,ORD-12062,CUST-0584,PROD-020,2024-05-24,2,37.73,0.1,67.91
OL-04999,ORD-12062,CUST-0584,PROD-031,2024-05-24,3,164.42,0,493.26
OL-05000,ORD-12062,CUST-0584,PROD-002,2024-05-24,2,505.32,0.05,960.11
OL-05001,ORD-12063,CUST-0585,PROD-022,2025-07-29,5,27.82,0,139.1
OL-05002,ORD-12064,CUST-0585,PROD-009,2025-11-07,1,89.78,0.15,76.31
OL-05003,ORD-12064,CUST-0585,PROD-019,2025-11-07,4,21.71,0.2,69.47
OL-05004,ORD-12064,CUST-0585,PROD-006,2025-11-07,3,689.21,0.15,1757.49
OL-05005,ORD-12065,CUST-0585,PROD-032,2025-09-09,1,129.73,0.15,110.27
OL-05006,ORD-12065,CUST-0585,PROD-018,2025-09-09,4,9.52,0.05,36.18
OL-05007,ORD-12066,CUST-0586,PROD-033,2024-07-29,4,70.03,0.05,266.11
OL-05008,ORD-12066,CUST-0586,PROD-011,2024-07-29,2,103.76,0,207.52
OL-05009,ORD-12066,CUST-0586,PROD-028,2024-07-29,5,65.64,0,328.2
OL-05010,ORD-12067,CUST-0586,PROD-011,2025-10-18,4,103.76,0,415.04
OL-05011,ORD-12067,CUST-0586,PROD-001,2025-10-18,5,1226.38,0.15,5212.12
OL-05012,ORD-12067,CUST-0586,PROD-003,2025-10-18,3,722.82,0.15,1843.19
OL-05013,ORD-12067,CUST-0586,PROD-016,2025-10-18,4,189.62,0.2,606.78
OL-05014,ORD-12068,CUST-0587,PROD-005,2024-05-15,3,843.32,0,2529.96
OL-05015,ORD-12068,CUST-0587,PROD-019,2024-05-15,5,21.71,0.05,103.12
OL-05016,ORD-12068,CUST-0587,PROD-037,2024-05-15,5,23.39,0,116.95
OL-05017,ORD-12068,CUST-0587,PROD-029,2024-05-15,1,32.8,0.1,29.52
OL-05018,ORD-12069,CUST-0588,PROD-037,2024-03-13,5,23.39,0.2,93.56
OL-05019,ORD-12069,CUST-0588,PROD-032,2024-03-13,5,129.73,0.15,551.35
OL-05020,ORD-12070,CUST-0589,PROD-017,2024-06-20,5,242.78,0.15,1031.82
OL-05021,ORD-12071,CUST-0590,PROD-003,2024-10-14,5,722.82,0.15,3071.99
OL-05022,ORD-12071,CUST-0590,PROD-021,2024-10-14,2,38.34,0,76.68
OL-05023,ORD-12071,CUST-0590,PROD-001,2024-10-14,4,1226.38,0.2,3924.42
OL-05024,ORD-12071,CUST-0590,PROD-019,2024-10-14,4,21.71,0,86.84
OL-05025,ORD-12072,CUST-0591,PROD-009,2024-05-16,5,89.78,0,448.9
OL-05026,ORD-12072,CUST-0591,PROD-015,2024-05-16,4,295.3,0,1181.2
OL-05027,ORD-12073,CUST-0592,PROD-011,2024-02-25,5,103.76,0.1,466.92
OL-05028,ORD-12074,CUST-0592,PROD-007,2025-03-07,3,511.33,0.1,1380.59
OL-05029,ORD-12075,CUST-0592,PROD-015,2024-08-06,1,295.3,0.15,251
OL-05030,ORD-12075,CUST-0592,PROD-017,2024-08-06,1,242.78,0,242.78
OL-05031,ORD-12075,CUST-0592,PROD-002,2024-08-06,4,505.32,0.05,1920.22
OL-05032,ORD-12076,CUST-0592,PROD-009,2025-03-26,5,89.78,0.1,404.01
OL-05033,ORD-12076,CUST-0592,PROD-013,2025-03-26,3,134.4,0.05,383.04
OL-05034,ORD-12077,CUST-0592,PROD-011,2024-08-12,4,103.76,0.15,352.78
OL-05035,ORD-12077,CUST-0592,PROD-022,2024-08-12,4,27.82,0.15,94.59
OL-05036,ORD-12078,CUST-0592,PROD-005,2024-11-25,2,843.32,0,1686.64
OL-05037,ORD-12078,CUST-0592,PROD-033,2024-11-25,4,70.03,0.1,252.11
OL-05038,ORD-12078,CUST-0592,PROD-034,2024-11-25,5,79.8,0.15,339.15
OL-05039,ORD-12078,CUST-0592,PROD-010,2024-11-25,4,121.48,0,485.92
OL-05040,ORD-12079,CUST-0592,PROD-005,2024-08-27,1,843.32,0.05,801.15
OL-05041,ORD-12079,CUST-0592,PROD-025,2024-08-27,1,25.5,0.15,21.68
OL-05042,ORD-12079,CUST-0592,PROD-034,2024-08-27,2,79.8,0.15,135.66
OL-05043,ORD-12080,CUST-0592,PROD-037,2025-03-17,3,23.39,0.05,66.66
OL-05044,ORD-12080,CUST-0592,PROD-024,2025-03-17,5,38.87,0.1,174.91
OL-05045,ORD-12080,CUST-0592,PROD-026,2025-03-17,5,54.35,0.2,217.4
OL-05046,ORD-12081,CUST-0593,PROD-002,2024-12-02,4,505.32,0.1,1819.15
OL-05047,ORD-12081,CUST-0593,PROD-021,2024-12-02,3,38.34,0.1,103.52
OL-05048,ORD-12081,CUST-0593,PROD-033,2024-12-02,4,70.03,0,280.12
OL-05049,ORD-12081,CUST-0593,PROD-028,2024-12-02,5,65.64,0,328.2
OL-05050,ORD-12082,CUST-0594,PROD-010,2024-07-25,1,121.48,0.2,97.18
OL-05051,ORD-12082,CUST-0594,PROD-013,2024-07-25,5,134.4,0,672
OL-05052,ORD-12082,CUST-0594,PROD-026,2024-07-25,5,54.35,0,271.75
OL-05053,ORD-12082,CUST-0594,PROD-008,2024-07-25,4,342.59,0,1370.36
OL-05054,ORD-12083,CUST-0594,PROD-009,2025-02-21,3,89.78,0,269.34
OL-05055,ORD-12083,CUST-0594,PROD-001,2025-02-21,3,1226.38,0.15,3127.27
OL-05056,ORD-12083,CUST-0594,PROD-007,2025-02-21,4,511.33,0.15,1738.52
OL-05057,ORD-12083,CUST-0594,PROD-027,2025-02-21,5,52.67,0.05,250.18
OL-05058,ORD-12084,CUST-0594,PROD-032,2024-12-29,3,129.73,0,389.19
OL-05059,ORD-12084,CUST-0594,PROD-034,2024-12-29,3,79.8,0.05,227.43
OL-05060,ORD-12084,CUST-0594,PROD-026,2024-12-29,3,54.35,0,163.05
OL-05061,ORD-12085,CUST-0595,PROD-031,2024-09-17,1,164.42,0,164.42
OL-05062,ORD-12085,CUST-0595,PROD-028,2024-09-17,1,65.64,0.05,62.36
OL-05063,ORD-12085,CUST-0595,PROD-018,2024-09-17,5,9.52,0.05,45.22
OL-05064,ORD-12086,CUST-0595,PROD-034,2025-03-23,3,79.8,0,239.4
OL-05065,ORD-12086,CUST-0595,PROD-009,2025-03-23,4,89.78,0.05,341.16
OL-05066,ORD-12086,CUST-0595,PROD-019,2025-03-23,3,21.71,0,65.13
OL-05067,ORD-12086,CUST-0595,PROD-004,2025-03-23,3,921.23,0,2763.69
OL-05068,ORD-12087,CUST-0595,PROD-017,2024-12-19,3,242.78,0,728.34
OL-05069,ORD-12087,CUST-0595,PROD-020,2024-12-19,5,37.73,0.1,169.78
OL-05070,ORD-12088,CUST-0595,PROD-019,2025-08-11,2,21.71,0.1,39.08
OL-05071,ORD-12088,CUST-0595,PROD-001,2025-08-11,4,1226.38,0.1,4414.97
OL-05072,ORD-12088,CUST-0595,PROD-010,2025-08-11,4,121.48,0,485.92
OL-05073,ORD-12088,CUST-0595,PROD-013,2025-08-11,5,134.4,0.2,537.6
OL-05074,ORD-12089,CUST-0595,PROD-031,2025-01-29,4,164.42,0,657.68
OL-05075,ORD-12089,CUST-0595,PROD-003,2025-01-29,2,722.82,0.05,1373.36
OL-05076,ORD-12089,CUST-0595,PROD-005,2025-01-29,2,843.32,0,1686.64
OL-05077,ORD-12090,CUST-0595,PROD-018,2025-12-27,5,9.52,0.15,40.46
OL-05078,ORD-12090,CUST-0595,PROD-010,2025-12-27,4,121.48,0,485.92
OL-05079,ORD-12090,CUST-0595,PROD-014,2025-12-27,2,487.6,0,975.2
OL-05080,ORD-12091,CUST-0595,PROD-004,2025-11-14,1,921.23,0.1,829.11
OL-05081,ORD-12091,CUST-0595,PROD-035,2025-11-14,3,75.75,0.15,193.16
OL-05082,ORD-12091,CUST-0595,PROD-015,2025-11-14,1,295.3,0,295.3
OL-05083,ORD-12092,CUST-0595,PROD-028,2025-02-16,1,65.64,0.2,52.51
OL-05084,ORD-12093,CUST-0595,PROD-032,2025-08-08,3,129.73,0,389.19
OL-05085,ORD-12093,CUST-0595,PROD-037,2025-08-08,5,23.39,0,116.95
OL-05086,ORD-12093,CUST-0595,PROD-009,2025-08-08,1,89.78,0,89.78
OL-05087,ORD-12093,CUST-0595,PROD-018,2025-08-08,3,9.52,0.05,27.13
OL-05088,ORD-12094,CUST-0595,PROD-034,2025-08-10,3,79.8,0,239.4
OL-05089,ORD-12094,CUST-0595,PROD-001,2025-08-10,4,1226.38,0,4905.52
OL-05090,ORD-12094,CUST-0595,PROD-020,2025-08-10,3,37.73,0.2,90.55
OL-05091,ORD-12095,CUST-0595,PROD-032,2025-10-31,5,129.73,0,648.65
OL-05092,ORD-12095,CUST-0595,PROD-020,2025-10-31,4,37.73,0.15,128.28
OL-05093,ORD-12095,CUST-0595,PROD-033,2025-10-31,2,70.03,0.1,126.05
OL-05094,ORD-12095,CUST-0595,PROD-001,2025-10-31,3,1226.38,0.15,3127.27
OL-05095,ORD-12096,CUST-0595,PROD-036,2024-10-11,4,97.89,0,391.56
OL-05096,ORD-12096,CUST-0595,PROD-003,2024-10-11,2,722.82,0.15,1228.79
OL-05097,ORD-12096,CUST-0595,PROD-009,2024-10-11,5,89.78,0,448.9
OL-05098,ORD-12097,CUST-0595,PROD-003,2025-02-17,1,722.82,0,722.82
OL-05099,ORD-12097,CUST-0595,PROD-015,2025-02-17,5,295.3,0.1,1328.85
OL-05100,ORD-12098,CUST-0595,PROD-022,2025-10-27,3,27.82,0.1,75.11
OL-05101,ORD-12098,CUST-0595,PROD-034,2025-10-27,1,79.8,0.05,75.81
OL-05102,ORD-12099,CUST-0595,PROD-010,2025-01-07,1,121.48,0.1,109.33
OL-05103,ORD-12099,CUST-0595,PROD-003,2025-01-07,4,722.82,0.15,2457.59
OL-05104,ORD-12099,CUST-0595,PROD-015,2025-01-07,4,295.3,0.05,1122.14
OL-05105,ORD-12100,CUST-0595,PROD-030,2025-02-25,1,33.74,0.1,30.37
OL-05106,ORD-12100,CUST-0595,PROD-024,2025-02-25,4,38.87,0.15,132.16
OL-05107,ORD-12100,CUST-0595,PROD-008,2025-02-25,3,342.59,0.15,873.6
OL-05108,ORD-12100,CUST-0595,PROD-020,2025-02-25,5,37.73,0.15,160.35
OL-05109,ORD-12101,CUST-0595,PROD-001,2024-12-22,5,1226.38,0.2,4905.52
OL-05110,ORD-12101,CUST-0595,PROD-033,2024-12-22,2,70.03,0.2,112.05
OL-05111,ORD-12102,CUST-0595,PROD-034,2025-08-08,3,79.8,0,239.4
OL-05112,ORD-12102,CUST-0595,PROD-026,2025-08-08,5,54.35,0.05,258.16
OL-05113,ORD-12102,CUST-0595,PROD-033,2025-08-08,2,70.03,0,140.06
OL-05114,ORD-12103,CUST-0596,PROD-011,2024-08-30,1,103.76,0.15,88.2
OL-05115,ORD-12103,CUST-0596,PROD-028,2024-08-30,3,65.64,0.15,167.38
OL-05116,ORD-12104,CUST-0596,PROD-018,2025-06-21,4,9.52,0,38.08
OL-05117,ORD-12104,CUST-0596,PROD-011,2025-06-21,5,103.76,0,518.8
OL-05118,ORD-12104,CUST-0596,PROD-030,2025-06-21,1,33.74,0.2,26.99
OL-05119,ORD-12104,CUST-0596,PROD-027,2025-06-21,4,52.67,0,210.68
OL-05120,ORD-12105,CUST-0596,PROD-025,2025-09-07,4,25.5,0,102
OL-05121,ORD-12106,CUST-0596,PROD-006,2025-11-19,1,689.21,0.2,551.37
OL-05122,ORD-12106,CUST-0596,PROD-024,2025-11-19,5,38.87,0.2,155.48
OL-05123,ORD-12107,CUST-0596,PROD-030,2025-10-10,5,33.74,0.1,151.83
OL-05124,ORD-12108,CUST-0597,PROD-010,2024-02-03,3,121.48,0.1,328
OL-05125,ORD-12108,CUST-0597,PROD-025,2024-02-03,3,25.5,0.05,72.67
OL-05126,ORD-12108,CUST-0597,PROD-024,2024-02-03,5,38.87,0.1,174.91
OL-05127,ORD-12109,CUST-0597,PROD-027,2024-12-18,2,52.67,0,105.34
OL-05128,ORD-12110,CUST-0597,PROD-010,2024-04-27,4,121.48,0.1,437.33
OL-05129,ORD-12110,CUST-0597,PROD-015,2024-04-27,5,295.3,0.1,1328.85
OL-05130,ORD-12110,CUST-0597,PROD-031,2024-04-27,1,164.42,0,164.42
OL-05131,ORD-12110,CUST-0597,PROD-008,2024-04-27,2,342.59,0,685.18
OL-05132,ORD-12111,CUST-0597,PROD-003,2024-10-17,4,722.82,0,2891.28
OL-05133,ORD-12112,CUST-0597,PROD-035,2025-04-15,5,75.75,0,378.75
OL-05134,ORD-12112,CUST-0597,PROD-029,2025-04-15,4,32.8,0.05,124.64
OL-05135,ORD-12112,CUST-0597,PROD-004,2025-04-15,5,921.23,0,4606.15
OL-05136,ORD-12113,CUST-0597,PROD-005,2025-02-13,4,843.32,0,3373.28
OL-05137,ORD-12113,CUST-0597,PROD-029,2025-02-13,3,32.8,0,98.4
OL-05138,ORD-12113,CUST-0597,PROD-027,2025-02-13,5,52.67,0.1,237.02
OL-05139,ORD-12114,CUST-0597,PROD-029,2024-03-29,2,32.8,0.05,62.32
OL-05140,ORD-12115,CUST-0597,PROD-023,2024-11-08,5,88.43,0,442.15
OL-05141,ORD-12116,CUST-0598,PROD-004,2024-01-22,5,921.23,0.1,4145.53
OL-05142,ORD-12116,CUST-0598,PROD-036,2024-01-22,4,97.89,0,391.56
OL-05143,ORD-12116,CUST-0598,PROD-020,2024-01-22,4,37.73,0.2,120.74
OL-05144,ORD-12116,CUST-0598,PROD-024,2024-01-22,5,38.87,0,194.35
OL-05145,ORD-12117,CUST-0599,PROD-036,2024-10-03,4,97.89,0,391.56
OL-05146,ORD-12117,CUST-0599,PROD-033,2024-10-03,5,70.03,0,350.15
OL-05147,ORD-12117,CUST-0599,PROD-029,2024-10-03,2,32.8,0,65.6
OL-05148,ORD-12118,CUST-0600,PROD-026,2024-05-19,5,54.35,0.05,258.16
OL-05149,ORD-12118,CUST-0600,PROD-006,2024-05-19,1,689.21,0,689.21
OL-05150,ORD-12118,CUST-0600,PROD-010,2024-05-19,1,121.48,0.15,103.26
OL-05151,ORD-12118,CUST-0600,PROD-016,2024-05-19,5,189.62,0,948.1
OL-05152,ORD-12119,CUST-0601,PROD-006,2025-02-26,1,689.21,0,689.21
OL-05153,ORD-12119,CUST-0601,PROD-036,2025-02-26,5,97.89,0.15,416.03
OL-05154,ORD-12119,CUST-0601,PROD-035,2025-02-26,5,75.75,0.1,340.88
OL-05155,ORD-12120,CUST-0602,PROD-007,2025-11-25,4,511.33,0,2045.32
OL-05156,ORD-12120,CUST-0602,PROD-033,2025-11-25,4,70.03,0.05,266.11
OL-05157,ORD-12120,CUST-0602,PROD-009,2025-11-25,5,89.78,0,448.9
OL-05158,ORD-12120,CUST-0602,PROD-002,2025-11-25,1,505.32,0,505.32
OL-05159,ORD-12121,CUST-0603,PROD-015,2025-12-17,2,295.3,0.1,531.54
OL-05160,ORD-12121,CUST-0603,PROD-031,2025-12-17,5,164.42,0,822.1
OL-05161,ORD-12122,CUST-0604,PROD-015,2025-03-03,5,295.3,0.15,1255.02
OL-05162,ORD-12122,CUST-0604,PROD-018,2025-03-03,4,9.52,0.15,32.37
OL-05163,ORD-12123,CUST-0605,PROD-003,2024-08-15,4,722.82,0,2891.28
OL-05164,ORD-12123,CUST-0605,PROD-016,2024-08-15,4,189.62,0.1,682.63
OL-05165,ORD-12123,CUST-0605,PROD-021,2024-08-15,5,38.34,0.05,182.12
OL-05166,ORD-12123,CUST-0605,PROD-027,2024-08-15,5,52.67,0.2,210.68
OL-05167,ORD-12124,CUST-0606,PROD-013,2025-05-22,3,134.4,0.15,342.72
OL-05168,ORD-12124,CUST-0606,PROD-022,2025-05-22,4,27.82,0,111.28
OL-05169,ORD-12125,CUST-0607,PROD-016,2024-09-01,1,189.62,0,189.62
OL-05170,ORD-12125,CUST-0607,PROD-007,2024-09-01,3,511.33,0,1533.99
OL-05171,ORD-12125,CUST-0607,PROD-011,2024-09-01,1,103.76,0.15,88.2
OL-05172,ORD-12125,CUST-0607,PROD-014,2024-09-01,3,487.6,0.05,1389.66
OL-05173,ORD-12126,CUST-0608,PROD-023,2024-05-16,2,88.43,0.15,150.33
OL-05174,ORD-12127,CUST-0608,PROD-015,2024-07-17,1,295.3,0,295.3
OL-05175,ORD-12127,CUST-0608,PROD-034,2024-07-17,3,79.8,0.1,215.46
OL-05176,ORD-12127,CUST-0608,PROD-018,2024-07-17,5,9.52,0,47.6
OL-05177,ORD-12127,CUST-0608,PROD-017,2024-07-17,1,242.78,0,242.78
OL-05178,ORD-12128,CUST-0608,PROD-020,2024-11-06,4,37.73,0,150.92
OL-05179,ORD-12129,CUST-0609,PROD-010,2025-01-12,2,121.48,0.15,206.52
OL-05180,ORD-12130,CUST-0610,PROD-013,2025-03-02,4,134.4,0.1,483.84
OL-05181,ORD-12131,CUST-0610,PROD-021,2025-10-30,4,38.34,0.2,122.69
OL-05182,ORD-12132,CUST-0611,PROD-003,2024-08-16,5,722.82,0.15,3071.99
OL-05183,ORD-12133,CUST-0612,PROD-029,2025-08-15,2,32.8,0.15,55.76
OL-05184,ORD-12133,CUST-0612,PROD-035,2025-08-15,3,75.75,0.2,181.8
OL-05185,ORD-12133,CUST-0612,PROD-004,2025-08-15,3,921.23,0,2763.69
OL-05186,ORD-12133,CUST-0612,PROD-010,2025-08-15,4,121.48,0.1,437.33
OL-05187,ORD-12134,CUST-0613,PROD-031,2024-06-09,2,164.42,0.2,263.07
OL-05188,ORD-12134,CUST-0613,PROD-037,2024-06-09,4,23.39,0.15,79.53
OL-05189,ORD-12134,CUST-0613,PROD-019,2024-06-09,4,21.71,0,86.84
OL-05190,ORD-12134,CUST-0613,PROD-002,2024-06-09,1,505.32,0,505.32
OL-05191,ORD-12135,CUST-0613,PROD-009,2025-01-31,4,89.78,0,359.12
OL-05192,ORD-12135,CUST-0613,PROD-021,2025-01-31,4,38.34,0.1,138.02
OL-05193,ORD-12136,CUST-0613,PROD-008,2025-05-28,5,342.59,0.05,1627.3
OL-05194,ORD-12136,CUST-0613,PROD-023,2025-05-28,3,88.43,0.05,252.03
OL-05195,ORD-12137,CUST-0613,PROD-010,2025-06-20,2,121.48,0,242.96
OL-05196,ORD-12137,CUST-0613,PROD-029,2025-06-20,5,32.8,0.05,155.8
OL-05197,ORD-12138,CUST-0613,PROD-003,2025-04-06,5,722.82,0.2,2891.28
OL-05198,ORD-12138,CUST-0613,PROD-009,2025-04-06,1,89.78,0,89.78
OL-05199,ORD-12139,CUST-0613,PROD-020,2025-04-06,2,37.73,0,75.46
OL-05200,ORD-12139,CUST-0613,PROD-011,2025-04-06,3,103.76,0,311.28
OL-05201,ORD-12139,CUST-0613,PROD-015,2025-04-06,4,295.3,0.2,944.96
OL-05202,ORD-12140,CUST-0613,PROD-005,2025-07-06,3,843.32,0.1,2276.96
OL-05203,ORD-12140,CUST-0613,PROD-036,2025-07-06,2,97.89,0.1,176.2
OL-05204,ORD-12140,CUST-0613,PROD-023,2025-07-06,4,88.43,0.2,282.98
OL-05205,ORD-12141,CUST-0614,PROD-030,2025-03-11,2,33.74,0,67.48
OL-05206,ORD-12142,CUST-0615,PROD-031,2024-04-05,1,164.42,0,164.42
OL-05207,ORD-12142,CUST-0615,PROD-017,2024-04-05,5,242.78,0,1213.9
OL-05208,ORD-12142,CUST-0615,PROD-025,2024-04-05,5,25.5,0,127.5
OL-05209,ORD-12142,CUST-0615,PROD-012,2024-04-05,1,109.67,0.15,93.22
OL-05210,ORD-12143,CUST-0615,PROD-008,2024-12-25,4,342.59,0,1370.36
OL-05211,ORD-12143,CUST-0615,PROD-028,2024-12-25,3,65.64,0,196.92
OL-05212,ORD-12143,CUST-0615,PROD-005,2024-12-25,2,843.32,0,1686.64
OL-05213,ORD-12144,CUST-0615,PROD-026,2024-05-29,5,54.35,0.1,244.58
OL-05214,ORD-12145,CUST-0615,PROD-007,2024-05-26,3,511.33,0.15,1303.89
OL-05215,ORD-12145,CUST-0615,PROD-015,2024-05-26,4,295.3,0.05,1122.14
OL-05216,ORD-12145,CUST-0615,PROD-020,2024-05-26,1,37.73,0.15,32.07
OL-05217,ORD-12146,CUST-0615,PROD-036,2025-02-16,4,97.89,0,391.56
OL-05218,ORD-12146,CUST-0615,PROD-014,2025-02-16,1,487.6,0.15,414.46
OL-05219,ORD-12146,CUST-0615,PROD-032,2025-02-16,2,129.73,0.1,233.51
OL-05220,ORD-12147,CUST-0615,PROD-035,2025-06-08,3,75.75,0.15,193.16
OL-05221,ORD-12147,CUST-0615,PROD-026,2025-06-08,2,54.35,0,108.7
OL-05222,ORD-12148,CUST-0615,PROD-010,2025-05-19,4,121.48,0.2,388.74
OL-05223,ORD-12149,CUST-0615,PROD-002,2025-03-10,2,505.32,0,1010.64
OL-05224,ORD-12149,CUST-0615,PROD-037,2025-03-10,5,23.39,0,116.95
OL-05225,ORD-12149,CUST-0615,PROD-025,2025-03-10,4,25.5,0.05,96.9
OL-05226,ORD-12150,CUST-0615,PROD-008,2024-12-07,1,342.59,0,342.59
OL-05227,ORD-12150,CUST-0615,PROD-025,2024-12-07,2,25.5,0,51
OL-05228,ORD-12150,CUST-0615,PROD-027,2024-12-07,4,52.67,0,210.68
OL-05229,ORD-12150,CUST-0615,PROD-028,2024-12-07,3,65.64,0,196.92
OL-05230,ORD-12151,CUST-0615,PROD-009,2025-06-09,2,89.78,0,179.56
OL-05231,ORD-12152,CUST-0615,PROD-018,2025-04-03,1,9.52,0,9.52
OL-05232,ORD-12152,CUST-0615,PROD-035,2025-04-03,2,75.75,0.15,128.78
OL-05233,ORD-12153,CUST-0615,PROD-036,2024-11-30,3,97.89,0.1,264.3
OL-05234,ORD-12153,CUST-0615,PROD-015,2024-11-30,1,295.3,0,295.3
OL-05235,ORD-12153,CUST-0615,PROD-027,2024-11-30,4,52.67,0.2,168.54
OL-05236,ORD-12153,CUST-0615,PROD-032,2024-11-30,4,129.73,0.1,467.03
OL-05237,ORD-12154,CUST-0615,PROD-010,2024-05-26,4,121.48,0,485.92
OL-05238,ORD-12154,CUST-0615,PROD-020,2024-05-26,3,37.73,0,113.19
OL-05239,ORD-12154,CUST-0615,PROD-018,2024-05-26,1,9.52,0.1,8.57
OL-05240,ORD-12155,CUST-0615,PROD-016,2024-07-13,1,189.62,0.05,180.14
OL-05241,ORD-12155,CUST-0615,PROD-023,2024-07-13,3,88.43,0.2,212.23
OL-05242,ORD-12156,CUST-0615,PROD-028,2024-11-08,4,65.64,0.2,210.05
OL-05243,ORD-12156,CUST-0615,PROD-020,2024-11-08,1,37.73,0,37.73
OL-05244,ORD-12156,CUST-0615,PROD-009,2024-11-08,5,89.78,0.05,426.45
OL-05245,ORD-12157,CUST-0615,PROD-009,2024-08-24,5,89.78,0.1,404.01
OL-05246,ORD-12157,CUST-0615,PROD-025,2024-08-24,3,25.5,0.15,65.02
OL-05247,ORD-12157,CUST-0615,PROD-014,2024-08-24,4,487.6,0.1,1755.36
OL-05248,ORD-12157,CUST-0615,PROD-005,2024-08-24,3,843.32,0,2529.96
OL-05249,ORD-12158,CUST-0616,PROD-012,2024-05-12,4,109.67,0.05,416.75
OL-05250,ORD-12158,CUST-0616,PROD-032,2024-05-12,3,129.73,0.2,311.35
OL-05251,ORD-12159,CUST-0616,PROD-003,2024-07-13,5,722.82,0,3614.1
OL-05252,ORD-12159,CUST-0616,PROD-002,2024-07-13,1,505.32,0,505.32
OL-05253,ORD-12159,CUST-0616,PROD-014,2024-07-13,3,487.6,0,1462.8
OL-05254,ORD-12160,CUST-0616,PROD-018,2024-06-28,3,9.52,0.1,25.7
OL-05255,ORD-12160,CUST-0616,PROD-019,2024-06-28,4,21.71,0.05,82.5
OL-05256,ORD-12161,CUST-0616,PROD-035,2024-08-07,5,75.75,0,378.75
OL-05257,ORD-12161,CUST-0616,PROD-015,2024-08-07,3,295.3,0.05,841.61
OL-05258,ORD-12162,CUST-0616,PROD-015,2025-06-17,3,295.3,0,885.9
OL-05259,ORD-12162,CUST-0616,PROD-005,2025-06-17,3,843.32,0.05,2403.46
OL-05260,ORD-12163,CUST-0616,PROD-024,2025-06-05,4,38.87,0,155.48
OL-05261,ORD-12164,CUST-0616,PROD-010,2025-03-20,1,121.48,0,121.48
OL-05262,ORD-12164,CUST-0616,PROD-023,2025-03-20,3,88.43,0.15,225.5
OL-05263,ORD-12165,CUST-0616,PROD-034,2025-07-01,1,79.8,0,79.8
OL-05264,ORD-12165,CUST-0616,PROD-030,2025-07-01,1,33.74,0,33.74
OL-05265,ORD-12165,CUST-0616,PROD-021,2025-07-01,1,38.34,0.1,34.51
OL-05266,ORD-12165,CUST-0616,PROD-014,2025-07-01,3,487.6,0,1462.8
OL-05267,ORD-12166,CUST-0616,PROD-032,2024-09-28,2,129.73,0,259.46
OL-05268,ORD-12166,CUST-0616,PROD-028,2024-09-28,5,65.64,0.2,262.56
OL-05269,ORD-12166,CUST-0616,PROD-007,2024-09-28,3,511.33,0.1,1380.59
OL-05270,ORD-12166,CUST-0616,PROD-033,2024-09-28,1,70.03,0,70.03
OL-05271,ORD-12167,CUST-0616,PROD-016,2024-07-17,5,189.62,0,948.1
OL-05272,ORD-12167,CUST-0616,PROD-006,2024-07-17,3,689.21,0,2067.63
OL-05273,ORD-12167,CUST-0616,PROD-020,2024-07-17,1,37.73,0,37.73
OL-05274,ORD-12167,CUST-0616,PROD-014,2024-07-17,2,487.6,0.05,926.44
OL-05275,ORD-12168,CUST-0616,PROD-011,2025-01-28,5,103.76,0,518.8
OL-05276,ORD-12168,CUST-0616,PROD-007,2025-01-28,5,511.33,0.05,2428.82
OL-05277,ORD-12168,CUST-0616,PROD-001,2025-01-28,1,1226.38,0,1226.38
OL-05278,ORD-12168,CUST-0616,PROD-032,2025-01-28,5,129.73,0.15,551.35
OL-05279,ORD-12169,CUST-0616,PROD-028,2024-12-20,3,65.64,0.2,157.54
OL-05280,ORD-12169,CUST-0616,PROD-020,2024-12-20,4,37.73,0.2,120.74
OL-05281,ORD-12169,CUST-0616,PROD-009,2024-12-20,1,89.78,0.05,85.29
OL-05282,ORD-12170,CUST-0616,PROD-010,2025-04-20,4,121.48,0.2,388.74
OL-05283,ORD-12171,CUST-0616,PROD-016,2025-03-19,3,189.62,0,568.86
OL-05284,ORD-12171,CUST-0616,PROD-005,2025-03-19,2,843.32,0.15,1433.64
OL-05285,ORD-12172,CUST-0616,PROD-001,2025-06-11,1,1226.38,0,1226.38
OL-05286,ORD-12172,CUST-0616,PROD-026,2025-06-11,2,54.35,0,108.7
OL-05287,ORD-12173,CUST-0616,PROD-033,2024-06-23,3,70.03,0.15,178.58
OL-05288,ORD-12173,CUST-0616,PROD-028,2024-06-23,3,65.64,0.15,167.38
OL-05289,ORD-12174,CUST-0616,PROD-009,2024-06-05,1,89.78,0,89.78
OL-05290,ORD-12174,CUST-0616,PROD-011,2024-06-05,3,103.76,0.2,249.02
OL-05291,ORD-12174,CUST-0616,PROD-019,2024-06-05,2,21.71,0,43.42
OL-05292,ORD-12175,CUST-0616,PROD-031,2024-12-19,1,164.42,0,164.42
OL-05293,ORD-12175,CUST-0616,PROD-003,2024-12-19,3,722.82,0.15,1843.19
OL-05294,ORD-12175,CUST-0616,PROD-007,2024-12-19,5,511.33,0.1,2300.99
OL-05295,ORD-12175,CUST-0616,PROD-021,2024-12-19,2,38.34,0,76.68
OL-05296,ORD-12176,CUST-0616,PROD-028,2024-07-14,2,65.64,0,131.28
OL-05297,ORD-12176,CUST-0616,PROD-016,2024-07-14,2,189.62,0.2,303.39
OL-05298,ORD-12176,CUST-0616,PROD-014,2024-07-14,2,487.6,0,975.2
OL-05299,ORD-12176,CUST-0616,PROD-034,2024-07-14,1,79.8,0,79.8
OL-05300,ORD-12177,CUST-0616,PROD-009,2024-11-06,2,89.78,0,179.56
OL-05301,ORD-12177,CUST-0616,PROD-012,2024-11-06,3,109.67,0.05,312.56
OL-05302,ORD-12178,CUST-0617,PROD-007,2025-08-19,5,511.33,0.2,2045.32
OL-05303,ORD-12179,CUST-0618,PROD-008,2025-03-15,2,342.59,0,685.18
OL-05304,ORD-12180,CUST-0618,PROD-014,2025-12-28,1,487.6,0,487.6
OL-05305,ORD-12180,CUST-0618,PROD-015,2025-12-28,2,295.3,0.15,502.01
OL-05306,ORD-12180,CUST-0618,PROD-037,2025-12-28,2,23.39,0,46.78
OL-05307,ORD-12181,CUST-0619,PROD-008,2025-04-13,5,342.59,0,1712.95
OL-05308,ORD-12181,CUST-0619,PROD-014,2025-04-13,3,487.6,0.2,1170.24
OL-05309,ORD-12181,CUST-0619,PROD-011,2025-04-13,4,103.76,0.15,352.78
OL-05310,ORD-12181,CUST-0619,PROD-016,2025-04-13,3,189.62,0,568.86
OL-05311,ORD-12182,CUST-0619,PROD-020,2025-07-01,5,37.73,0.05,179.22
OL-05312,ORD-12182,CUST-0619,PROD-012,2025-07-01,3,109.67,0.2,263.21
OL-05313,ORD-12183,CUST-0620,PROD-028,2025-11-13,5,65.64,0.1,295.38
OL-05314,ORD-12183,CUST-0620,PROD-001,2025-11-13,4,1226.38,0.05,4660.24
OL-05315,ORD-12183,CUST-0620,PROD-012,2025-11-13,2,109.67,0,219.34
OL-05316,ORD-12183,CUST-0620,PROD-017,2025-11-13,2,242.78,0.15,412.73
OL-05317,ORD-12184,CUST-0620,PROD-016,2025-12-25,4,189.62,0.15,644.71
OL-05318,ORD-12184,CUST-0620,PROD-028,2025-12-25,2,65.64,0,131.28
OL-05319,ORD-12184,CUST-0620,PROD-030,2025-12-25,5,33.74,0.1,151.83
OL-05320,ORD-12185,CUST-0621,PROD-012,2024-05-10,3,109.67,0.05,312.56
OL-05321,ORD-12185,CUST-0621,PROD-031,2024-05-10,1,164.42,0,164.42
OL-05322,ORD-12185,CUST-0621,PROD-015,2024-05-10,2,295.3,0.05,561.07
OL-05323,ORD-12186,CUST-0622,PROD-022,2025-07-18,3,27.82,0.05,79.29
OL-05324,ORD-12186,CUST-0622,PROD-037,2025-07-18,4,23.39,0,93.56
OL-05325,ORD-12186,CUST-0622,PROD-005,2025-07-18,3,843.32,0.2,2023.97
OL-05326,ORD-12187,CUST-0624,PROD-027,2025-09-27,4,52.67,0,210.68
OL-05327,ORD-12188,CUST-0624,PROD-031,2025-12-04,2,164.42,0.05,312.4
OL-05328,ORD-12188,CUST-0624,PROD-024,2025-12-04,5,38.87,0.15,165.2
OL-05329,ORD-12188,CUST-0624,PROD-015,2025-12-04,3,295.3,0,885.9
OL-05330,ORD-12189,CUST-0625,PROD-018,2025-01-18,2,9.52,0,19.04
OL-05331,ORD-12189,CUST-0625,PROD-026,2025-01-18,2,54.35,0.1,97.83
OL-05332,ORD-12189,CUST-0625,PROD-028,2025-01-18,5,65.64,0.15,278.97
OL-05333,ORD-12189,CUST-0625,PROD-021,2025-01-18,4,38.34,0,153.36
OL-05334,ORD-12190,CUST-0626,PROD-016,2025-06-08,2,189.62,0.15,322.35
OL-05335,ORD-12190,CUST-0626,PROD-010,2025-06-08,4,121.48,0.05,461.62
OL-05336,ORD-12190,CUST-0626,PROD-019,2025-06-08,5,21.71,0,108.55
OL-05337,ORD-12191,CUST-0626,PROD-022,2025-11-22,4,27.82,0,111.28
OL-05338,ORD-12192,CUST-0626,PROD-027,2025-09-11,3,52.67,0,158.01
OL-05339,ORD-12192,CUST-0626,PROD-013,2025-09-11,2,134.4,0.15,228.48
OL-05340,ORD-12192,CUST-0626,PROD-036,2025-09-11,3,97.89,0.05,278.99
OL-05341,ORD-12192,CUST-0626,PROD-015,2025-09-11,5,295.3,0,1476.5
OL-05342,ORD-12193,CUST-0627,PROD-016,2024-07-15,1,189.62,0.05,180.14
OL-05343,ORD-12193,CUST-0627,PROD-037,2024-07-15,5,23.39,0,116.95
OL-05344,ORD-12193,CUST-0627,PROD-002,2024-07-15,3,505.32,0.1,1364.36
OL-05345,ORD-12193,CUST-0627,PROD-027,2024-07-15,4,52.67,0.1,189.61
OL-05346,ORD-12194,CUST-0627,PROD-035,2025-06-22,4,75.75,0,303
OL-05347,ORD-12194,CUST-0627,PROD-005,2025-06-22,3,843.32,0.2,2023.97
OL-05348,ORD-12195,CUST-0627,PROD-007,2024-11-21,4,511.33,0.2,1636.26
OL-05349,ORD-12196,CUST-0627,PROD-030,2025-04-19,1,33.74,0,33.74
OL-05350,ORD-12196,CUST-0627,PROD-006,2025-04-19,1,689.21,0.05,654.75
OL-05351,ORD-12197,CUST-0628,PROD-031,2024-04-19,4,164.42,0,657.68
OL-05352,ORD-12197,CUST-0628,PROD-009,2024-04-19,4,89.78,0.15,305.25
OL-05353,ORD-12198,CUST-0628,PROD-007,2024-07-28,3,511.33,0.1,1380.59
OL-05354,ORD-12199,CUST-0628,PROD-031,2025-03-14,4,164.42,0.15,559.03
OL-05355,ORD-12199,CUST-0628,PROD-036,2025-03-14,3,97.89,0.1,264.3
OL-05356,ORD-12199,CUST-0628,PROD-002,2025-03-14,2,505.32,0,1010.64
OL-05357,ORD-12199,CUST-0628,PROD-009,2025-03-14,2,89.78,0,179.56
OL-05358,ORD-12200,CUST-0628,PROD-013,2024-09-27,2,134.4,0,268.8
OL-05359,ORD-12200,CUST-0628,PROD-020,2024-09-27,3,37.73,0.2,90.55
OL-05360,ORD-12200,CUST-0628,PROD-029,2024-09-27,2,32.8,0.15,55.76
OL-05361,ORD-12200,CUST-0628,PROD-026,2024-09-27,5,54.35,0.2,217.4
OL-05362,ORD-12201,CUST-0628,PROD-025,2025-03-24,3,25.5,0.2,61.2
OL-05363,ORD-12201,CUST-0628,PROD-019,2025-03-24,4,21.71,0,86.84
OL-05364,ORD-12202,CUST-0628,PROD-007,2025-08-16,2,511.33,0.15,869.26
OL-05365,ORD-12202,CUST-0628,PROD-030,2025-08-16,5,33.74,0.2,134.96
OL-05366,ORD-12203,CUST-0628,PROD-001,2025-06-20,5,1226.38,0,6131.9
OL-05367,ORD-12203,CUST-0628,PROD-014,2025-06-20,5,487.6,0.2,1950.4
OL-05368,ORD-12203,CUST-0628,PROD-026,2025-06-20,1,54.35,0.15,46.2
OL-05369,ORD-12204,CUST-0628,PROD-027,2024-06-29,3,52.67,0.1,142.21
OL-05370,ORD-12204,CUST-0628,PROD-025,2024-06-29,4,25.5,0,102
OL-05371,ORD-12205,CUST-0628,PROD-029,2025-03-17,2,32.8,0,65.6
OL-05372,ORD-12205,CUST-0628,PROD-002,2025-03-17,3,505.32,0,1515.96
OL-05373,ORD-12205,CUST-0628,PROD-027,2025-03-17,5,52.67,0,263.35
OL-05374,ORD-12205,CUST-0628,PROD-036,2025-03-17,1,97.89,0,97.89
OL-05375,ORD-12206,CUST-0628,PROD-011,2024-11-19,3,103.76,0.2,249.02
OL-05376,ORD-12207,CUST-0628,PROD-008,2025-06-03,4,342.59,0.2,1096.29
OL-05377,ORD-12208,CUST-0629,PROD-037,2024-08-11,5,23.39,0,116.95
OL-05378,ORD-12208,CUST-0629,PROD-018,2024-08-11,1,9.52,0,9.52
OL-05379,ORD-12209,CUST-0630,PROD-018,2025-12-30,4,9.52,0.15,32.37
OL-05380,ORD-12209,CUST-0630,PROD-014,2025-12-30,4,487.6,0.2,1560.32
OL-05381,ORD-12210,CUST-0631,PROD-018,2025-09-12,1,9.52,0,9.52
OL-05382,ORD-12210,CUST-0631,PROD-035,2025-09-12,1,75.75,0.2,60.6
OL-05383,ORD-12211,CUST-0632,PROD-006,2024-08-02,4,689.21,0.05,2619
OL-05384,ORD-12211,CUST-0632,PROD-004,2024-08-02,5,921.23,0,4606.15
OL-05385,ORD-12211,CUST-0632,PROD-005,2024-08-02,1,843.32,0,843.32
OL-05386,ORD-12212,CUST-0632,PROD-007,2024-12-23,4,511.33,0,2045.32
OL-05387,ORD-12213,CUST-0632,PROD-002,2025-01-08,1,505.32,0.2,404.26
OL-05388,ORD-12214,CUST-0632,PROD-003,2025-01-23,5,722.82,0.1,3252.69
OL-05389,ORD-12214,CUST-0632,PROD-010,2025-01-23,4,121.48,0.2,388.74
OL-05390,ORD-12215,CUST-0632,PROD-026,2025-03-18,5,54.35,0,271.75
OL-05391,ORD-12216,CUST-0632,PROD-003,2025-09-03,2,722.82,0,1445.64
OL-05392,ORD-12217,CUST-0632,PROD-013,2024-10-29,3,134.4,0.1,362.88
OL-05393,ORD-12218,CUST-0632,PROD-020,2025-11-18,2,37.73,0,75.46
OL-05394,ORD-12218,CUST-0632,PROD-036,2025-11-18,2,97.89,0,195.78
OL-05395,ORD-12218,CUST-0632,PROD-017,2025-11-18,2,242.78,0,485.56
OL-05396,ORD-12219,CUST-0632,PROD-031,2025-03-22,5,164.42,0.15,698.78
OL-05397,ORD-12220,CUST-0632,PROD-007,2024-10-05,1,511.33,0,511.33
OL-05398,ORD-12220,CUST-0632,PROD-014,2024-10-05,3,487.6,0.2,1170.24
OL-05399,ORD-12220,CUST-0632,PROD-035,2024-10-05,4,75.75,0,303
OL-05400,ORD-12220,CUST-0632,PROD-025,2024-10-05,1,25.5,0.2,20.4
OL-05401,ORD-12221,CUST-0632,PROD-014,2025-04-27,2,487.6,0.2,780.16
OL-05402,ORD-12222,CUST-0632,PROD-020,2025-08-13,1,37.73,0,37.73
OL-05403,ORD-12223,CUST-0632,PROD-001,2025-01-19,1,1226.38,0,1226.38
OL-05404,ORD-12223,CUST-0632,PROD-011,2025-01-19,1,103.76,0,103.76
OL-05405,ORD-12223,CUST-0632,PROD-034,2025-01-19,2,79.8,0.2,127.68
OL-05406,ORD-12223,CUST-0632,PROD-036,2025-01-19,5,97.89,0.05,464.98
OL-05407,ORD-12224,CUST-0632,PROD-021,2025-10-26,1,38.34,0.2,30.67
OL-05408,ORD-12224,CUST-0632,PROD-009,2025-10-26,5,89.78,0,448.9
OL-05409,ORD-12224,CUST-0632,PROD-032,2025-10-26,4,129.73,0.05,492.97
OL-05410,ORD-12225,CUST-0632,PROD-032,2025-10-25,4,129.73,0,518.92
OL-05411,ORD-12225,CUST-0632,PROD-025,2025-10-25,5,25.5,0,127.5
OL-05412,ORD-12225,CUST-0632,PROD-019,2025-10-25,2,21.71,0.1,39.08
OL-05413,ORD-12226,CUST-0632,PROD-003,2025-09-24,4,722.82,0,2891.28
OL-05414,ORD-12227,CUST-0632,PROD-025,2025-06-27,1,25.5,0.2,20.4
OL-05415,ORD-12228,CUST-0632,PROD-011,2025-06-08,1,103.76,0,103.76
OL-05416,ORD-12228,CUST-0632,PROD-016,2025-06-08,3,189.62,0,568.86
OL-05417,ORD-12228,CUST-0632,PROD-010,2025-06-08,1,121.48,0.15,103.26
OL-05418,ORD-12229,CUST-0633,PROD-022,2024-08-28,2,27.82,0,55.64
OL-05419,ORD-12230,CUST-0633,PROD-028,2024-10-08,4,65.64,0.1,236.3
OL-05420,ORD-12230,CUST-0633,PROD-012,2024-10-08,3,109.67,0.2,263.21
OL-05421,ORD-12230,CUST-0633,PROD-025,2024-10-08,3,25.5,0,76.5
OL-05422,ORD-12230,CUST-0633,PROD-005,2024-10-08,2,843.32,0,1686.64
OL-05423,ORD-12231,CUST-0633,PROD-020,2024-12-10,3,37.73,0,113.19
OL-05424,ORD-12231,CUST-0633,PROD-005,2024-12-10,4,843.32,0.15,2867.29
OL-05425,ORD-12231,CUST-0633,PROD-001,2024-12-10,1,1226.38,0.15,1042.42
OL-05426,ORD-12231,CUST-0633,PROD-009,2024-12-10,4,89.78,0.1,323.21
OL-05427,ORD-12232,CUST-0633,PROD-034,2025-06-16,4,79.8,0.1,287.28
OL-05428,ORD-12232,CUST-0633,PROD-023,2025-06-16,3,88.43,0.1,238.76
OL-05429,ORD-12232,CUST-0633,PROD-028,2025-06-16,5,65.64,0.1,295.38
OL-05430,ORD-12233,CUST-0633,PROD-002,2025-01-03,3,505.32,0,1515.96
OL-05431,ORD-12234,CUST-0634,PROD-028,2025-10-28,4,65.64,0,262.56
OL-05432,ORD-12234,CUST-0634,PROD-029,2025-10-28,3,32.8,0,98.4
OL-05433,ORD-12234,CUST-0634,PROD-023,2025-10-28,5,88.43,0,442.15
OL-05434,ORD-12235,CUST-0635,PROD-029,2024-12-07,4,32.8,0,131.2
OL-05435,ORD-12235,CUST-0635,PROD-006,2024-12-07,4,689.21,0.05,2619
OL-05436,ORD-12236,CUST-0636,PROD-026,2024-06-03,3,54.35,0.05,154.9
OL-05437,ORD-12236,CUST-0636,PROD-024,2024-06-03,1,38.87,0.05,36.93
OL-05438,ORD-12236,CUST-0636,PROD-002,2024-06-03,1,505.32,0.15,429.52
OL-05439,ORD-12237,CUST-0636,PROD-019,2024-07-09,3,21.71,0,65.13
OL-05440,ORD-12238,CUST-0636,PROD-001,2025-08-21,5,1226.38,0.15,5212.12
OL-05441,ORD-12238,CUST-0636,PROD-025,2025-08-21,4,25.5,0.2,81.6
OL-05442,ORD-12239,CUST-0636,PROD-003,2024-09-18,1,722.82,0,722.82
OL-05443,ORD-12239,CUST-0636,PROD-033,2024-09-18,1,70.03,0.15,59.53
OL-05444,ORD-12239,CUST-0636,PROD-029,2024-09-18,4,32.8,0.05,124.64
OL-05445,ORD-12240,CUST-0637,PROD-018,2025-02-21,1,9.52,0.05,9.04
OL-05446,ORD-12241,CUST-0637,PROD-001,2025-05-16,4,1226.38,0,4905.52
OL-05447,ORD-12241,CUST-0637,PROD-031,2025-05-16,2,164.42,0.1,295.96
OL-05448,ORD-12242,CUST-0638,PROD-023,2024-05-27,2,88.43,0,176.86
OL-05449,ORD-12243,CUST-0638,PROD-036,2024-10-06,2,97.89,0,195.78
OL-05450,ORD-12243,CUST-0638,PROD-010,2024-10-06,5,121.48,0,607.4
OL-05451,ORD-12244,CUST-0639,PROD-035,2024-07-16,3,75.75,0.05,215.89
OL-05452,ORD-12245,CUST-0639,PROD-034,2025-01-14,3,79.8,0.1,215.46
OL-05453,ORD-12245,CUST-0639,PROD-013,2025-01-14,5,134.4,0.1,604.8
OL-05454,ORD-12246,CUST-0640,PROD-001,2025-09-15,3,1226.38,0,3679.14
OL-05455,ORD-12247,CUST-0640,PROD-029,2025-10-19,3,32.8,0.2,78.72
OL-05456,ORD-12247,CUST-0640,PROD-008,2025-10-19,1,342.59,0.15,291.2
OL-05457,ORD-12247,CUST-0640,PROD-015,2025-10-19,1,295.3,0,295.3
OL-05458,ORD-12248,CUST-0641,PROD-021,2024-02-13,2,38.34,0,76.68
OL-05459,ORD-12249,CUST-0642,PROD-010,2025-10-28,1,121.48,0.2,97.18
OL-05460,ORD-12249,CUST-0642,PROD-011,2025-10-28,4,103.76,0,415.04
OL-05461,ORD-12249,CUST-0642,PROD-034,2025-10-28,1,79.8,0.15,67.83
OL-05462,ORD-12249,CUST-0642,PROD-009,2025-10-28,3,89.78,0.05,255.87
OL-05463,ORD-12250,CUST-0643,PROD-034,2025-05-26,5,79.8,0,399
OL-05464,ORD-12250,CUST-0643,PROD-016,2025-05-26,1,189.62,0,189.62
OL-05465,ORD-12250,CUST-0643,PROD-002,2025-05-26,3,505.32,0,1515.96
OL-05466,ORD-12250,CUST-0643,PROD-009,2025-05-26,5,89.78,0,448.9
OL-05467,ORD-12251,CUST-0644,PROD-016,2025-01-21,5,189.62,0,948.1
OL-05468,ORD-12251,CUST-0644,PROD-020,2025-01-21,2,37.73,0.2,60.37
OL-05469,ORD-12251,CUST-0644,PROD-005,2025-01-21,5,843.32,0.2,3373.28
OL-05470,ORD-12252,CUST-0645,PROD-019,2024-10-05,4,21.71,0.2,69.47
OL-05471,ORD-12252,CUST-0645,PROD-031,2024-10-05,4,164.42,0,657.68
OL-05472,ORD-12252,CUST-0645,PROD-036,2024-10-05,2,97.89,0.1,176.2
OL-05473,ORD-12253,CUST-0646,PROD-006,2024-04-23,5,689.21,0.1,3101.45
OL-05474,ORD-12253,CUST-0646,PROD-033,2024-04-23,2,70.03,0,140.06
OL-05475,ORD-12254,CUST-0646,PROD-023,2024-11-21,5,88.43,0.15,375.83
OL-05476,ORD-12254,CUST-0646,PROD-032,2024-11-21,1,129.73,0.15,110.27
OL-05477,ORD-12255,CUST-0646,PROD-036,2024-09-01,2,97.89,0.2,156.62
OL-05478,ORD-12255,CUST-0646,PROD-008,2024-09-01,5,342.59,0.15,1456.01
OL-05479,ORD-12255,CUST-0646,PROD-010,2024-09-01,4,121.48,0,485.92
OL-05480,ORD-12255,CUST-0646,PROD-007,2024-09-01,2,511.33,0.2,818.13
OL-05481,ORD-12256,CUST-0646,PROD-037,2025-05-11,5,23.39,0,116.95
OL-05482,ORD-12256,CUST-0646,PROD-001,2025-05-11,3,1226.38,0.05,3495.18
OL-05483,ORD-12256,CUST-0646,PROD-021,2025-05-11,3,38.34,0.1,103.52
OL-05484,ORD-12256,CUST-0646,PROD-022,2025-05-11,5,27.82,0,139.1
OL-05485,ORD-12257,CUST-0646,PROD-035,2025-04-30,3,75.75,0,227.25
OL-05486,ORD-12258,CUST-0646,PROD-027,2025-02-26,5,52.67,0.05,250.18
OL-05487,ORD-12259,CUST-0646,PROD-020,2025-02-22,3,37.73,0,113.19
OL-05488,ORD-12260,CUST-0646,PROD-001,2025-01-29,4,1226.38,0,4905.52
OL-05489,ORD-12260,CUST-0646,PROD-025,2025-01-29,4,25.5,0.05,96.9
OL-05490,ORD-12260,CUST-0646,PROD-005,2025-01-29,2,843.32,0,1686.64
OL-05491,ORD-12260,CUST-0646,PROD-004,2025-01-29,4,921.23,0.2,2947.94
OL-05492,ORD-12261,CUST-0646,PROD-029,2024-09-24,4,32.8,0,131.2
OL-05493,ORD-12261,CUST-0646,PROD-003,2024-09-24,2,722.82,0.05,1373.36
OL-05494,ORD-12261,CUST-0646,PROD-006,2024-09-24,4,689.21,0,2756.84
OL-05495,ORD-12262,CUST-0646,PROD-027,2025-08-25,1,52.67,0,52.67
OL-05496,ORD-12262,CUST-0646,PROD-036,2025-08-25,5,97.89,0.1,440.5
OL-05497,ORD-12263,CUST-0646,PROD-023,2024-06-06,1,88.43,0.1,79.59
OL-05498,ORD-12263,CUST-0646,PROD-015,2024-06-06,3,295.3,0,885.9
OL-05499,ORD-12264,CUST-0646,PROD-011,2025-01-08,3,103.76,0.05,295.72
OL-05500,ORD-12264,CUST-0646,PROD-026,2025-01-08,4,54.35,0.2,173.92
OL-05501,ORD-12264,CUST-0646,PROD-019,2025-01-08,2,21.71,0,43.42
OL-05502,ORD-12264,CUST-0646,PROD-018,2025-01-08,1,9.52,0.1,8.57
OL-05503,ORD-12265,CUST-0646,PROD-016,2024-09-29,3,189.62,0,568.86
OL-05504,ORD-12265,CUST-0646,PROD-010,2024-09-29,2,121.48,0,242.96
OL-05505,ORD-12266,CUST-0646,PROD-003,2025-01-25,3,722.82,0,2168.46
OL-05506,ORD-12267,CUST-0646,PROD-020,2024-12-26,3,37.73,0,113.19
OL-05507,ORD-12267,CUST-0646,PROD-008,2024-12-26,2,342.59,0.2,548.14
OL-05508,ORD-12268,CUST-0646,PROD-021,2024-11-27,5,38.34,0,191.7
OL-05509,ORD-12269,CUST-0646,PROD-019,2024-10-16,4,21.71,0.1,78.16
OL-05510,ORD-12269,CUST-0646,PROD-002,2024-10-16,4,505.32,0,2021.28
OL-05511,ORD-12269,CUST-0646,PROD-025,2024-10-16,2,25.5,0,51
OL-05512,ORD-12269,CUST-0646,PROD-012,2024-10-16,2,109.67,0,219.34
OL-05513,ORD-12270,CUST-0647,PROD-016,2024-07-18,2,189.62,0,379.24
OL-05514,ORD-12271,CUST-0647,PROD-022,2025-07-04,3,27.82,0,83.46
OL-05515,ORD-12271,CUST-0647,PROD-019,2025-07-04,2,21.71,0.2,34.74
OL-05516,ORD-12272,CUST-0647,PROD-035,2024-09-13,4,75.75,0,303
OL-05517,ORD-12272,CUST-0647,PROD-009,2024-09-13,1,89.78,0,89.78
OL-05518,ORD-12272,CUST-0647,PROD-034,2024-09-13,1,79.8,0.2,63.84
OL-05519,ORD-12273,CUST-0647,PROD-026,2024-10-12,2,54.35,0,108.7
OL-05520,ORD-12273,CUST-0647,PROD-012,2024-10-12,4,109.67,0,438.68
OL-05521,ORD-12273,CUST-0647,PROD-006,2024-10-12,2,689.21,0.1,1240.58
OL-05522,ORD-12273,CUST-0647,PROD-029,2024-10-12,2,32.8,0.2,52.48
OL-05523,ORD-12274,CUST-0647,PROD-020,2024-10-08,1,37.73,0.05,35.84
OL-05524,ORD-12275,CUST-0647,PROD-008,2025-03-27,2,342.59,0.1,616.66
OL-05525,ORD-12275,CUST-0647,PROD-023,2025-03-27,2,88.43,0.05,168.02
OL-05526,ORD-12276,CUST-0647,PROD-031,2025-02-13,4,164.42,0,657.68
OL-05527,ORD-12276,CUST-0647,PROD-001,2025-02-13,2,1226.38,0.2,1962.21
OL-05528,ORD-12277,CUST-0648,PROD-014,2025-02-11,1,487.6,0.2,390.08
OL-05529,ORD-12278,CUST-0648,PROD-033,2025-06-24,3,70.03,0.1,189.08
OL-05530,ORD-12278,CUST-0648,PROD-003,2025-06-24,3,722.82,0,2168.46
OL-05531,ORD-12279,CUST-0648,PROD-003,2025-05-31,1,722.82,0.15,614.4
OL-05532,ORD-12279,CUST-0648,PROD-027,2025-05-31,5,52.67,0,263.35
OL-05533,ORD-12280,CUST-0648,PROD-016,2025-04-21,3,189.62,0.1,511.97
OL-05534,ORD-12280,CUST-0648,PROD-014,2025-04-21,2,487.6,0.05,926.44
OL-05535,ORD-12281,CUST-0649,PROD-004,2025-12-05,1,921.23,0,921.23
OL-05536,ORD-12282,CUST-0650,PROD-022,2024-02-05,1,27.82,0.05,26.43
OL-05537,ORD-12282,CUST-0650,PROD-028,2024-02-05,2,65.64,0,131.28
OL-05538,ORD-12283,CUST-0650,PROD-025,2025-04-26,1,25.5,0.1,22.95
OL-05539,ORD-12283,CUST-0650,PROD-018,2025-04-26,3,9.52,0,28.56
OL-05540,ORD-12283,CUST-0650,PROD-032,2025-04-26,5,129.73,0,648.65
OL-05541,ORD-12284,CUST-0650,PROD-010,2024-02-21,3,121.48,0.15,309.77
OL-05542,ORD-12284,CUST-0650,PROD-015,2024-02-21,2,295.3,0,590.6
OL-05543,ORD-12284,CUST-0650,PROD-001,2024-02-21,2,1226.38,0,2452.76
OL-05544,ORD-12284,CUST-0650,PROD-019,2024-02-21,4,21.71,0.15,73.81
OL-05545,ORD-12285,CUST-0650,PROD-030,2025-01-07,3,33.74,0.05,96.16
OL-05546,ORD-12285,CUST-0650,PROD-035,2025-01-07,3,75.75,0.05,215.89
OL-05547,ORD-12285,CUST-0650,PROD-005,2025-01-07,3,843.32,0.2,2023.97
OL-05548,ORD-12285,CUST-0650,PROD-019,2025-01-07,2,21.71,0.05,41.25
OL-05549,ORD-12286,CUST-0650,PROD-019,2024-02-26,3,21.71,0,65.13
OL-05550,ORD-12287,CUST-0651,PROD-006,2024-04-29,4,689.21,0.05,2619
OL-05551,ORD-12288,CUST-0652,PROD-028,2024-04-14,2,65.64,0.15,111.59
OL-05552,ORD-12288,CUST-0652,PROD-022,2024-04-14,4,27.82,0.15,94.59
OL-05553,ORD-12288,CUST-0652,PROD-004,2024-04-14,4,921.23,0,3684.92
OL-05554,ORD-12288,CUST-0652,PROD-023,2024-04-14,2,88.43,0,176.86
OL-05555,ORD-12289,CUST-0652,PROD-036,2025-06-04,3,97.89,0.05,278.99
OL-05556,ORD-12289,CUST-0652,PROD-006,2025-06-04,5,689.21,0,3446.05
OL-05557,ORD-12290,CUST-0652,PROD-004,2024-11-23,2,921.23,0,1842.46
OL-05558,ORD-12291,CUST-0652,PROD-008,2024-09-01,4,342.59,0.05,1301.84
OL-05559,ORD-12292,CUST-0652,PROD-002,2025-03-15,2,505.32,0,1010.64
OL-05560,ORD-12292,CUST-0652,PROD-025,2025-03-15,2,25.5,0,51
OL-05561,ORD-12292,CUST-0652,PROD-031,2025-03-15,2,164.42,0,328.84
OL-05562,ORD-12292,CUST-0652,PROD-028,2025-03-15,4,65.64,0,262.56
OL-05563,ORD-12293,CUST-0652,PROD-010,2025-01-30,4,121.48,0.2,388.74
OL-05564,ORD-12293,CUST-0652,PROD-005,2025-01-30,5,843.32,0.15,3584.11
OL-05565,ORD-12293,CUST-0652,PROD-009,2025-01-30,3,89.78,0.15,228.94
OL-05566,ORD-12294,CUST-0653,PROD-027,2025-06-11,1,52.67,0,52.67
OL-05567,ORD-12294,CUST-0653,PROD-015,2025-06-11,3,295.3,0.2,708.72
OL-05568,ORD-12294,CUST-0653,PROD-032,2025-06-11,2,129.73,0.1,233.51
OL-05569,ORD-12295,CUST-0653,PROD-002,2025-12-02,1,505.32,0.15,429.52
OL-05570,ORD-12295,CUST-0653,PROD-003,2025-12-02,2,722.82,0.05,1373.36
OL-05571,ORD-12296,CUST-0654,PROD-037,2025-04-11,5,23.39,0.15,99.41
OL-05572,ORD-12296,CUST-0654,PROD-035,2025-04-11,2,75.75,0.2,121.2
OL-05573,ORD-12297,CUST-0654,PROD-014,2025-08-28,2,487.6,0,975.2
OL-05574,ORD-12298,CUST-0654,PROD-033,2025-12-05,2,70.03,0.05,133.06
OL-05575,ORD-12298,CUST-0654,PROD-025,2025-12-05,5,25.5,0.15,108.38
OL-05576,ORD-12298,CUST-0654,PROD-014,2025-12-05,3,487.6,0,1462.8
OL-05577,ORD-12299,CUST-0655,PROD-032,2024-08-25,3,129.73,0.1,350.27
OL-05578,ORD-12299,CUST-0655,PROD-027,2024-08-25,1,52.67,0,52.67
OL-05579,ORD-12300,CUST-0655,PROD-034,2025-12-11,1,79.8,0,79.8
OL-05580,ORD-12300,CUST-0655,PROD-009,2025-12-11,1,89.78,0.2,71.82
OL-05581,ORD-12301,CUST-0655,PROD-025,2025-01-27,3,25.5,0,76.5
OL-05582,ORD-12302,CUST-0655,PROD-026,2025-09-02,4,54.35,0.2,173.92
OL-05583,ORD-12302,CUST-0655,PROD-019,2025-09-02,2,21.71,0.2,34.74
OL-05584,ORD-12302,CUST-0655,PROD-012,2025-09-02,3,109.67,0,329.01
OL-05585,ORD-12302,CUST-0655,PROD-028,2025-09-02,2,65.64,0.05,124.72
OL-05586,ORD-12303,CUST-0656,PROD-021,2024-10-27,2,38.34,0.05,72.85
OL-05587,ORD-12303,CUST-0656,PROD-023,2024-10-27,3,88.43,0.15,225.5
OL-05588,ORD-12303,CUST-0656,PROD-015,2024-10-27,4,295.3,0,1181.2
OL-05589,ORD-12304,CUST-0657,PROD-031,2025-09-14,4,164.42,0.1,591.91
OL-05590,ORD-12304,CUST-0657,PROD-027,2025-09-14,3,52.67,0.1,142.21
OL-05591,ORD-12304,CUST-0657,PROD-017,2025-09-14,4,242.78,0,971.12
OL-05592,ORD-12304,CUST-0657,PROD-034,2025-09-14,2,79.8,0,159.6
OL-05593,ORD-12305,CUST-0658,PROD-024,2024-05-21,3,38.87,0.05,110.78
OL-05594,ORD-12305,CUST-0658,PROD-008,2024-05-21,2,342.59,0,685.18
OL-05595,ORD-12305,CUST-0658,PROD-002,2024-05-21,1,505.32,0.05,480.05
OL-05596,ORD-12306,CUST-0658,PROD-037,2025-03-28,3,23.39,0.05,66.66
OL-05597,ORD-12306,CUST-0658,PROD-027,2025-03-28,5,52.67,0,263.35
OL-05598,ORD-12307,CUST-0658,PROD-010,2025-08-18,1,121.48,0.2,97.18
OL-05599,ORD-12308,CUST-0659,PROD-029,2024-08-26,4,32.8,0,131.2
OL-05600,ORD-12308,CUST-0659,PROD-027,2024-08-26,5,52.67,0,263.35
OL-05601,ORD-12309,CUST-0659,PROD-002,2025-09-23,3,505.32,0.15,1288.57
OL-05602,ORD-12309,CUST-0659,PROD-029,2025-09-23,3,32.8,0.2,78.72
OL-05603,ORD-12309,CUST-0659,PROD-014,2025-09-23,2,487.6,0,975.2
OL-05604,ORD-12310,CUST-0659,PROD-020,2024-11-16,4,37.73,0.2,120.74
OL-05605,ORD-12311,CUST-0659,PROD-001,2025-10-15,2,1226.38,0,2452.76
OL-05606,ORD-12311,CUST-0659,PROD-012,2025-10-15,4,109.67,0.05,416.75
OL-05607,ORD-12311,CUST-0659,PROD-010,2025-10-15,5,121.48,0.2,485.92
OL-05608,ORD-12312,CUST-0659,PROD-019,2025-08-29,3,21.71,0.05,61.87
OL-05609,ORD-12313,CUST-0659,PROD-009,2025-09-15,3,89.78,0.15,228.94
OL-05610,ORD-12313,CUST-0659,PROD-024,2025-09-15,1,38.87,0.05,36.93
OL-05611,ORD-12313,CUST-0659,PROD-008,2025-09-15,1,342.59,0,342.59
OL-05612,ORD-12313,CUST-0659,PROD-034,2025-09-15,2,79.8,0.15,135.66
OL-05613,ORD-12314,CUST-0659,PROD-006,2025-07-19,4,689.21,0.1,2481.16
OL-05614,ORD-12314,CUST-0659,PROD-019,2025-07-19,2,21.71,0.2,34.74
OL-05615,ORD-12315,CUST-0659,PROD-029,2025-01-12,1,32.8,0.1,29.52
OL-05616,ORD-12315,CUST-0659,PROD-010,2025-01-12,3,121.48,0,364.44
OL-05617,ORD-12316,CUST-0660,PROD-032,2024-11-16,4,129.73,0,518.92
OL-05618,ORD-12316,CUST-0660,PROD-026,2024-11-16,4,54.35,0.15,184.79
OL-05619,ORD-12316,CUST-0660,PROD-029,2024-11-16,2,32.8,0.15,55.76
OL-05620,ORD-12316,CUST-0660,PROD-001,2024-11-16,2,1226.38,0.2,1962.21
OL-05621,ORD-12317,CUST-0661,PROD-013,2025-08-31,2,134.4,0.2,215.04
OL-05622,ORD-12317,CUST-0661,PROD-001,2025-08-31,2,1226.38,0,2452.76
OL-05623,ORD-12317,CUST-0661,PROD-008,2025-08-31,1,342.59,0.15,291.2
OL-05624,ORD-12317,CUST-0661,PROD-005,2025-08-31,5,843.32,0,4216.6
OL-05625,ORD-12318,CUST-0662,PROD-009,2025-05-30,5,89.78,0,448.9
OL-05626,ORD-12318,CUST-0662,PROD-025,2025-05-30,2,25.5,0.2,40.8
OL-05627,ORD-12318,CUST-0662,PROD-017,2025-05-30,2,242.78,0.05,461.28
OL-05628,ORD-12319,CUST-0663,PROD-002,2024-10-31,5,505.32,0.05,2400.27
OL-05629,ORD-12319,CUST-0663,PROD-033,2024-10-31,4,70.03,0.15,238.1
OL-05630,ORD-12319,CUST-0663,PROD-011,2024-10-31,1,103.76,0.15,88.2
OL-05631,ORD-12319,CUST-0663,PROD-035,2024-10-31,2,75.75,0.05,143.92
OL-05632,ORD-12320,CUST-0663,PROD-017,2024-11-19,5,242.78,0,1213.9
OL-05633,ORD-12320,CUST-0663,PROD-019,2024-11-19,1,21.71,0.1,19.54
OL-05634,ORD-12320,CUST-0663,PROD-028,2024-11-19,3,65.64,0.05,187.07
OL-05635,ORD-12321,CUST-0663,PROD-008,2025-04-07,2,342.59,0,685.18
OL-05636,ORD-12322,CUST-0663,PROD-006,2025-03-28,3,689.21,0,2067.63
OL-05637,ORD-12322,CUST-0663,PROD-037,2025-03-28,1,23.39,0,23.39
OL-05638,ORD-12322,CUST-0663,PROD-014,2025-03-28,1,487.6,0,487.6
OL-05639,ORD-12323,CUST-0663,PROD-008,2025-04-13,1,342.59,0.1,308.33
OL-05640,ORD-12323,CUST-0663,PROD-031,2025-04-13,1,164.42,0,164.42
OL-05641,ORD-12323,CUST-0663,PROD-023,2025-04-13,5,88.43,0.15,375.83
OL-05642,ORD-12323,CUST-0663,PROD-034,2025-04-13,5,79.8,0.1,359.1
OL-05643,ORD-12324,CUST-0663,PROD-019,2025-10-08,3,21.71,0.15,55.36
OL-05644,ORD-12325,CUST-0663,PROD-019,2024-12-19,1,21.71,0,21.71
OL-05645,ORD-12326,CUST-0664,PROD-023,2025-01-03,4,88.43,0.05,336.03
OL-05646,ORD-12327,CUST-0665,PROD-005,2024-04-05,2,843.32,0.1,1517.98
OL-05647,ORD-12327,CUST-0665,PROD-014,2024-04-05,1,487.6,0,487.6
OL-05648,ORD-12327,CUST-0665,PROD-022,2024-04-05,5,27.82,0.15,118.23
OL-05649,ORD-12328,CUST-0666,PROD-020,2025-05-15,5,37.73,0,188.65
OL-05650,ORD-12328,CUST-0666,PROD-030,2025-05-15,2,33.74,0,67.48
OL-05651,ORD-12328,CUST-0666,PROD-021,2025-05-15,5,38.34,0.15,162.95
OL-05652,ORD-12328,CUST-0666,PROD-023,2025-05-15,1,88.43,0,88.43
OL-05653,ORD-12329,CUST-0667,PROD-034,2024-04-05,4,79.8,0,319.2
OL-05654,ORD-12329,CUST-0667,PROD-021,2024-04-05,4,38.34,0.2,122.69
OL-05655,ORD-12329,CUST-0667,PROD-025,2024-04-05,4,25.5,0.1,91.8
OL-05656,ORD-12329,CUST-0667,PROD-019,2024-04-05,3,21.71,0,65.13
OL-05657,ORD-12330,CUST-0667,PROD-010,2024-06-05,4,121.48,0.2,388.74
OL-05658,ORD-12331,CUST-0668,PROD-026,2025-11-25,5,54.35,0.1,244.58
OL-05659,ORD-12332,CUST-0669,PROD-031,2024-08-04,4,164.42,0,657.68
OL-05660,ORD-12332,CUST-0669,PROD-007,2024-08-04,1,511.33,0,511.33
OL-05661,ORD-12333,CUST-0670,PROD-028,2025-12-01,5,65.64,0.1,295.38
OL-05662,ORD-12333,CUST-0670,PROD-034,2025-12-01,4,79.8,0.2,255.36
OL-05663,ORD-12333,CUST-0670,PROD-008,2025-12-01,4,342.59,0.05,1301.84
OL-05664,ORD-12333,CUST-0670,PROD-006,2025-12-01,3,689.21,0.1,1860.87
OL-05665,ORD-12334,CUST-0671,PROD-013,2024-11-06,4,134.4,0,537.6
OL-05666,ORD-12334,CUST-0671,PROD-011,2024-11-06,4,103.76,0.2,332.03
OL-05667,ORD-12335,CUST-0672,PROD-002,2025-07-22,2,505.32,0,1010.64
OL-05668,ORD-12335,CUST-0672,PROD-022,2025-07-22,2,27.82,0,55.64
OL-05669,ORD-12335,CUST-0672,PROD-035,2025-07-22,3,75.75,0.15,193.16
OL-05670,ORD-12336,CUST-0673,PROD-028,2024-01-17,2,65.64,0.1,118.15
OL-05671,ORD-12336,CUST-0673,PROD-021,2024-01-17,3,38.34,0,115.02
OL-05672,ORD-12336,CUST-0673,PROD-029,2024-01-17,3,32.8,0,98.4
OL-05673,ORD-12337,CUST-0674,PROD-019,2024-06-18,4,21.71,0.05,82.5
OL-05674,ORD-12337,CUST-0674,PROD-011,2024-06-18,2,103.76,0,207.52
OL-05675,ORD-12338,CUST-0674,PROD-022,2025-02-27,3,27.82,0.1,75.11
OL-05676,ORD-12338,CUST-0674,PROD-036,2025-02-27,3,97.89,0.05,278.99
OL-05677,ORD-12338,CUST-0674,PROD-003,2025-02-27,4,722.82,0.1,2602.15
OL-05678,ORD-12338,CUST-0674,PROD-005,2025-02-27,4,843.32,0.1,3035.95
OL-05679,ORD-12339,CUST-0674,PROD-001,2025-09-20,1,1226.38,0,1226.38
OL-05680,ORD-12339,CUST-0674,PROD-013,2025-09-20,5,134.4,0,672
OL-05681,ORD-12340,CUST-0674,PROD-030,2024-10-15,4,33.74,0.2,107.97
OL-05682,ORD-12340,CUST-0674,PROD-012,2024-10-15,4,109.67,0.05,416.75
OL-05683,ORD-12341,CUST-0674,PROD-017,2025-05-02,1,242.78,0.15,206.36
OL-05684,ORD-12341,CUST-0674,PROD-021,2025-05-02,3,38.34,0.2,92.02
OL-05685,ORD-12342,CUST-0675,PROD-011,2024-05-30,3,103.76,0,311.28
OL-05686,ORD-12343,CUST-0675,PROD-020,2025-09-04,2,37.73,0,75.46
OL-05687,ORD-12343,CUST-0675,PROD-028,2025-09-04,5,65.64,0.05,311.79
OL-05688,ORD-12343,CUST-0675,PROD-007,2025-09-04,2,511.33,0,1022.66
OL-05689,ORD-12344,CUST-0675,PROD-009,2025-03-15,5,89.78,0.2,359.12
OL-05690,ORD-12344,CUST-0675,PROD-001,2025-03-15,2,1226.38,0.05,2330.12
OL-05691,ORD-12344,CUST-0675,PROD-030,2025-03-15,4,33.74,0.05,128.21
OL-05692,ORD-12344,CUST-0675,PROD-015,2025-03-15,4,295.3,0.15,1004.02
OL-05693,ORD-12345,CUST-0675,PROD-008,2025-07-05,5,342.59,0,1712.95
OL-05694,ORD-12346,CUST-0676,PROD-009,2025-07-11,4,89.78,0,359.12
OL-05695,ORD-12346,CUST-0676,PROD-031,2025-07-11,1,164.42,0.2,131.54
OL-05696,ORD-12346,CUST-0676,PROD-033,2025-07-11,5,70.03,0,350.15
OL-05697,ORD-12347,CUST-0676,PROD-006,2025-07-30,2,689.21,0.15,1171.66
OL-05698,ORD-12347,CUST-0676,PROD-010,2025-07-30,3,121.48,0,364.44
OL-05699,ORD-12347,CUST-0676,PROD-005,2025-07-30,2,843.32,0,1686.64
OL-05700,ORD-12347,CUST-0676,PROD-004,2025-07-30,3,921.23,0.05,2625.51
OL-05701,ORD-12348,CUST-0676,PROD-023,2025-11-13,4,88.43,0.2,282.98
OL-05702,ORD-12349,CUST-0677,PROD-031,2025-09-22,5,164.42,0.1,739.89
OL-05703,ORD-12349,CUST-0677,PROD-007,2025-09-22,4,511.33,0,2045.32
OL-05704,ORD-12349,CUST-0677,PROD-028,2025-09-22,4,65.64,0,262.56
OL-05705,ORD-12349,CUST-0677,PROD-008,2025-09-22,5,342.59,0.05,1627.3
OL-05706,ORD-12350,CUST-0678,PROD-026,2024-06-19,1,54.35,0.1,48.91
OL-05707,ORD-12350,CUST-0678,PROD-030,2024-06-19,5,33.74,0.15,143.4
OL-05708,ORD-12350,CUST-0678,PROD-027,2024-06-19,4,52.67,0.1,189.61
OL-05709,ORD-12350,CUST-0678,PROD-019,2024-06-19,2,21.71,0,43.42
OL-05710,ORD-12351,CUST-0678,PROD-002,2024-11-28,2,505.32,0.2,808.51
OL-05711,ORD-12351,CUST-0678,PROD-024,2024-11-28,3,38.87,0,116.61
OL-05712,ORD-12351,CUST-0678,PROD-010,2024-11-28,4,121.48,0.15,413.03
OL-05713,ORD-12352,CUST-0678,PROD-013,2025-07-03,2,134.4,0.2,215.04
OL-05714,ORD-12352,CUST-0678,PROD-030,2025-07-03,1,33.74,0.1,30.37
OL-05715,ORD-12352,CUST-0678,PROD-012,2025-07-03,1,109.67,0.2,87.74
OL-05716,ORD-12353,CUST-0678,PROD-001,2024-11-13,1,1226.38,0,1226.38
OL-05717,ORD-12353,CUST-0678,PROD-030,2024-11-13,3,33.74,0.05,96.16
OL-05718,ORD-12354,CUST-0679,PROD-027,2025-01-17,1,52.67,0,52.67
OL-05719,ORD-12354,CUST-0679,PROD-004,2025-01-17,4,921.23,0.2,2947.94
OL-05720,ORD-12355,CUST-0679,PROD-006,2025-12-25,3,689.21,0,2067.63
OL-05721,ORD-12356,CUST-0680,PROD-003,2025-03-02,1,722.82,0.05,686.68
OL-05722,ORD-12357,CUST-0681,PROD-027,2025-07-11,1,52.67,0.1,47.4
OL-05723,ORD-12357,CUST-0681,PROD-001,2025-07-11,1,1226.38,0,1226.38
OL-05724,ORD-12358,CUST-0682,PROD-017,2025-04-21,3,242.78,0.1,655.51
OL-05725,ORD-12358,CUST-0682,PROD-030,2025-04-21,4,33.74,0.2,107.97
OL-05726,ORD-12359,CUST-0683,PROD-015,2024-05-30,3,295.3,0.1,797.31
OL-05727,ORD-12359,CUST-0683,PROD-021,2024-05-30,5,38.34,0.15,162.95
OL-05728,ORD-12360,CUST-0684,PROD-032,2025-06-26,1,129.73,0,129.73
OL-05729,ORD-12360,CUST-0684,PROD-006,2025-06-26,5,689.21,0.05,3273.75
OL-05730,ORD-12360,CUST-0684,PROD-012,2025-06-26,4,109.67,0.1,394.81
OL-05731,ORD-12361,CUST-0684,PROD-025,2025-08-26,4,25.5,0.15,86.7
OL-05732,ORD-12361,CUST-0684,PROD-016,2025-08-26,4,189.62,0.2,606.78
OL-05733,ORD-12361,CUST-0684,PROD-033,2025-08-26,3,70.03,0.15,178.58
OL-05734,ORD-12362,CUST-0685,PROD-002,2025-12-28,1,505.32,0.05,480.05
OL-05735,ORD-12362,CUST-0685,PROD-014,2025-12-28,2,487.6,0.2,780.16
OL-05736,ORD-12363,CUST-0686,PROD-024,2024-02-25,4,38.87,0.1,139.93
OL-05737,ORD-12363,CUST-0686,PROD-010,2024-02-25,3,121.48,0,364.44
OL-05738,ORD-12363,CUST-0686,PROD-034,2024-02-25,5,79.8,0,399
OL-05739,ORD-12363,CUST-0686,PROD-020,2024-02-25,4,37.73,0.15,128.28
OL-05740,ORD-12364,CUST-0686,PROD-001,2024-05-16,1,1226.38,0.1,1103.74
OL-05741,ORD-12364,CUST-0686,PROD-003,2024-05-16,4,722.82,0.15,2457.59
OL-05742,ORD-12364,CUST-0686,PROD-010,2024-05-16,1,121.48,0,121.48
OL-05743,ORD-12365,CUST-0686,PROD-002,2024-08-14,3,505.32,0,1515.96
OL-05744,ORD-12365,CUST-0686,PROD-021,2024-08-14,2,38.34,0.2,61.34
OL-05745,ORD-12365,CUST-0686,PROD-006,2024-08-14,2,689.21,0.05,1309.5
OL-05746,ORD-12365,CUST-0686,PROD-036,2024-08-14,1,97.89,0.05,93
OL-05747,ORD-12366,CUST-0686,PROD-004,2025-02-08,2,921.23,0,1842.46
OL-05748,ORD-12366,CUST-0686,PROD-013,2025-02-08,4,134.4,0.2,430.08
OL-05749,ORD-12367,CUST-0686,PROD-025,2025-02-10,1,25.5,0,25.5
OL-05750,ORD-12367,CUST-0686,PROD-013,2025-02-10,1,134.4,0,134.4
OL-05751,ORD-12368,CUST-0686,PROD-004,2025-03-16,5,921.23,0.2,3684.92
OL-05752,ORD-12369,CUST-0687,PROD-005,2024-10-21,4,843.32,0.1,3035.95
OL-05753,ORD-12369,CUST-0687,PROD-036,2024-10-21,1,97.89,0.15,83.21
OL-05754,ORD-12370,CUST-0687,PROD-035,2024-11-06,5,75.75,0.15,321.94
OL-05755,ORD-12370,CUST-0687,PROD-003,2024-11-06,2,722.82,0,1445.64
OL-05756,ORD-12370,CUST-0687,PROD-012,2024-11-06,3,109.67,0,329.01
OL-05757,ORD-12371,CUST-0687,PROD-004,2025-04-25,1,921.23,0,921.23
OL-05758,ORD-12371,CUST-0687,PROD-015,2025-04-25,2,295.3,0.15,502.01
OL-05759,ORD-12372,CUST-0687,PROD-028,2025-06-20,4,65.64,0,262.56
OL-05760,ORD-12372,CUST-0687,PROD-006,2025-06-20,5,689.21,0.15,2929.14
OL-05761,ORD-12372,CUST-0687,PROD-016,2025-06-20,1,189.62,0.1,170.66
OL-05762,ORD-12372,CUST-0687,PROD-027,2025-06-20,1,52.67,0,52.67
OL-05763,ORD-12373,CUST-0687,PROD-034,2025-01-14,3,79.8,0.2,191.52
OL-05764,ORD-12373,CUST-0687,PROD-005,2025-01-14,4,843.32,0.15,2867.29
OL-05765,ORD-12373,CUST-0687,PROD-023,2025-01-14,3,88.43,0.2,212.23
OL-05766,ORD-12373,CUST-0687,PROD-037,2025-01-14,4,23.39,0.2,74.85
OL-05767,ORD-12374,CUST-0687,PROD-015,2024-11-06,1,295.3,0,295.3
OL-05768,ORD-12374,CUST-0687,PROD-005,2024-11-06,5,843.32,0,4216.6
OL-05769,ORD-12374,CUST-0687,PROD-006,2024-11-06,2,689.21,0,1378.42
OL-05770,ORD-12375,CUST-0688,PROD-032,2024-12-02,3,129.73,0,389.19
OL-05771,ORD-12375,CUST-0688,PROD-013,2024-12-02,1,134.4,0.1,120.96
OL-05772,ORD-12375,CUST-0688,PROD-029,2024-12-02,5,32.8,0,164
OL-05773,ORD-12375,CUST-0688,PROD-033,2024-12-02,3,70.03,0,210.09
OL-05774,ORD-12376,CUST-0688,PROD-015,2025-11-23,1,295.3,0.2,236.24
OL-05775,ORD-12376,CUST-0688,PROD-031,2025-11-23,1,164.42,0.05,156.2
OL-05776,ORD-12376,CUST-0688,PROD-027,2025-11-23,4,52.67,0.05,200.15
OL-05777,ORD-12376,CUST-0688,PROD-023,2025-11-23,4,88.43,0.15,300.66
OL-05778,ORD-12377,CUST-0689,PROD-033,2024-07-01,4,70.03,0.05,266.11
OL-05779,ORD-12378,CUST-0689,PROD-034,2025-02-04,2,79.8,0.05,151.62
OL-05780,ORD-12378,CUST-0689,PROD-035,2025-02-04,2,75.75,0.05,143.92
OL-05781,ORD-12379,CUST-0689,PROD-002,2025-04-20,2,505.32,0.05,960.11
OL-05782,ORD-12379,CUST-0689,PROD-006,2025-04-20,4,689.21,0,2756.84
OL-05783,ORD-12379,CUST-0689,PROD-026,2025-04-20,5,54.35,0,271.75
OL-05784,ORD-12380,CUST-0689,PROD-028,2024-10-18,5,65.64,0.15,278.97
OL-05785,ORD-12380,CUST-0689,PROD-029,2024-10-18,2,32.8,0.05,62.32
OL-05786,ORD-12380,CUST-0689,PROD-033,2024-10-18,4,70.03,0,280.12
OL-05787,ORD-12380,CUST-0689,PROD-001,2024-10-18,4,1226.38,0.2,3924.42
OL-05788,ORD-12381,CUST-0689,PROD-012,2024-12-29,5,109.67,0.15,466.1
OL-05789,ORD-12381,CUST-0689,PROD-036,2024-12-29,5,97.89,0.1,440.5
OL-05790,ORD-12382,CUST-0689,PROD-019,2024-07-16,5,21.71,0,108.55
OL-05791,ORD-12382,CUST-0689,PROD-016,2024-07-16,2,189.62,0,379.24
OL-05792,ORD-12382,CUST-0689,PROD-021,2024-07-16,3,38.34,0.1,103.52
OL-05793,ORD-12382,CUST-0689,PROD-037,2024-07-16,4,23.39,0.05,88.88
OL-05794,ORD-12383,CUST-0689,PROD-028,2025-03-11,5,65.64,0.2,262.56
OL-05795,ORD-12383,CUST-0689,PROD-021,2025-03-11,4,38.34,0.05,145.69
OL-05796,ORD-12384,CUST-0689,PROD-036,2024-12-14,2,97.89,0.1,176.2
OL-05797,ORD-12385,CUST-0689,PROD-021,2025-01-21,1,38.34,0,38.34
OL-05798,ORD-12386,CUST-0689,PROD-008,2025-10-29,4,342.59,0,1370.36
OL-05799,ORD-12386,CUST-0689,PROD-029,2025-10-29,4,32.8,0.1,118.08
OL-05800,ORD-12386,CUST-0689,PROD-007,2025-10-29,5,511.33,0,2556.65
OL-05801,ORD-12387,CUST-0689,PROD-009,2025-05-04,5,89.78,0.2,359.12
OL-05802,ORD-12388,CUST-0690,PROD-023,2024-07-23,1,88.43,0.15,75.17
OL-05803,ORD-12388,CUST-0690,PROD-006,2024-07-23,1,689.21,0.2,551.37
OL-05804,ORD-12388,CUST-0690,PROD-035,2024-07-23,3,75.75,0.1,204.53
OL-05805,ORD-12388,CUST-0690,PROD-029,2024-07-23,4,32.8,0,131.2
OL-05806,ORD-12389,CUST-0691,PROD-003,2024-09-25,3,722.82,0,2168.46
OL-05807,ORD-12389,CUST-0691,PROD-001,2024-09-25,5,1226.38,0.15,5212.12
OL-05808,ORD-12389,CUST-0691,PROD-012,2024-09-25,2,109.67,0.1,197.41
OL-05809,ORD-12390,CUST-0692,PROD-023,2025-09-06,1,88.43,0.2,70.74
OL-05810,ORD-12390,CUST-0692,PROD-030,2025-09-06,2,33.74,0.1,60.73
OL-05811,ORD-12390,CUST-0692,PROD-004,2025-09-06,2,921.23,0,1842.46
OL-05812,ORD-12390,CUST-0692,PROD-015,2025-09-06,1,295.3,0,295.3
OL-05813,ORD-12391,CUST-0693,PROD-022,2024-11-28,1,27.82,0.15,23.65
OL-05814,ORD-12391,CUST-0693,PROD-001,2024-11-28,5,1226.38,0.05,5825.31
OL-05815,ORD-12392,CUST-0694,PROD-032,2024-06-25,3,129.73,0,389.19
OL-05816,ORD-12393,CUST-0694,PROD-026,2025-04-28,5,54.35,0,271.75
OL-05817,ORD-12394,CUST-0695,PROD-011,2025-09-24,2,103.76,0.05,197.14
OL-05818,ORD-12394,CUST-0695,PROD-015,2025-09-24,5,295.3,0,1476.5
OL-05819,ORD-12395,CUST-0696,PROD-036,2025-06-07,1,97.89,0.05,93
OL-05820,ORD-12396,CUST-0696,PROD-001,2025-09-16,4,1226.38,0.15,4169.69
OL-05821,ORD-12397,CUST-0696,PROD-009,2025-09-30,3,89.78,0.2,215.47
OL-05822,ORD-12398,CUST-0696,PROD-028,2025-09-18,4,65.64,0,262.56
OL-05823,ORD-12398,CUST-0696,PROD-009,2025-09-18,2,89.78,0.05,170.58
OL-05824,ORD-12398,CUST-0696,PROD-017,2025-09-18,3,242.78,0,728.34
OL-05825,ORD-12398,CUST-0696,PROD-037,2025-09-18,3,23.39,0.05,66.66
OL-05826,ORD-12399,CUST-0697,PROD-018,2025-11-20,3,9.52,0.05,27.13
OL-05827,ORD-12400,CUST-0698,PROD-027,2025-12-22,1,52.67,0.15,44.77
OL-05828,ORD-12400,CUST-0698,PROD-032,2025-12-22,4,129.73,0.1,467.03
OL-05829,ORD-12400,CUST-0698,PROD-017,2025-12-22,4,242.78,0.2,776.9
OL-05830,ORD-12401,CUST-0699,PROD-017,2024-11-25,3,242.78,0,728.34
OL-05831,ORD-12401,CUST-0699,PROD-024,2024-11-25,1,38.87,0,38.87
OL-05832,ORD-12401,CUST-0699,PROD-015,2024-11-25,4,295.3,0.15,1004.02
OL-05833,ORD-12402,CUST-0700,PROD-023,2025-11-14,5,88.43,0,442.15
OL-05834,ORD-12402,CUST-0700,PROD-033,2025-11-14,3,70.03,0.1,189.08
OL-05835,ORD-12402,CUST-0700,PROD-013,2025-11-14,2,134.4,0.15,228.48
OL-05836,ORD-12402,CUST-0700,PROD-018,2025-11-14,3,9.52,0.15,24.28
OL-05837,ORD-12403,CUST-0701,PROD-011,2025-08-13,4,103.76,0.05,394.29
OL-05838,ORD-12403,CUST-0701,PROD-027,2025-08-13,3,52.67,0.1,142.21
OL-05839,ORD-12403,CUST-0701,PROD-032,2025-08-13,3,129.73,0,389.19
OL-05840,ORD-12403,CUST-0701,PROD-014,2025-08-13,2,487.6,0,975.2
OL-05841,ORD-12404,CUST-0702,PROD-031,2025-01-05,5,164.42,0.1,739.89
OL-05842,ORD-12404,CUST-0702,PROD-024,2025-01-05,3,38.87,0,116.61
OL-05843,ORD-12404,CUST-0702,PROD-034,2025-01-05,2,79.8,0.2,127.68
OL-05844,ORD-12404,CUST-0702,PROD-001,2025-01-05,4,1226.38,0.2,3924.42
OL-05845,ORD-12405,CUST-0703,PROD-017,2024-11-13,2,242.78,0.2,388.45
OL-05846,ORD-12405,CUST-0703,PROD-020,2024-11-13,4,37.73,0.1,135.83
OL-05847,ORD-12406,CUST-0703,PROD-035,2025-11-16,1,75.75,0.2,60.6
OL-05848,ORD-12406,CUST-0703,PROD-003,2025-11-16,3,722.82,0,2168.46
OL-05849,ORD-12406,CUST-0703,PROD-023,2025-11-16,1,88.43,0,88.43
OL-05850,ORD-12407,CUST-0703,PROD-012,2025-12-02,5,109.67,0,548.35
OL-05851,ORD-12408,CUST-0704,PROD-011,2025-09-03,2,103.76,0,207.52
OL-05852,ORD-12408,CUST-0704,PROD-001,2025-09-03,2,1226.38,0.2,1962.21
OL-05853,ORD-12408,CUST-0704,PROD-004,2025-09-03,5,921.23,0.2,3684.92
OL-05854,ORD-12408,CUST-0704,PROD-030,2025-09-03,2,33.74,0.1,60.73
OL-05855,ORD-12409,CUST-0705,PROD-029,2025-10-18,5,32.8,0,164
OL-05856,ORD-12409,CUST-0705,PROD-015,2025-10-18,3,295.3,0.15,753.02
OL-05857,ORD-12409,CUST-0705,PROD-032,2025-10-18,3,129.73,0.15,330.81
OL-05858,ORD-12409,CUST-0705,PROD-010,2025-10-18,1,121.48,0,121.48
OL-05859,ORD-12410,CUST-0706,PROD-005,2025-12-10,4,843.32,0,3373.28
OL-05860,ORD-12411,CUST-0707,PROD-008,2024-10-27,2,342.59,0.15,582.4
OL-05861,ORD-12411,CUST-0707,PROD-023,2024-10-27,1,88.43,0,88.43
OL-05862,ORD-12411,CUST-0707,PROD-003,2024-10-27,3,722.82,0,2168.46
OL-05863,ORD-12412,CUST-0707,PROD-036,2025-10-13,3,97.89,0,293.67
OL-05864,ORD-12412,CUST-0707,PROD-007,2025-10-13,3,511.33,0,1533.99
OL-05865,ORD-12413,CUST-0708,PROD-030,2024-08-20,2,33.74,0.2,53.98
OL-05866,ORD-12413,CUST-0708,PROD-017,2024-08-20,2,242.78,0.2,388.45
OL-05867,ORD-12414,CUST-0708,PROD-013,2025-05-13,1,134.4,0,134.4
OL-05868,ORD-12414,CUST-0708,PROD-006,2025-05-13,2,689.21,0.15,1171.66
OL-05869,ORD-12414,CUST-0708,PROD-007,2025-05-13,3,511.33,0.1,1380.59
OL-05870,ORD-12415,CUST-0708,PROD-011,2024-09-18,2,103.76,0.05,197.14
OL-05871,ORD-12415,CUST-0708,PROD-026,2024-09-18,3,54.35,0,163.05
OL-05872,ORD-12415,CUST-0708,PROD-023,2024-09-18,5,88.43,0.05,420.04
OL-05873,ORD-12416,CUST-0708,PROD-012,2025-11-08,5,109.67,0,548.35
OL-05874,ORD-12416,CUST-0708,PROD-023,2025-11-08,4,88.43,0,353.72
OL-05875,ORD-12416,CUST-0708,PROD-008,2025-11-08,5,342.59,0,1712.95
OL-05876,ORD-12416,CUST-0708,PROD-004,2025-11-08,5,921.23,0.15,3915.23
OL-05877,ORD-12417,CUST-0708,PROD-023,2025-08-16,1,88.43,0,88.43
OL-05878,ORD-12417,CUST-0708,PROD-019,2025-08-16,4,21.71,0,86.84
OL-05879,ORD-12417,CUST-0708,PROD-022,2025-08-16,5,27.82,0.2,111.28
OL-05880,ORD-12418,CUST-0708,PROD-015,2025-12-13,3,295.3,0,885.9
OL-05881,ORD-12419,CUST-0708,PROD-020,2024-10-14,4,37.73,0.15,128.28
OL-05882,ORD-12419,CUST-0708,PROD-023,2024-10-14,1,88.43,0.2,70.74
OL-05883,ORD-12419,CUST-0708,PROD-021,2024-10-14,4,38.34,0,153.36
OL-05884,ORD-12419,CUST-0708,PROD-015,2024-10-14,4,295.3,0,1181.2
OL-05885,ORD-12420,CUST-0708,PROD-027,2025-06-09,4,52.67,0,210.68
OL-05886,ORD-12421,CUST-0708,PROD-017,2025-01-08,1,242.78,0.15,206.36
OL-05887,ORD-12421,CUST-0708,PROD-025,2025-01-08,3,25.5,0.2,61.2
OL-05888,ORD-12421,CUST-0708,PROD-007,2025-01-08,4,511.33,0,2045.32
OL-05889,ORD-12421,CUST-0708,PROD-009,2025-01-08,4,89.78,0.15,305.25
OL-05890,ORD-12422,CUST-0708,PROD-028,2025-09-08,1,65.64,0,65.64
OL-05891,ORD-12422,CUST-0708,PROD-017,2025-09-08,4,242.78,0,971.12
OL-05892,ORD-12423,CUST-0708,PROD-034,2025-05-25,4,79.8,0.05,303.24
OL-05893,ORD-12423,CUST-0708,PROD-008,2025-05-25,2,342.59,0,685.18
OL-05894,ORD-12423,CUST-0708,PROD-033,2025-05-25,5,70.03,0.1,315.13
OL-05895,ORD-12424,CUST-0708,PROD-028,2025-12-25,5,65.64,0,328.2
OL-05896,ORD-12425,CUST-0708,PROD-016,2024-10-16,4,189.62,0.15,644.71
OL-05897,ORD-12425,CUST-0708,PROD-002,2024-10-16,4,505.32,0,2021.28
OL-05898,ORD-12425,CUST-0708,PROD-022,2024-10-16,3,27.82,0,83.46
OL-05899,ORD-12425,CUST-0708,PROD-005,2024-10-16,1,843.32,0.15,716.82
OL-05900,ORD-12426,CUST-0709,PROD-009,2024-12-27,4,89.78,0,359.12
OL-05901,ORD-12426,CUST-0709,PROD-027,2024-12-27,1,52.67,0,52.67
OL-05902,ORD-12427,CUST-0710,PROD-015,2024-05-14,5,295.3,0,1476.5
OL-05903,ORD-12427,CUST-0710,PROD-034,2024-05-14,3,79.8,0.1,215.46
OL-05904,ORD-12427,CUST-0710,PROD-036,2024-05-14,3,97.89,0.2,234.94
OL-05905,ORD-12428,CUST-0710,PROD-019,2025-09-20,2,21.71,0,43.42
OL-05906,ORD-12429,CUST-0710,PROD-016,2024-08-11,3,189.62,0,568.86
OL-05907,ORD-12429,CUST-0710,PROD-026,2024-08-11,2,54.35,0.1,97.83
OL-05908,ORD-12429,CUST-0710,PROD-020,2024-08-11,2,37.73,0.2,60.37
OL-05909,ORD-12430,CUST-0710,PROD-007,2025-06-02,3,511.33,0,1533.99
OL-05910,ORD-12430,CUST-0710,PROD-016,2025-06-02,4,189.62,0,758.48
OL-05911,ORD-12431,CUST-0710,PROD-029,2025-06-25,2,32.8,0.1,59.04
OL-05912,ORD-12431,CUST-0710,PROD-025,2025-06-25,5,25.5,0,127.5
OL-05913,ORD-12431,CUST-0710,PROD-030,2025-06-25,1,33.74,0.15,28.68
OL-05914,ORD-12432,CUST-0710,PROD-002,2024-11-14,2,505.32,0,1010.64
OL-05915,ORD-12432,CUST-0710,PROD-019,2024-11-14,5,21.71,0.2,86.84
OL-05916,ORD-12432,CUST-0710,PROD-017,2024-11-14,2,242.78,0.15,412.73
OL-05917,ORD-12433,CUST-0710,PROD-028,2024-10-29,2,65.64,0.2,105.02
OL-05918,ORD-12433,CUST-0710,PROD-024,2024-10-29,1,38.87,0,38.87
OL-05919,ORD-12434,CUST-0710,PROD-031,2025-05-15,1,164.42,0,164.42
OL-05920,ORD-12434,CUST-0710,PROD-008,2025-05-15,1,342.59,0.05,325.46
OL-05921,ORD-12435,CUST-0710,PROD-030,2024-08-12,5,33.74,0,168.7
OL-05922,ORD-12436,CUST-0711,PROD-005,2025-10-22,2,843.32,0.1,1517.98
OL-05923,ORD-12436,CUST-0711,PROD-029,2025-10-22,1,32.8,0.2,26.24
OL-05924,ORD-12436,CUST-0711,PROD-014,2025-10-22,4,487.6,0,1950.4
OL-05925,ORD-12437,CUST-0712,PROD-004,2025-11-29,5,921.23,0.05,4375.84
OL-05926,ORD-12438,CUST-0713,PROD-011,2024-07-26,5,103.76,0.1,466.92
OL-05927,ORD-12438,CUST-0713,PROD-007,2024-07-26,2,511.33,0.05,971.53
OL-05928,ORD-12439,CUST-0713,PROD-021,2025-05-27,4,38.34,0,153.36
OL-05929,ORD-12440,CUST-0713,PROD-028,2025-07-23,3,65.64,0,196.92
OL-05930,ORD-12440,CUST-0713,PROD-031,2025-07-23,5,164.42,0.1,739.89
OL-05931,ORD-12440,CUST-0713,PROD-008,2025-07-23,4,342.59,0.05,1301.84
OL-05932,ORD-12440,CUST-0713,PROD-002,2025-07-23,1,505.32,0.05,480.05
OL-05933,ORD-12441,CUST-0713,PROD-023,2025-07-05,2,88.43,0,176.86
OL-05934,ORD-12441,CUST-0713,PROD-006,2025-07-05,3,689.21,0,2067.63
OL-05935,ORD-12441,CUST-0713,PROD-024,2025-07-05,3,38.87,0,116.61
OL-05936,ORD-12442,CUST-0713,PROD-001,2024-08-15,4,1226.38,0.15,4169.69
OL-05937,ORD-12442,CUST-0713,PROD-009,2024-08-15,5,89.78,0,448.9
OL-05938,ORD-12443,CUST-0714,PROD-036,2025-05-19,3,97.89,0,293.67
OL-05939,ORD-12443,CUST-0714,PROD-003,2025-05-19,2,722.82,0.1,1301.08
OL-05940,ORD-12443,CUST-0714,PROD-014,2025-05-19,3,487.6,0.1,1316.52
OL-05941,ORD-12443,CUST-0714,PROD-020,2025-05-19,4,37.73,0.05,143.37
OL-05942,ORD-12444,CUST-0715,PROD-016,2025-06-09,1,189.62,0,189.62
OL-05943,ORD-12445,CUST-0715,PROD-018,2025-06-28,4,9.52,0.15,32.37
OL-05944,ORD-12445,CUST-0715,PROD-027,2025-06-28,3,52.67,0,158.01
OL-05945,ORD-12446,CUST-0716,PROD-016,2024-10-12,5,189.62,0.1,853.29
OL-05946,ORD-12446,CUST-0716,PROD-028,2024-10-12,1,65.64,0,65.64
OL-05947,ORD-12447,CUST-0716,PROD-036,2024-12-04,4,97.89,0,391.56
OL-05948,ORD-12447,CUST-0716,PROD-009,2024-12-04,1,89.78,0,89.78
OL-05949,ORD-12448,CUST-0717,PROD-007,2024-05-19,4,511.33,0,2045.32
OL-05950,ORD-12448,CUST-0717,PROD-016,2024-05-19,1,189.62,0.1,170.66
OL-05951,ORD-12448,CUST-0717,PROD-018,2024-05-19,3,9.52,0,28.56
OL-05952,ORD-12449,CUST-0717,PROD-007,2024-08-18,2,511.33,0.1,920.39
OL-05953,ORD-12450,CUST-0717,PROD-024,2025-05-05,2,38.87,0,77.74
OL-05954,ORD-12450,CUST-0717,PROD-016,2025-05-05,5,189.62,0.15,805.88
OL-05955,ORD-12451,CUST-0717,PROD-025,2024-09-11,5,25.5,0,127.5
OL-05956,ORD-12452,CUST-0717,PROD-015,2025-06-08,5,295.3,0.1,1328.85
OL-05957,ORD-12452,CUST-0717,PROD-027,2025-06-08,1,52.67,0.15,44.77
OL-05958,ORD-12452,CUST-0717,PROD-001,2025-06-08,4,1226.38,0,4905.52
OL-05959,ORD-12452,CUST-0717,PROD-016,2025-06-08,4,189.62,0.1,682.63
OL-05960,ORD-12453,CUST-0717,PROD-033,2024-06-09,4,70.03,0,280.12
OL-05961,ORD-12453,CUST-0717,PROD-020,2024-06-09,1,37.73,0,37.73
OL-05962,ORD-12453,CUST-0717,PROD-032,2024-06-09,1,129.73,0,129.73
OL-05963,ORD-12453,CUST-0717,PROD-028,2024-06-09,2,65.64,0,131.28
OL-05964,ORD-12454,CUST-0717,PROD-004,2024-10-12,4,921.23,0,3684.92
OL-05965,ORD-12455,CUST-0717,PROD-028,2025-01-22,2,65.64,0,131.28
OL-05966,ORD-12456,CUST-0717,PROD-002,2025-03-17,1,505.32,0,505.32
OL-05967,ORD-12456,CUST-0717,PROD-035,2025-03-17,2,75.75,0.05,143.92
OL-05968,ORD-12456,CUST-0717,PROD-021,2025-03-17,1,38.34,0.1,34.51
OL-05969,ORD-12457,CUST-0717,PROD-008,2024-12-10,5,342.59,0.2,1370.36
OL-05970,ORD-12458,CUST-0717,PROD-020,2024-07-14,3,37.73,0.05,107.53
OL-05971,ORD-12458,CUST-0717,PROD-024,2024-07-14,5,38.87,0.05,184.63
OL-05972,ORD-12458,CUST-0717,PROD-017,2024-07-14,2,242.78,0.1,437
OL-05973,ORD-12459,CUST-0717,PROD-022,2024-12-22,5,27.82,0,139.1
OL-05974,ORD-12459,CUST-0717,PROD-025,2024-12-22,4,25.5,0.05,96.9
OL-05975,ORD-12459,CUST-0717,PROD-008,2024-12-22,4,342.59,0,1370.36
OL-05976,ORD-12460,CUST-0717,PROD-029,2024-10-01,2,32.8,0.2,52.48
OL-05977,ORD-12460,CUST-0717,PROD-008,2024-10-01,4,342.59,0,1370.36
OL-05978,ORD-12460,CUST-0717,PROD-033,2024-10-01,5,70.03,0,350.15
OL-05979,ORD-12460,CUST-0717,PROD-027,2024-10-01,4,52.67,0,210.68
OL-05980,ORD-12461,CUST-0717,PROD-025,2024-08-10,1,25.5,0,25.5
OL-05981,ORD-12461,CUST-0717,PROD-029,2024-08-10,3,32.8,0.05,93.48
OL-05982,ORD-12461,CUST-0717,PROD-035,2024-08-10,2,75.75,0.05,143.92
OL-05983,ORD-12461,CUST-0717,PROD-015,2024-08-10,1,295.3,0,295.3
OL-05984,ORD-12462,CUST-0718,PROD-019,2025-06-07,2,21.71,0.15,36.91
OL-05985,ORD-12462,CUST-0718,PROD-003,2025-06-07,3,722.82,0.15,1843.19
OL-05986,ORD-12462,CUST-0718,PROD-011,2025-06-07,4,103.76,0,415.04
OL-05987,ORD-12462,CUST-0718,PROD-009,2025-06-07,3,89.78,0,269.34
OL-05988,ORD-12463,CUST-0719,PROD-012,2025-02-12,2,109.67,0,219.34
OL-05989,ORD-12463,CUST-0719,PROD-032,2025-02-12,3,129.73,0.15,330.81
OL-05990,ORD-12463,CUST-0719,PROD-028,2025-02-12,1,65.64,0,65.64
OL-05991,ORD-12463,CUST-0719,PROD-014,2025-02-12,4,487.6,0.05,1852.88
OL-05992,ORD-12464,CUST-0720,PROD-020,2025-11-24,2,37.73,0.15,64.14
OL-05993,ORD-12465,CUST-0721,PROD-012,2024-04-22,2,109.67,0,219.34
OL-05994,ORD-12465,CUST-0721,PROD-019,2024-04-22,5,21.71,0.05,103.12
OL-05995,ORD-12465,CUST-0721,PROD-033,2024-04-22,5,70.03,0.15,297.63
OL-05996,ORD-12466,CUST-0721,PROD-027,2024-12-08,4,52.67,0,210.68
OL-05997,ORD-12466,CUST-0721,PROD-017,2024-12-08,3,242.78,0.05,691.92
OL-05998,ORD-12467,CUST-0721,PROD-035,2024-10-14,4,75.75,0,303
OL-05999,ORD-12467,CUST-0721,PROD-037,2024-10-14,2,23.39,0.05,44.44
OL-06000,ORD-12467,CUST-0721,PROD-025,2024-10-14,5,25.5,0.1,114.75
OL-06001,ORD-12467,CUST-0721,PROD-033,2024-10-14,2,70.03,0,140.06
OL-06002,ORD-12468,CUST-0721,PROD-035,2024-05-21,5,75.75,0.15,321.94
OL-06003,ORD-12468,CUST-0721,PROD-015,2024-05-21,2,295.3,0.05,561.07
OL-06004,ORD-12468,CUST-0721,PROD-032,2024-05-21,2,129.73,0.15,220.54
OL-06005,ORD-12469,CUST-0721,PROD-023,2025-07-12,5,88.43,0,442.15
OL-06006,ORD-12470,CUST-0721,PROD-008,2025-05-24,4,342.59,0,1370.36
OL-06007,ORD-12470,CUST-0721,PROD-011,2025-05-24,4,103.76,0,415.04
OL-06008,ORD-12471,CUST-0721,PROD-018,2025-03-09,1,9.52,0,9.52
OL-06009,ORD-12471,CUST-0721,PROD-005,2025-03-09,1,843.32,0.05,801.15
OL-06010,ORD-12472,CUST-0721,PROD-007,2025-05-22,5,511.33,0.05,2428.82
OL-06011,ORD-12472,CUST-0721,PROD-006,2025-05-22,2,689.21,0,1378.42
OL-06012,ORD-12473,CUST-0721,PROD-018,2025-01-24,1,9.52,0.1,8.57
OL-06013,ORD-12473,CUST-0721,PROD-031,2025-01-24,2,164.42,0,328.84
OL-06014,ORD-12474,CUST-0721,PROD-029,2024-06-20,5,32.8,0.2,131.2
OL-06015,ORD-12475,CUST-0721,PROD-004,2025-09-03,5,921.23,0.1,4145.53
OL-06016,ORD-12475,CUST-0721,PROD-031,2025-09-03,5,164.42,0.15,698.78
OL-06017,ORD-12475,CUST-0721,PROD-022,2025-09-03,3,27.82,0.2,66.77
OL-06018,ORD-12475,CUST-0721,PROD-029,2025-09-03,5,32.8,0.05,155.8
OL-06019,ORD-12476,CUST-0721,PROD-029,2025-08-07,2,32.8,0.2,52.48
OL-06020,ORD-12476,CUST-0721,PROD-004,2025-08-07,2,921.23,0,1842.46
OL-06021,ORD-12476,CUST-0721,PROD-021,2025-08-07,4,38.34,0,153.36
OL-06022,ORD-12477,CUST-0721,PROD-035,2024-07-02,4,75.75,0,303
OL-06023,ORD-12477,CUST-0721,PROD-027,2024-07-02,5,52.67,0.15,223.85
OL-06024,ORD-12477,CUST-0721,PROD-022,2024-07-02,1,27.82,0.1,25.04
OL-06025,ORD-12478,CUST-0721,PROD-001,2025-03-20,4,1226.38,0,4905.52
OL-06026,ORD-12479,CUST-0721,PROD-021,2025-01-14,2,38.34,0,76.68
OL-06027,ORD-12479,CUST-0721,PROD-027,2025-01-14,4,52.67,0,210.68
OL-06028,ORD-12480,CUST-0721,PROD-011,2025-07-05,5,103.76,0.05,492.86
OL-06029,ORD-12481,CUST-0721,PROD-029,2024-11-10,1,32.8,0.05,31.16
OL-06030,ORD-12481,CUST-0721,PROD-012,2024-11-10,5,109.67,0,548.35
OL-06031,ORD-12481,CUST-0721,PROD-027,2024-11-10,5,52.67,0.05,250.18
OL-06032,ORD-12482,CUST-0721,PROD-036,2024-08-26,5,97.89,0.2,391.56
OL-06033,ORD-12482,CUST-0721,PROD-033,2024-08-26,2,70.03,0.1,126.05
OL-06034,ORD-12482,CUST-0721,PROD-005,2024-08-26,5,843.32,0.15,3584.11
OL-06035,ORD-12482,CUST-0721,PROD-006,2024-08-26,5,689.21,0.1,3101.45
OL-06036,ORD-12483,CUST-0721,PROD-034,2024-06-03,2,79.8,0.15,135.66
OL-06037,ORD-12483,CUST-0721,PROD-011,2024-06-03,1,103.76,0.05,98.57
OL-06038,ORD-12483,CUST-0721,PROD-004,2024-06-03,1,921.23,0.05,875.17
OL-06039,ORD-12483,CUST-0721,PROD-008,2024-06-03,4,342.59,0,1370.36
OL-06040,ORD-12484,CUST-0721,PROD-008,2024-08-11,2,342.59,0.2,548.14
OL-06041,ORD-12484,CUST-0721,PROD-025,2024-08-11,2,25.5,0.05,48.45
OL-06042,ORD-12485,CUST-0721,PROD-016,2025-08-21,1,189.62,0.05,180.14
OL-06043,ORD-12486,CUST-0721,PROD-018,2025-03-17,5,9.52,0.2,38.08
OL-06044,ORD-12486,CUST-0721,PROD-003,2025-03-17,1,722.82,0,722.82
OL-06045,ORD-12486,CUST-0721,PROD-020,2025-03-17,4,37.73,0.15,128.28
OL-06046,ORD-12487,CUST-0722,PROD-019,2024-02-26,3,21.71,0.1,58.62
OL-06047,ORD-12487,CUST-0722,PROD-024,2024-02-26,2,38.87,0,77.74
OL-06048,ORD-12487,CUST-0722,PROD-034,2024-02-26,4,79.8,0.2,255.36
OL-06049,ORD-12488,CUST-0723,PROD-036,2025-02-05,2,97.89,0.05,185.99
OL-06050,ORD-12488,CUST-0723,PROD-008,2025-02-05,3,342.59,0.15,873.6
OL-06051,ORD-12489,CUST-0724,PROD-010,2024-07-25,3,121.48,0,364.44
OL-06052,ORD-12489,CUST-0724,PROD-021,2024-07-25,4,38.34,0.2,122.69
OL-06053,ORD-12490,CUST-0724,PROD-012,2024-12-26,3,109.67,0.1,296.11
OL-06054,ORD-12491,CUST-0724,PROD-017,2025-11-02,4,242.78,0.2,776.9
OL-06055,ORD-12492,CUST-0724,PROD-007,2025-03-12,2,511.33,0.05,971.53
OL-06056,ORD-12492,CUST-0724,PROD-012,2025-03-12,1,109.67,0,109.67
OL-06057,ORD-12493,CUST-0724,PROD-015,2025-07-31,3,295.3,0,885.9
OL-06058,ORD-12493,CUST-0724,PROD-037,2025-07-31,2,23.39,0.15,39.76
OL-06059,ORD-12493,CUST-0724,PROD-017,2025-07-31,5,242.78,0,1213.9
OL-06060,ORD-12493,CUST-0724,PROD-023,2025-07-31,3,88.43,0,265.29
OL-06061,ORD-12494,CUST-0724,PROD-025,2024-09-26,5,25.5,0,127.5
OL-06062,ORD-12494,CUST-0724,PROD-014,2024-09-26,1,487.6,0.2,390.08
OL-06063,ORD-12494,CUST-0724,PROD-004,2024-09-26,4,921.23,0.1,3316.43
OL-06064,ORD-12495,CUST-0724,PROD-003,2025-03-01,3,722.82,0.2,1734.77
OL-06065,ORD-12495,CUST-0724,PROD-028,2025-03-01,5,65.64,0.1,295.38
OL-06066,ORD-12495,CUST-0724,PROD-020,2025-03-01,4,37.73,0,150.92
OL-06067,ORD-12496,CUST-0724,PROD-003,2025-06-27,1,722.82,0.05,686.68
OL-06068,ORD-12496,CUST-0724,PROD-036,2025-06-27,4,97.89,0.15,332.83
OL-06069,ORD-12496,CUST-0724,PROD-012,2025-06-27,2,109.67,0,219.34
OL-06070,ORD-12497,CUST-0724,PROD-027,2025-07-08,4,52.67,0.1,189.61
OL-06071,ORD-12498,CUST-0724,PROD-014,2024-09-10,2,487.6,0.1,877.68
OL-06072,ORD-12499,CUST-0725,PROD-028,2024-06-14,1,65.64,0.05,62.36
OL-06073,ORD-12499,CUST-0725,PROD-029,2024-06-14,2,32.8,0,65.6
OL-06074,ORD-12500,CUST-0725,PROD-019,2025-03-01,2,21.71,0,43.42
OL-06075,ORD-12500,CUST-0725,PROD-001,2025-03-01,2,1226.38,0.15,2084.85
OL-06076,ORD-12501,CUST-0725,PROD-018,2024-09-24,5,9.52,0.1,42.84
OL-06077,ORD-12501,CUST-0725,PROD-007,2024-09-24,2,511.33,0.2,818.13
OL-06078,ORD-12502,CUST-0725,PROD-027,2025-08-17,2,52.67,0,105.34
OL-06079,ORD-12503,CUST-0725,PROD-028,2025-07-09,3,65.64,0,196.92
OL-06080,ORD-12503,CUST-0725,PROD-021,2025-07-09,1,38.34,0.1,34.51
OL-06081,ORD-12504,CUST-0725,PROD-019,2024-08-19,3,21.71,0.2,52.1
OL-06082,ORD-12504,CUST-0725,PROD-018,2024-08-19,5,9.52,0.2,38.08
OL-06083,ORD-12504,CUST-0725,PROD-011,2024-08-19,3,103.76,0,311.28
OL-06084,ORD-12505,CUST-0726,PROD-011,2025-02-22,3,103.76,0,311.28
OL-06085,ORD-12506,CUST-0727,PROD-001,2025-11-23,4,1226.38,0,4905.52
OL-06086,ORD-12506,CUST-0727,PROD-020,2025-11-23,1,37.73,0,37.73
OL-06087,ORD-12506,CUST-0727,PROD-029,2025-11-23,5,32.8,0.05,155.8
OL-06088,ORD-12507,CUST-0728,PROD-022,2024-03-04,4,27.82,0,111.28
OL-06089,ORD-12508,CUST-0728,PROD-007,2024-03-23,3,511.33,0,1533.99
OL-06090,ORD-12508,CUST-0728,PROD-020,2024-03-23,5,37.73,0.1,169.78
OL-06091,ORD-12508,CUST-0728,PROD-032,2024-03-23,5,129.73,0.15,551.35
OL-06092,ORD-12509,CUST-0728,PROD-030,2024-04-21,3,33.74,0,101.22
OL-06093,ORD-12509,CUST-0728,PROD-003,2024-04-21,2,722.82,0,1445.64
OL-06094,ORD-12510,CUST-0728,PROD-006,2025-05-22,2,689.21,0.05,1309.5
OL-06095,ORD-12510,CUST-0728,PROD-004,2025-05-22,1,921.23,0.15,783.05
OL-06096,ORD-12510,CUST-0728,PROD-033,2025-05-22,1,70.03,0,70.03
OL-06097,ORD-12511,CUST-0728,PROD-021,2025-02-11,3,38.34,0.1,103.52
OL-06098,ORD-12511,CUST-0728,PROD-025,2025-02-11,3,25.5,0,76.5
OL-06099,ORD-12512,CUST-0728,PROD-003,2025-04-06,2,722.82,0.05,1373.36
OL-06100,ORD-12512,CUST-0728,PROD-012,2025-04-06,4,109.67,0.15,372.88
OL-06101,ORD-12513,CUST-0728,PROD-028,2024-09-30,3,65.64,0,196.92
OL-06102,ORD-12513,CUST-0728,PROD-012,2024-09-30,2,109.67,0.1,197.41
OL-06103,ORD-12513,CUST-0728,PROD-011,2024-09-30,4,103.76,0,415.04
OL-06104,ORD-12513,CUST-0728,PROD-037,2024-09-30,5,23.39,0,116.95
OL-06105,ORD-12514,CUST-0728,PROD-035,2024-05-05,2,75.75,0.1,136.35
OL-06106,ORD-12515,CUST-0728,PROD-015,2025-02-28,3,295.3,0,885.9
OL-06107,ORD-12516,CUST-0728,PROD-019,2024-08-09,4,21.71,0.05,82.5
OL-06108,ORD-12516,CUST-0728,PROD-001,2024-08-09,2,1226.38,0.1,2207.48
OL-06109,ORD-12517,CUST-0728,PROD-018,2025-04-04,2,9.52,0,19.04
OL-06110,ORD-12517,CUST-0728,PROD-027,2025-04-04,3,52.67,0.15,134.31
OL-06111,ORD-12518,CUST-0728,PROD-016,2024-12-08,2,189.62,0.05,360.28
OL-06112,ORD-12518,CUST-0728,PROD-017,2024-12-08,3,242.78,0,728.34
OL-06113,ORD-12519,CUST-0729,PROD-028,2025-09-13,4,65.64,0.2,210.05
OL-06114,ORD-12519,CUST-0729,PROD-017,2025-09-13,3,242.78,0.2,582.67
OL-06115,ORD-12519,CUST-0729,PROD-003,2025-09-13,3,722.82,0,2168.46
OL-06116,ORD-12519,CUST-0729,PROD-033,2025-09-13,3,70.03,0,210.09
OL-06117,ORD-12520,CUST-0730,PROD-025,2025-12-04,5,25.5,0,127.5
OL-06118,ORD-12520,CUST-0730,PROD-009,2025-12-04,3,89.78,0,269.34
OL-06119,ORD-12521,CUST-0731,PROD-014,2024-11-01,5,487.6,0.2,1950.4
OL-06120,ORD-12521,CUST-0731,PROD-022,2024-11-01,3,27.82,0,83.46
OL-06121,ORD-12521,CUST-0731,PROD-002,2024-11-01,5,505.32,0.15,2147.61
OL-06122,ORD-12522,CUST-0732,PROD-018,2024-06-14,2,9.52,0.1,17.14
OL-06123,ORD-12522,CUST-0732,PROD-031,2024-06-14,4,164.42,0.2,526.14
OL-06124,ORD-12522,CUST-0732,PROD-001,2024-06-14,5,1226.38,0.2,4905.52
OL-06125,ORD-12523,CUST-0732,PROD-021,2025-01-31,4,38.34,0.05,145.69
OL-06126,ORD-12523,CUST-0732,PROD-014,2025-01-31,3,487.6,0,1462.8
OL-06127,ORD-12523,CUST-0732,PROD-007,2025-01-31,3,511.33,0.05,1457.29
OL-06128,ORD-12524,CUST-0732,PROD-001,2024-08-31,5,1226.38,0.2,4905.52
OL-06129,ORD-12524,CUST-0732,PROD-003,2024-08-31,5,722.82,0,3614.1
OL-06130,ORD-12525,CUST-0732,PROD-036,2024-11-16,4,97.89,0,391.56
OL-06131,ORD-12525,CUST-0732,PROD-033,2024-11-16,3,70.03,0,210.09
OL-06132,ORD-12526,CUST-0732,PROD-025,2025-07-12,5,25.5,0.1,114.75
OL-06133,ORD-12526,CUST-0732,PROD-034,2025-07-12,5,79.8,0.1,359.1
OL-06134,ORD-12526,CUST-0732,PROD-028,2025-07-12,3,65.64,0.05,187.07
OL-06135,ORD-12526,CUST-0732,PROD-029,2025-07-12,1,32.8,0.05,31.16
OL-06136,ORD-12527,CUST-0732,PROD-030,2025-06-22,1,33.74,0.2,26.99
OL-06137,ORD-12528,CUST-0732,PROD-004,2025-09-14,1,921.23,0,921.23
OL-06138,ORD-12528,CUST-0732,PROD-006,2025-09-14,1,689.21,0.2,551.37
OL-06139,ORD-12528,CUST-0732,PROD-017,2025-09-14,2,242.78,0.2,388.45
OL-06140,ORD-12528,CUST-0732,PROD-029,2025-09-14,5,32.8,0,164
OL-06141,ORD-12529,CUST-0732,PROD-007,2025-08-10,3,511.33,0.05,1457.29
OL-06142,ORD-12529,CUST-0732,PROD-022,2025-08-10,4,27.82,0.15,94.59
OL-06143,ORD-12529,CUST-0732,PROD-026,2025-08-10,3,54.35,0,163.05
OL-06144,ORD-12529,CUST-0732,PROD-031,2025-08-10,3,164.42,0,493.26
OL-06145,ORD-12530,CUST-0732,PROD-002,2025-04-02,3,505.32,0,1515.96
OL-06146,ORD-12530,CUST-0732,PROD-007,2025-04-02,5,511.33,0.15,2173.15
OL-06147,ORD-12530,CUST-0732,PROD-025,2025-04-02,2,25.5,0,51
OL-06148,ORD-12530,CUST-0732,PROD-032,2025-04-02,3,129.73,0.15,330.81
OL-06149,ORD-12531,CUST-0732,PROD-028,2024-10-13,3,65.64,0,196.92
OL-06150,ORD-12531,CUST-0732,PROD-037,2024-10-13,3,23.39,0,70.17
OL-06151,ORD-12531,CUST-0732,PROD-034,2024-10-13,1,79.8,0.15,67.83
OL-06152,ORD-12532,CUST-0732,PROD-027,2024-12-17,3,52.67,0,158.01
OL-06153,ORD-12532,CUST-0732,PROD-037,2024-12-17,1,23.39,0,23.39
OL-06154,ORD-12532,CUST-0732,PROD-015,2024-12-17,3,295.3,0,885.9
OL-06155,ORD-12532,CUST-0732,PROD-032,2024-12-17,5,129.73,0.05,616.22
OL-06156,ORD-12533,CUST-0732,PROD-035,2024-08-04,1,75.75,0,75.75
OL-06157,ORD-12533,CUST-0732,PROD-011,2024-08-04,1,103.76,0.2,83.01
OL-06158,ORD-12533,CUST-0732,PROD-022,2024-08-04,2,27.82,0,55.64
OL-06159,ORD-12533,CUST-0732,PROD-029,2024-08-04,1,32.8,0.2,26.24
OL-06160,ORD-12534,CUST-0732,PROD-035,2025-06-13,4,75.75,0.05,287.85
OL-06161,ORD-12534,CUST-0732,PROD-021,2025-06-13,2,38.34,0.2,61.34
OL-06162,ORD-12535,CUST-0733,PROD-033,2024-05-13,2,70.03,0.1,126.05
OL-06163,ORD-12535,CUST-0733,PROD-005,2024-05-13,3,843.32,0.1,2276.96
OL-06164,ORD-12535,CUST-0733,PROD-027,2024-05-13,2,52.67,0.2,84.27
OL-06165,ORD-12536,CUST-0733,PROD-036,2025-06-15,3,97.89,0.1,264.3
OL-06166,ORD-12536,CUST-0733,PROD-004,2025-06-15,3,921.23,0,2763.69
OL-06167,ORD-12536,CUST-0733,PROD-025,2025-06-15,1,25.5,0.15,21.68
OL-06168,ORD-12536,CUST-0733,PROD-013,2025-06-15,1,134.4,0,134.4
OL-06169,ORD-12537,CUST-0733,PROD-010,2025-06-26,4,121.48,0.1,437.33
OL-06170,ORD-12538,CUST-0733,PROD-022,2025-03-19,3,27.82,0.15,70.94
OL-06171,ORD-12538,CUST-0733,PROD-006,2025-03-19,5,689.21,0.2,2756.84
OL-06172,ORD-12538,CUST-0733,PROD-014,2025-03-19,3,487.6,0,1462.8
OL-06173,ORD-12538,CUST-0733,PROD-001,2025-03-19,4,1226.38,0.05,4660.24
OL-06174,ORD-12539,CUST-0733,PROD-031,2024-11-23,3,164.42,0.05,468.6
OL-06175,ORD-12539,CUST-0733,PROD-004,2024-11-23,2,921.23,0,1842.46
OL-06176,ORD-12539,CUST-0733,PROD-014,2024-11-23,2,487.6,0.15,828.92
OL-06177,ORD-12539,CUST-0733,PROD-025,2024-11-23,4,25.5,0,102
OL-06178,ORD-12540,CUST-0733,PROD-019,2024-10-04,4,21.71,0.1,78.16
OL-06179,ORD-12540,CUST-0733,PROD-014,2024-10-04,5,487.6,0.05,2316.1
OL-06180,ORD-12540,CUST-0733,PROD-017,2024-10-04,2,242.78,0,485.56
OL-06181,ORD-12541,CUST-0733,PROD-010,2024-07-20,2,121.48,0,242.96
OL-06182,ORD-12542,CUST-0733,PROD-027,2024-12-03,4,52.67,0,210.68
OL-06183,ORD-12542,CUST-0733,PROD-006,2024-12-03,1,689.21,0.05,654.75
OL-06184,ORD-12542,CUST-0733,PROD-031,2024-12-03,3,164.42,0,493.26
OL-06185,ORD-12542,CUST-0733,PROD-004,2024-12-03,3,921.23,0.05,2625.51
OL-06186,ORD-12543,CUST-0734,PROD-012,2025-07-19,2,109.67,0.05,208.37
OL-06187,ORD-12543,CUST-0734,PROD-027,2025-07-19,4,52.67,0.1,189.61
OL-06188,ORD-12543,CUST-0734,PROD-009,2025-07-19,3,89.78,0.15,228.94
OL-06189,ORD-12543,CUST-0734,PROD-025,2025-07-19,1,25.5,0.1,22.95
OL-06190,ORD-12544,CUST-0735,PROD-032,2024-04-08,3,129.73,0.15,330.81
OL-06191,ORD-12544,CUST-0735,PROD-017,2024-04-08,2,242.78,0,485.56
OL-06192,ORD-12544,CUST-0735,PROD-024,2024-04-08,5,38.87,0.15,165.2
OL-06193,ORD-12544,CUST-0735,PROD-018,2024-04-08,3,9.52,0,28.56
OL-06194,ORD-12545,CUST-0735,PROD-013,2025-02-17,3,134.4,0.2,322.56
OL-06195,ORD-12545,CUST-0735,PROD-029,2025-02-17,1,32.8,0.2,26.24
OL-06196,ORD-12545,CUST-0735,PROD-030,2025-02-17,2,33.74,0.05,64.11
OL-06197,ORD-12546,CUST-0735,PROD-027,2024-11-08,1,52.67,0,52.67
OL-06198,ORD-12546,CUST-0735,PROD-036,2024-11-08,2,97.89,0,195.78
OL-06199,ORD-12546,CUST-0735,PROD-031,2024-11-08,4,164.42,0.05,624.8
OL-06200,ORD-12546,CUST-0735,PROD-019,2024-11-08,4,21.71,0,86.84
OL-06201,ORD-12547,CUST-0736,PROD-029,2025-05-13,3,32.8,0,98.4
OL-06202,ORD-12547,CUST-0736,PROD-023,2025-05-13,1,88.43,0,88.43
OL-06203,ORD-12547,CUST-0736,PROD-013,2025-05-13,4,134.4,0.2,430.08
OL-06204,ORD-12548,CUST-0736,PROD-004,2025-09-11,1,921.23,0.1,829.11
OL-06205,ORD-12548,CUST-0736,PROD-003,2025-09-11,3,722.82,0.15,1843.19
OL-06206,ORD-12549,CUST-0736,PROD-024,2025-06-14,2,38.87,0,77.74
OL-06207,ORD-12549,CUST-0736,PROD-026,2025-06-14,3,54.35,0.15,138.59
OL-06208,ORD-12549,CUST-0736,PROD-023,2025-06-14,3,88.43,0,265.29
OL-06209,ORD-12549,CUST-0736,PROD-033,2025-06-14,2,70.03,0.1,126.05
OL-06210,ORD-12550,CUST-0737,PROD-024,2024-05-15,2,38.87,0.2,62.19
OL-06211,ORD-12550,CUST-0737,PROD-016,2024-05-15,2,189.62,0.05,360.28
OL-06212,ORD-12550,CUST-0737,PROD-022,2024-05-15,4,27.82,0,111.28
OL-06213,ORD-12550,CUST-0737,PROD-012,2024-05-15,1,109.67,0.2,87.74
OL-06214,ORD-12551,CUST-0737,PROD-030,2024-06-17,1,33.74,0,33.74
OL-06215,ORD-12551,CUST-0737,PROD-002,2024-06-17,1,505.32,0.15,429.52
OL-06216,ORD-12551,CUST-0737,PROD-037,2024-06-17,2,23.39,0.2,37.42
OL-06217,ORD-12552,CUST-0737,PROD-027,2024-11-03,5,52.67,0.15,223.85
OL-06218,ORD-12552,CUST-0737,PROD-005,2024-11-03,5,843.32,0.1,3794.94
OL-06219,ORD-12552,CUST-0737,PROD-006,2024-11-03,5,689.21,0.1,3101.45
OL-06220,ORD-12553,CUST-0738,PROD-021,2024-05-04,3,38.34,0.1,103.52
OL-06221,ORD-12553,CUST-0738,PROD-006,2024-05-04,2,689.21,0.15,1171.66
OL-06222,ORD-12553,CUST-0738,PROD-036,2024-05-04,4,97.89,0.2,313.25
OL-06223,ORD-12553,CUST-0738,PROD-007,2024-05-04,3,511.33,0.05,1457.29
OL-06224,ORD-12554,CUST-0738,PROD-020,2024-12-23,3,37.73,0.05,107.53
OL-06225,ORD-12555,CUST-0738,PROD-006,2025-01-03,1,689.21,0,689.21
OL-06226,ORD-12555,CUST-0738,PROD-033,2025-01-03,4,70.03,0.15,238.1
OL-06227,ORD-12555,CUST-0738,PROD-027,2025-01-03,5,52.67,0.05,250.18
OL-06228,ORD-12555,CUST-0738,PROD-032,2025-01-03,4,129.73,0.15,441.08
OL-06229,ORD-12556,CUST-0738,PROD-036,2025-04-17,2,97.89,0,195.78
OL-06230,ORD-12556,CUST-0738,PROD-010,2025-04-17,4,121.48,0,485.92
OL-06231,ORD-12556,CUST-0738,PROD-002,2025-04-17,5,505.32,0.1,2273.94
OL-06232,ORD-12556,CUST-0738,PROD-024,2025-04-17,3,38.87,0,116.61
OL-06233,ORD-12557,CUST-0738,PROD-018,2025-02-12,2,9.52,0.15,16.18
OL-06234,ORD-12558,CUST-0738,PROD-001,2024-09-15,5,1226.38,0.15,5212.12
OL-06235,ORD-12558,CUST-0738,PROD-012,2024-09-15,2,109.67,0.05,208.37
OL-06236,ORD-12559,CUST-0738,PROD-002,2024-12-21,4,505.32,0.15,1718.09
OL-06237,ORD-12559,CUST-0738,PROD-021,2024-12-21,2,38.34,0.1,69.01
OL-06238,ORD-12559,CUST-0738,PROD-018,2024-12-21,5,9.52,0.05,45.22
OL-06239,ORD-12560,CUST-0738,PROD-005,2024-08-16,1,843.32,0,843.32
OL-06240,ORD-12560,CUST-0738,PROD-017,2024-08-16,1,242.78,0,242.78
OL-06241,ORD-12561,CUST-0738,PROD-035,2025-08-10,4,75.75,0.05,287.85
OL-06242,ORD-12562,CUST-0738,PROD-032,2024-06-04,2,129.73,0,259.46
OL-06243,ORD-12562,CUST-0738,PROD-020,2024-06-04,5,37.73,0.1,169.78
OL-06244,ORD-12562,CUST-0738,PROD-029,2024-06-04,1,32.8,0,32.8
OL-06245,ORD-12563,CUST-0738,PROD-011,2025-01-06,3,103.76,0.2,249.02
OL-06246,ORD-12563,CUST-0738,PROD-017,2025-01-06,3,242.78,0.2,582.67
OL-06247,ORD-12563,CUST-0738,PROD-030,2025-01-06,2,33.74,0,67.48
OL-06248,ORD-12564,CUST-0738,PROD-017,2024-08-23,1,242.78,0.15,206.36
OL-06249,ORD-12564,CUST-0738,PROD-019,2024-08-23,2,21.71,0.15,36.91
OL-06250,ORD-12564,CUST-0738,PROD-007,2024-08-23,2,511.33,0.2,818.13
OL-06251,ORD-12565,CUST-0738,PROD-015,2025-02-01,4,295.3,0.05,1122.14
OL-06252,ORD-12565,CUST-0738,PROD-023,2025-02-01,3,88.43,0.2,212.23
OL-06253,ORD-12565,CUST-0738,PROD-006,2025-02-01,4,689.21,0.05,2619
OL-06254,ORD-12565,CUST-0738,PROD-035,2025-02-01,3,75.75,0,227.25
OL-06255,ORD-12566,CUST-0739,PROD-014,2024-11-13,3,487.6,0,1462.8
OL-06256,ORD-12567,CUST-0739,PROD-001,2025-08-13,3,1226.38,0.1,3311.23
OL-06257,ORD-12567,CUST-0739,PROD-010,2025-08-13,3,121.48,0,364.44
OL-06258,ORD-12568,CUST-0739,PROD-021,2025-04-13,2,38.34,0.1,69.01
OL-06259,ORD-12568,CUST-0739,PROD-035,2025-04-13,5,75.75,0.2,303
OL-06260,ORD-12568,CUST-0739,PROD-006,2025-04-13,5,689.21,0,3446.05
OL-06261,ORD-12568,CUST-0739,PROD-023,2025-04-13,2,88.43,0.15,150.33
OL-06262,ORD-12569,CUST-0739,PROD-036,2025-01-27,5,97.89,0.1,440.5
OL-06263,ORD-12569,CUST-0739,PROD-021,2025-01-27,3,38.34,0.15,97.77
OL-06264,ORD-12569,CUST-0739,PROD-022,2025-01-27,1,27.82,0,27.82
OL-06265,ORD-12569,CUST-0739,PROD-004,2025-01-27,5,921.23,0.05,4375.84
OL-06266,ORD-12570,CUST-0740,PROD-034,2024-03-03,4,79.8,0,319.2
OL-06267,ORD-12570,CUST-0740,PROD-008,2024-03-03,5,342.59,0,1712.95
OL-06268,ORD-12570,CUST-0740,PROD-025,2024-03-03,2,25.5,0.1,45.9
OL-06269,ORD-12571,CUST-0740,PROD-015,2024-07-01,3,295.3,0.1,797.31
OL-06270,ORD-12572,CUST-0740,PROD-036,2025-04-12,1,97.89,0.15,83.21
OL-06271,ORD-12573,CUST-0741,PROD-035,2024-05-02,3,75.75,0.2,181.8
OL-06272,ORD-12573,CUST-0741,PROD-005,2024-05-02,4,843.32,0,3373.28
OL-06273,ORD-12574,CUST-0741,PROD-012,2024-09-26,2,109.67,0,219.34
OL-06274,ORD-12574,CUST-0741,PROD-020,2024-09-26,5,37.73,0,188.65
OL-06275,ORD-12575,CUST-0741,PROD-016,2025-03-07,1,189.62,0.1,170.66
OL-06276,ORD-12575,CUST-0741,PROD-004,2025-03-07,3,921.23,0,2763.69
OL-06277,ORD-12575,CUST-0741,PROD-007,2025-03-07,4,511.33,0,2045.32
OL-06278,ORD-12575,CUST-0741,PROD-012,2025-03-07,3,109.67,0,329.01
OL-06279,ORD-12576,CUST-0741,PROD-026,2024-06-30,2,54.35,0,108.7
OL-06280,ORD-12576,CUST-0741,PROD-006,2024-06-30,3,689.21,0.15,1757.49
OL-06281,ORD-12576,CUST-0741,PROD-013,2024-06-30,3,134.4,0,403.2
OL-06282,ORD-12577,CUST-0742,PROD-005,2024-07-06,3,843.32,0,2529.96
OL-06283,ORD-12578,CUST-0742,PROD-004,2024-08-09,3,921.23,0,2763.69
OL-06284,ORD-12578,CUST-0742,PROD-020,2024-08-09,4,37.73,0.05,143.37
OL-06285,ORD-12579,CUST-0743,PROD-007,2024-11-05,1,511.33,0.1,460.2
OL-06286,ORD-12580,CUST-0744,PROD-024,2025-04-03,3,38.87,0.05,110.78
OL-06287,ORD-12580,CUST-0744,PROD-036,2025-04-03,4,97.89,0.15,332.83
OL-06288,ORD-12580,CUST-0744,PROD-020,2025-04-03,4,37.73,0,150.92
OL-06289,ORD-12580,CUST-0744,PROD-021,2025-04-03,3,38.34,0,115.02
OL-06290,ORD-12581,CUST-0745,PROD-036,2025-05-24,2,97.89,0.1,176.2
OL-06291,ORD-12582,CUST-0746,PROD-027,2024-03-08,3,52.67,0,158.01
OL-06292,ORD-12582,CUST-0746,PROD-018,2024-03-08,1,9.52,0.05,9.04
OL-06293,ORD-12583,CUST-0746,PROD-007,2024-08-27,1,511.33,0.05,485.76
OL-06294,ORD-12584,CUST-0746,PROD-025,2024-05-15,5,25.5,0.15,108.38
OL-06295,ORD-12584,CUST-0746,PROD-006,2024-05-15,2,689.21,0,1378.42
OL-06296,ORD-12584,CUST-0746,PROD-002,2024-05-15,3,505.32,0,1515.96
OL-06297,ORD-12584,CUST-0746,PROD-004,2024-05-15,1,921.23,0.05,875.17
OL-06298,ORD-12585,CUST-0746,PROD-027,2024-12-22,2,52.67,0,105.34
OL-06299,ORD-12585,CUST-0746,PROD-033,2024-12-22,1,70.03,0.15,59.53
OL-06300,ORD-12586,CUST-0746,PROD-023,2025-05-12,5,88.43,0.1,397.94
OL-06301,ORD-12586,CUST-0746,PROD-026,2025-05-12,4,54.35,0,217.4
OL-06302,ORD-12586,CUST-0746,PROD-011,2025-05-12,1,103.76,0.1,93.38
OL-06303,ORD-12586,CUST-0746,PROD-025,2025-05-12,2,25.5,0.15,43.35
OL-06304,ORD-12587,CUST-0746,PROD-037,2024-08-08,5,23.39,0,116.95
OL-06305,ORD-12587,CUST-0746,PROD-006,2024-08-08,2,689.21,0.15,1171.66
OL-06306,ORD-12587,CUST-0746,PROD-001,2024-08-08,3,1226.38,0.05,3495.18
OL-06307,ORD-12587,CUST-0746,PROD-023,2024-08-08,2,88.43,0.2,141.49
OL-06308,ORD-12588,CUST-0746,PROD-004,2024-05-29,1,921.23,0,921.23
OL-06309,ORD-12588,CUST-0746,PROD-013,2024-05-29,4,134.4,0.2,430.08
OL-06310,ORD-12588,CUST-0746,PROD-011,2024-05-29,3,103.76,0.1,280.15
OL-06311,ORD-12588,CUST-0746,PROD-010,2024-05-29,3,121.48,0.1,328
OL-06312,ORD-12589,CUST-0746,PROD-017,2024-11-30,5,242.78,0.05,1153.2
OL-06313,ORD-12589,CUST-0746,PROD-013,2024-11-30,1,134.4,0,134.4
OL-06314,ORD-12590,CUST-0746,PROD-006,2025-01-29,2,689.21,0.15,1171.66
OL-06315,ORD-12590,CUST-0746,PROD-019,2025-01-29,1,21.71,0,21.71
OL-06316,ORD-12590,CUST-0746,PROD-022,2025-01-29,5,27.82,0.2,111.28
OL-06317,ORD-12591,CUST-0746,PROD-010,2025-02-14,5,121.48,0.05,577.03
OL-06318,ORD-12592,CUST-0746,PROD-003,2024-03-31,2,722.82,0.2,1156.51
OL-06319,ORD-12592,CUST-0746,PROD-019,2024-03-31,2,21.71,0,43.42
OL-06320,ORD-12592,CUST-0746,PROD-036,2024-03-31,1,97.89,0.05,93
OL-06321,ORD-12592,CUST-0746,PROD-002,2024-03-31,3,505.32,0.2,1212.77
OL-06322,ORD-12593,CUST-0746,PROD-017,2024-08-23,1,242.78,0.15,206.36
OL-06323,ORD-12593,CUST-0746,PROD-029,2024-08-23,5,32.8,0,164
OL-06324,ORD-12593,CUST-0746,PROD-026,2024-08-23,3,54.35,0.2,130.44
OL-06325,ORD-12593,CUST-0746,PROD-022,2024-08-23,1,27.82,0.15,23.65
OL-06326,ORD-12594,CUST-0746,PROD-028,2024-12-05,2,65.64,0,131.28
OL-06327,ORD-12594,CUST-0746,PROD-026,2024-12-05,1,54.35,0.05,51.63
OL-06328,ORD-12594,CUST-0746,PROD-017,2024-12-05,3,242.78,0.15,619.09
OL-06329,ORD-12595,CUST-0746,PROD-028,2025-05-27,5,65.64,0.1,295.38
OL-06330,ORD-12595,CUST-0746,PROD-009,2025-05-27,4,89.78,0.1,323.21
OL-06331,ORD-12595,CUST-0746,PROD-015,2025-05-27,5,295.3,0.1,1328.85
OL-06332,ORD-12596,CUST-0746,PROD-023,2024-11-04,2,88.43,0.05,168.02
OL-06333,ORD-12596,CUST-0746,PROD-028,2024-11-04,1,65.64,0.05,62.36
OL-06334,ORD-12596,CUST-0746,PROD-016,2024-11-04,2,189.62,0,379.24
OL-06335,ORD-12596,CUST-0746,PROD-005,2024-11-04,5,843.32,0,4216.6
OL-06336,ORD-12597,CUST-0746,PROD-007,2025-06-18,2,511.33,0.1,920.39
OL-06337,ORD-12598,CUST-0746,PROD-018,2024-10-04,4,9.52,0.2,30.46
OL-06338,ORD-12599,CUST-0746,PROD-029,2025-01-18,5,32.8,0,164
OL-06339,ORD-12599,CUST-0746,PROD-006,2025-01-18,2,689.21,0.1,1240.58
OL-06340,ORD-12599,CUST-0746,PROD-037,2025-01-18,1,23.39,0,23.39
OL-06341,ORD-12600,CUST-0747,PROD-017,2025-08-27,5,242.78,0.1,1092.51
OL-06342,ORD-12601,CUST-0748,PROD-016,2025-11-06,5,189.62,0,948.1
OL-06343,ORD-12601,CUST-0748,PROD-036,2025-11-06,3,97.89,0,293.67
OL-06344,ORD-12601,CUST-0748,PROD-011,2025-11-06,5,103.76,0.15,440.98
OL-06345,ORD-12602,CUST-0749,PROD-030,2025-03-05,3,33.74,0,101.22
OL-06346,ORD-12602,CUST-0749,PROD-037,2025-03-05,3,23.39,0.05,66.66
OL-06347,ORD-12602,CUST-0749,PROD-004,2025-03-05,2,921.23,0.1,1658.21
OL-06348,ORD-12603,CUST-0749,PROD-006,2025-07-20,2,689.21,0.15,1171.66
OL-06349,ORD-12603,CUST-0749,PROD-027,2025-07-20,1,52.67,0.2,42.14
OL-06350,ORD-12603,CUST-0749,PROD-031,2025-07-20,5,164.42,0,822.1
OL-06351,ORD-12604,CUST-0750,PROD-026,2024-01-27,1,54.35,0.2,43.48
OL-06352,ORD-12604,CUST-0750,PROD-032,2024-01-27,5,129.73,0,648.65
OL-06353,ORD-12605,CUST-0750,PROD-034,2025-04-29,2,79.8,0.1,143.64
OL-06354,ORD-12605,CUST-0750,PROD-027,2025-04-29,2,52.67,0,105.34
OL-06355,ORD-12605,CUST-0750,PROD-022,2025-04-29,5,27.82,0.15,118.23
OL-06356,ORD-12605,CUST-0750,PROD-025,2025-04-29,2,25.5,0.2,40.8
OL-06357,ORD-12606,CUST-0750,PROD-034,2025-05-10,5,79.8,0,399
OL-06358,ORD-12606,CUST-0750,PROD-011,2025-05-10,1,103.76,0.1,93.38
OL-06359,ORD-12607,CUST-0750,PROD-016,2024-06-02,2,189.62,0,379.24
OL-06360,ORD-12607,CUST-0750,PROD-024,2024-06-02,4,38.87,0.1,139.93
OL-06361,ORD-12608,CUST-0750,PROD-028,2024-11-01,4,65.64,0.05,249.43
OL-06362,ORD-12608,CUST-0750,PROD-035,2024-11-01,4,75.75,0.15,257.55
OL-06363,ORD-12608,CUST-0750,PROD-020,2024-11-01,4,37.73,0.1,135.83
OL-06364,ORD-12609,CUST-0750,PROD-018,2024-02-20,4,9.52,0,38.08
OL-06365,ORD-12609,CUST-0750,PROD-021,2024-02-20,3,38.34,0.1,103.52
OL-06366,ORD-12609,CUST-0750,PROD-036,2024-02-20,3,97.89,0.2,234.94
OL-06367,ORD-12609,CUST-0750,PROD-015,2024-02-20,5,295.3,0.05,1402.67
OL-06368,ORD-12610,CUST-0750,PROD-006,2024-08-01,3,689.21,0.15,1757.49
OL-06369,ORD-12610,CUST-0750,PROD-015,2024-08-01,2,295.3,0,590.6
OL-06370,ORD-12611,CUST-0751,PROD-021,2025-11-17,5,38.34,0.15,162.95
OL-06371,ORD-12611,CUST-0751,PROD-023,2025-11-17,5,88.43,0.05,420.04
OL-06372,ORD-12611,CUST-0751,PROD-022,2025-11-17,3,27.82,0.1,75.11
OL-06373,ORD-12611,CUST-0751,PROD-011,2025-11-17,4,103.76,0,415.04
OL-06374,ORD-12612,CUST-0752,PROD-019,2025-11-14,5,21.71,0.05,103.12
OL-06375,ORD-12613,CUST-0753,PROD-028,2025-09-20,3,65.64,0.2,157.54
OL-06376,ORD-12613,CUST-0753,PROD-029,2025-09-20,1,32.8,0.2,26.24
OL-06377,ORD-12614,CUST-0754,PROD-032,2025-06-06,4,129.73,0,518.92
OL-06378,ORD-12615,CUST-0754,PROD-018,2025-12-09,3,9.52,0.2,22.85
OL-06379,ORD-12615,CUST-0754,PROD-027,2025-12-09,3,52.67,0,158.01
OL-06380,ORD-12616,CUST-0755,PROD-020,2024-12-27,5,37.73,0.1,169.78
OL-06381,ORD-12616,CUST-0755,PROD-008,2024-12-27,4,342.59,0,1370.36
OL-06382,ORD-12616,CUST-0755,PROD-026,2024-12-27,1,54.35,0.2,43.48
OL-06383,ORD-12616,CUST-0755,PROD-029,2024-12-27,1,32.8,0.1,29.52
OL-06384,ORD-12617,CUST-0756,PROD-033,2025-02-05,1,70.03,0.05,66.53
OL-06385,ORD-12617,CUST-0756,PROD-012,2025-02-05,2,109.67,0.2,175.47
OL-06386,ORD-12617,CUST-0756,PROD-004,2025-02-05,1,921.23,0,921.23
OL-06387,ORD-12618,CUST-0757,PROD-037,2025-09-26,2,23.39,0,46.78
OL-06388,ORD-12618,CUST-0757,PROD-031,2025-09-26,2,164.42,0,328.84
OL-06389,ORD-12618,CUST-0757,PROD-010,2025-09-26,5,121.48,0,607.4
OL-06390,ORD-12619,CUST-0758,PROD-020,2024-06-05,4,37.73,0.05,143.37
OL-06391,ORD-12619,CUST-0758,PROD-011,2024-06-05,4,103.76,0.1,373.54
OL-06392,ORD-12620,CUST-0758,PROD-028,2024-07-14,5,65.64,0,328.2
OL-06393,ORD-12620,CUST-0758,PROD-004,2024-07-14,3,921.23,0,2763.69
OL-06394,ORD-12620,CUST-0758,PROD-006,2024-07-14,2,689.21,0,1378.42
OL-06395,ORD-12621,CUST-0758,PROD-036,2025-09-28,3,97.89,0.2,234.94
OL-06396,ORD-12621,CUST-0758,PROD-001,2025-09-28,2,1226.38,0.05,2330.12
OL-06397,ORD-12621,CUST-0758,PROD-005,2025-09-28,2,843.32,0,1686.64
OL-06398,ORD-12622,CUST-0758,PROD-026,2025-07-31,3,54.35,0,163.05
OL-06399,ORD-12622,CUST-0758,PROD-032,2025-07-31,3,129.73,0.05,369.73
OL-06400,ORD-12622,CUST-0758,PROD-007,2025-07-31,1,511.33,0,511.33
OL-06401,ORD-12622,CUST-0758,PROD-023,2025-07-31,2,88.43,0.1,159.17
OL-06402,ORD-12623,CUST-0758,PROD-003,2024-09-06,4,722.82,0.15,2457.59
OL-06403,ORD-12623,CUST-0758,PROD-028,2024-09-06,2,65.64,0.05,124.72
OL-06404,ORD-12623,CUST-0758,PROD-032,2024-09-06,2,129.73,0,259.46
OL-06405,ORD-12623,CUST-0758,PROD-018,2024-09-06,3,9.52,0.15,24.28
OL-06406,ORD-12624,CUST-0758,PROD-020,2024-10-03,5,37.73,0.15,160.35
OL-06407,ORD-12624,CUST-0758,PROD-037,2024-10-03,2,23.39,0.15,39.76
OL-06408,ORD-12624,CUST-0758,PROD-005,2024-10-03,5,843.32,0.2,3373.28
OL-06409,ORD-12624,CUST-0758,PROD-007,2024-10-03,3,511.33,0.05,1457.29
OL-06410,ORD-12625,CUST-0759,PROD-033,2025-08-22,1,70.03,0,70.03
OL-06411,ORD-12625,CUST-0759,PROD-024,2025-08-22,1,38.87,0,38.87
OL-06412,ORD-12626,CUST-0760,PROD-036,2025-11-11,1,97.89,0.15,83.21
OL-06413,ORD-12626,CUST-0760,PROD-016,2025-11-11,4,189.62,0.05,720.56
OL-06414,ORD-12627,CUST-0761,PROD-036,2025-06-07,2,97.89,0.05,185.99
OL-06415,ORD-12627,CUST-0761,PROD-009,2025-06-07,2,89.78,0.05,170.58
OL-06416,ORD-12627,CUST-0761,PROD-006,2025-06-07,3,689.21,0,2067.63
OL-06417,ORD-12628,CUST-0762,PROD-026,2025-06-10,3,54.35,0,163.05
OL-06418,ORD-12628,CUST-0762,PROD-031,2025-06-10,4,164.42,0,657.68
OL-06419,ORD-12628,CUST-0762,PROD-033,2025-06-10,4,70.03,0.1,252.11
OL-06420,ORD-12629,CUST-0763,PROD-031,2025-12-23,3,164.42,0,493.26
OL-06421,ORD-12630,CUST-0764,PROD-033,2024-10-05,1,70.03,0.05,66.53
OL-06422,ORD-12631,CUST-0764,PROD-024,2025-06-24,5,38.87,0.15,165.2
OL-06423,ORD-12631,CUST-0764,PROD-005,2025-06-24,3,843.32,0,2529.96
OL-06424,ORD-12631,CUST-0764,PROD-010,2025-06-24,1,121.48,0.2,97.18
OL-06425,ORD-12632,CUST-0764,PROD-022,2025-03-26,1,27.82,0.05,26.43
OL-06426,ORD-12632,CUST-0764,PROD-014,2025-03-26,3,487.6,0.1,1316.52
OL-06427,ORD-12633,CUST-0764,PROD-034,2025-07-24,5,79.8,0.2,319.2
OL-06428,ORD-12633,CUST-0764,PROD-016,2025-07-24,3,189.62,0.15,483.53
OL-06429,ORD-12634,CUST-0764,PROD-018,2025-08-08,4,9.52,0.2,30.46
OL-06430,ORD-12634,CUST-0764,PROD-029,2025-08-08,3,32.8,0.1,88.56
OL-06431,ORD-12634,CUST-0764,PROD-028,2025-08-08,1,65.64,0.05,62.36
OL-06432,ORD-12634,CUST-0764,PROD-023,2025-08-08,1,88.43,0,88.43
OL-06433,ORD-12635,CUST-0764,PROD-017,2025-04-04,2,242.78,0.2,388.45
OL-06434,ORD-12635,CUST-0764,PROD-014,2025-04-04,4,487.6,0.1,1755.36
OL-06435,ORD-12635,CUST-0764,PROD-020,2025-04-04,4,37.73,0.15,128.28
OL-06436,ORD-12636,CUST-0764,PROD-022,2025-06-29,4,27.82,0.2,89.02
OL-06437,ORD-12637,CUST-0764,PROD-010,2025-08-04,5,121.48,0,607.4
OL-06438,ORD-12637,CUST-0764,PROD-001,2025-08-04,5,1226.38,0.2,4905.52
OL-06439,ORD-12638,CUST-0765,PROD-026,2025-01-21,3,54.35,0,163.05
OL-06440,ORD-12638,CUST-0765,PROD-016,2025-01-21,3,189.62,0.1,511.97
OL-06441,ORD-12638,CUST-0765,PROD-020,2025-01-21,4,37.73,0.05,143.37
OL-06442,ORD-12638,CUST-0765,PROD-008,2025-01-21,1,342.59,0,342.59
OL-06443,ORD-12639,CUST-0766,PROD-008,2025-04-07,1,342.59,0,342.59
OL-06444,ORD-12640,CUST-0767,PROD-030,2025-02-23,2,33.74,0.15,57.36
OL-06445,ORD-12640,CUST-0767,PROD-015,2025-02-23,1,295.3,0.2,236.24
OL-06446,ORD-12640,CUST-0767,PROD-019,2025-02-23,3,21.71,0.15,55.36
OL-06447,ORD-12640,CUST-0767,PROD-017,2025-02-23,5,242.78,0.05,1153.2
OL-06448,ORD-12641,CUST-0767,PROD-023,2025-05-17,4,88.43,0.1,318.35
OL-06449,ORD-12641,CUST-0767,PROD-024,2025-05-17,3,38.87,0.05,110.78
OL-06450,ORD-12642,CUST-0767,PROD-015,2025-07-18,3,295.3,0,885.9
OL-06451,ORD-12643,CUST-0768,PROD-020,2024-06-06,3,37.73,0.15,96.21
OL-06452,ORD-12643,CUST-0768,PROD-007,2024-06-06,3,511.33,0.05,1457.29
OL-06453,ORD-12643,CUST-0768,PROD-026,2024-06-06,2,54.35,0.1,97.83
OL-06454,ORD-12643,CUST-0768,PROD-035,2024-06-06,3,75.75,0,227.25
OL-06455,ORD-12644,CUST-0768,PROD-035,2024-10-20,3,75.75,0,227.25
OL-06456,ORD-12644,CUST-0768,PROD-024,2024-10-20,5,38.87,0,194.35
OL-06457,ORD-12645,CUST-0768,PROD-032,2025-08-22,5,129.73,0,648.65
OL-06458,ORD-12645,CUST-0768,PROD-020,2025-08-22,4,37.73,0.05,143.37
OL-06459,ORD-12645,CUST-0768,PROD-024,2025-08-22,1,38.87,0,38.87
OL-06460,ORD-12646,CUST-0768,PROD-008,2025-07-29,2,342.59,0,685.18
OL-06461,ORD-12646,CUST-0768,PROD-013,2025-07-29,2,134.4,0.15,228.48
OL-06462,ORD-12646,CUST-0768,PROD-027,2025-07-29,3,52.67,0.05,150.11
OL-06463,ORD-12647,CUST-0768,PROD-002,2024-06-21,3,505.32,0.05,1440.16
OL-06464,ORD-12647,CUST-0768,PROD-030,2024-06-21,5,33.74,0.05,160.27
OL-06465,ORD-12647,CUST-0768,PROD-007,2024-06-21,1,511.33,0,511.33
OL-06466,ORD-12648,CUST-0768,PROD-032,2025-06-29,5,129.73,0,648.65
OL-06467,ORD-12648,CUST-0768,PROD-016,2025-06-29,3,189.62,0.1,511.97
OL-06468,ORD-12648,CUST-0768,PROD-019,2025-06-29,3,21.71,0,65.13
OL-06469,ORD-12648,CUST-0768,PROD-008,2025-06-29,5,342.59,0.15,1456.01
OL-06470,ORD-12649,CUST-0768,PROD-019,2024-10-09,1,21.71,0.05,20.62
OL-06471,ORD-12649,CUST-0768,PROD-024,2024-10-09,1,38.87,0,38.87
OL-06472,ORD-12649,CUST-0768,PROD-026,2024-10-09,5,54.35,0.2,217.4
OL-06473,ORD-12649,CUST-0768,PROD-003,2024-10-09,4,722.82,0,2891.28
OL-06474,ORD-12650,CUST-0768,PROD-030,2024-06-30,3,33.74,0.1,91.1
OL-06475,ORD-12651,CUST-0768,PROD-003,2025-06-03,1,722.82,0.05,686.68
OL-06476,ORD-12652,CUST-0768,PROD-025,2025-07-09,4,25.5,0.1,91.8
OL-06477,ORD-12653,CUST-0768,PROD-037,2025-07-30,5,23.39,0.05,111.1
OL-06478,ORD-12653,CUST-0768,PROD-003,2025-07-30,5,722.82,0,3614.1
OL-06479,ORD-12653,CUST-0768,PROD-032,2025-07-30,5,129.73,0,648.65
OL-06480,ORD-12654,CUST-0768,PROD-026,2024-11-28,2,54.35,0,108.7
OL-06481,ORD-12655,CUST-0768,PROD-016,2025-07-09,4,189.62,0.05,720.56
OL-06482,ORD-12655,CUST-0768,PROD-036,2025-07-09,2,97.89,0,195.78
OL-06483,ORD-12655,CUST-0768,PROD-028,2025-07-09,2,65.64,0.2,105.02
OL-06484,ORD-12656,CUST-0768,PROD-016,2025-01-26,5,189.62,0.05,900.69
OL-06485,ORD-12656,CUST-0768,PROD-024,2025-01-26,1,38.87,0.05,36.93
OL-06486,ORD-12656,CUST-0768,PROD-023,2025-01-26,1,88.43,0.05,84.01
OL-06487,ORD-12656,CUST-0768,PROD-034,2025-01-26,2,79.8,0,159.6
OL-06488,ORD-12657,CUST-0768,PROD-018,2025-03-21,2,9.52,0,19.04
OL-06489,ORD-12657,CUST-0768,PROD-006,2025-03-21,3,689.21,0.2,1654.1
OL-06490,ORD-12658,CUST-0768,PROD-001,2024-08-14,3,1226.38,0,3679.14
OL-06491,ORD-12658,CUST-0768,PROD-005,2024-08-14,1,843.32,0.1,758.99
OL-06492,ORD-12659,CUST-0769,PROD-011,2025-05-06,5,103.76,0,518.8
OL-06493,ORD-12659,CUST-0769,PROD-032,2025-05-06,4,129.73,0.05,492.97
OL-06494,ORD-12659,CUST-0769,PROD-020,2025-05-06,2,37.73,0,75.46
OL-06495,ORD-12660,CUST-0770,PROD-029,2024-02-19,1,32.8,0,32.8
OL-06496,ORD-12660,CUST-0770,PROD-005,2024-02-19,1,843.32,0.15,716.82
OL-06497,ORD-12660,CUST-0770,PROD-018,2024-02-19,1,9.52,0.05,9.04
OL-06498,ORD-12660,CUST-0770,PROD-034,2024-02-19,2,79.8,0.2,127.68
OL-06499,ORD-12661,CUST-0770,PROD-024,2024-09-08,1,38.87,0.1,34.98
OL-06500,ORD-12661,CUST-0770,PROD-036,2024-09-08,2,97.89,0.2,156.62
OL-06501,ORD-12661,CUST-0770,PROD-010,2024-09-08,3,121.48,0,364.44
OL-06502,ORD-12661,CUST-0770,PROD-025,2024-09-08,4,25.5,0,102
OL-06503,ORD-12662,CUST-0770,PROD-017,2025-06-08,5,242.78,0.05,1153.2
OL-06504,ORD-12662,CUST-0770,PROD-005,2025-06-08,4,843.32,0.1,3035.95
OL-06505,ORD-12662,CUST-0770,PROD-010,2025-06-08,1,121.48,0,121.48
OL-06506,ORD-12662,CUST-0770,PROD-033,2025-06-08,2,70.03,0.15,119.05
OL-06507,ORD-12663,CUST-0770,PROD-011,2024-05-10,3,103.76,0.15,264.59
OL-06508,ORD-12663,CUST-0770,PROD-005,2024-05-10,2,843.32,0,1686.64
OL-06509,ORD-12664,CUST-0770,PROD-025,2025-05-23,1,25.5,0.1,22.95
OL-06510,ORD-12664,CUST-0770,PROD-006,2025-05-23,4,689.21,0.2,2205.47
OL-06511,ORD-12665,CUST-0770,PROD-022,2025-01-28,4,27.82,0.2,89.02
OL-06512,ORD-12665,CUST-0770,PROD-020,2025-01-28,3,37.73,0.05,107.53
OL-06513,ORD-12666,CUST-0770,PROD-025,2024-07-19,2,25.5,0,51
OL-06514,ORD-12666,CUST-0770,PROD-024,2024-07-19,3,38.87,0,116.61
OL-06515,ORD-12666,CUST-0770,PROD-014,2024-07-19,3,487.6,0,1462.8
OL-06516,ORD-12667,CUST-0770,PROD-035,2024-05-01,3,75.75,0,227.25
OL-06517,ORD-12668,CUST-0770,PROD-029,2024-06-23,3,32.8,0,98.4
OL-06518,ORD-12668,CUST-0770,PROD-013,2024-06-23,1,134.4,0,134.4
OL-06519,ORD-12668,CUST-0770,PROD-033,2024-06-23,5,70.03,0.2,280.12
OL-06520,ORD-12668,CUST-0770,PROD-002,2024-06-23,5,505.32,0,2526.6
OL-06521,ORD-12669,CUST-0770,PROD-029,2025-02-22,5,32.8,0,164
OL-06522,ORD-12669,CUST-0770,PROD-028,2025-02-22,1,65.64,0.1,59.08
OL-06523,ORD-12670,CUST-0770,PROD-032,2025-04-08,4,129.73,0.15,441.08
OL-06524,ORD-12670,CUST-0770,PROD-006,2025-04-08,2,689.21,0,1378.42
OL-06525,ORD-12670,CUST-0770,PROD-017,2025-04-08,1,242.78,0,242.78
OL-06526,ORD-12671,CUST-0770,PROD-013,2024-07-17,3,134.4,0,403.2
OL-06527,ORD-12671,CUST-0770,PROD-016,2024-07-17,1,189.62,0,189.62
OL-06528,ORD-12672,CUST-0770,PROD-029,2024-05-01,5,32.8,0,164
OL-06529,ORD-12672,CUST-0770,PROD-011,2024-05-01,4,103.76,0,415.04
OL-06530,ORD-12673,CUST-0771,PROD-033,2025-05-22,4,70.03,0.2,224.1
OL-06531,ORD-12674,CUST-0772,PROD-030,2024-06-06,5,33.74,0,168.7
OL-06532,ORD-12674,CUST-0772,PROD-031,2024-06-06,4,164.42,0.15,559.03
OL-06533,ORD-12674,CUST-0772,PROD-003,2024-06-06,4,722.82,0.05,2746.72
OL-06534,ORD-12675,CUST-0772,PROD-030,2024-08-15,2,33.74,0.15,57.36
OL-06535,ORD-12675,CUST-0772,PROD-025,2024-08-15,5,25.5,0,127.5
OL-06536,ORD-12676,CUST-0772,PROD-027,2024-06-22,1,52.67,0.05,50.04
OL-06537,ORD-12676,CUST-0772,PROD-031,2024-06-22,2,164.42,0,328.84
OL-06538,ORD-12676,CUST-0772,PROD-005,2024-06-22,3,843.32,0.1,2276.96
OL-06539,ORD-12676,CUST-0772,PROD-012,2024-06-22,5,109.67,0.2,438.68
OL-06540,ORD-12677,CUST-0772,PROD-036,2025-03-12,5,97.89,0.05,464.98
OL-06541,ORD-12677,CUST-0772,PROD-004,2025-03-12,5,921.23,0,4606.15
OL-06542,ORD-12677,CUST-0772,PROD-020,2025-03-12,1,37.73,0,37.73
OL-06543,ORD-12677,CUST-0772,PROD-007,2025-03-12,2,511.33,0.05,971.53
OL-06544,ORD-12678,CUST-0772,PROD-022,2025-08-27,5,27.82,0.05,132.14
OL-06545,ORD-12678,CUST-0772,PROD-026,2025-08-27,4,54.35,0,217.4
OL-06546,ORD-12678,CUST-0772,PROD-017,2025-08-27,1,242.78,0.1,218.5
OL-06547,ORD-12679,CUST-0772,PROD-026,2025-04-30,1,54.35,0,54.35
OL-06548,ORD-12680,CUST-0772,PROD-002,2025-06-23,3,505.32,0.2,1212.77
OL-06549,ORD-12680,CUST-0772,PROD-025,2025-06-23,5,25.5,0,127.5
OL-06550,ORD-12681,CUST-0772,PROD-001,2025-04-06,3,1226.38,0.2,2943.31
OL-06551,ORD-12681,CUST-0772,PROD-015,2025-04-06,1,295.3,0.15,251
OL-06552,ORD-12681,CUST-0772,PROD-020,2025-04-06,5,37.73,0.05,179.22
OL-06553,ORD-12681,CUST-0772,PROD-009,2025-04-06,1,89.78,0,89.78
OL-06554,ORD-12682,CUST-0772,PROD-024,2025-03-30,5,38.87,0.1,174.91
OL-06555,ORD-12683,CUST-0772,PROD-026,2024-08-11,2,54.35,0.1,97.83
OL-06556,ORD-12683,CUST-0772,PROD-035,2024-08-11,4,75.75,0.05,287.85
OL-06557,ORD-12684,CUST-0772,PROD-018,2024-06-26,2,9.52,0,19.04
OL-06558,ORD-12684,CUST-0772,PROD-012,2024-06-26,5,109.67,0,548.35
OL-06559,ORD-12684,CUST-0772,PROD-008,2024-06-26,4,342.59,0.15,1164.81
OL-06560,ORD-12684,CUST-0772,PROD-022,2024-06-26,2,27.82,0.2,44.51
OL-06561,ORD-12685,CUST-0772,PROD-011,2025-09-11,2,103.76,0,207.52
OL-06562,ORD-12685,CUST-0772,PROD-026,2025-09-11,1,54.35,0.05,51.63
OL-06563,ORD-12685,CUST-0772,PROD-001,2025-09-11,5,1226.38,0.15,5212.12
OL-06564,ORD-12686,CUST-0772,PROD-036,2025-10-09,5,97.89,0.05,464.98
OL-06565,ORD-12687,CUST-0772,PROD-033,2024-12-25,5,70.03,0,350.15
OL-06566,ORD-12687,CUST-0772,PROD-001,2024-12-25,2,1226.38,0.2,1962.21
OL-06567,ORD-12687,CUST-0772,PROD-010,2024-12-25,3,121.48,0.1,328
OL-06568,ORD-12688,CUST-0773,PROD-013,2024-12-10,4,134.4,0,537.6
OL-06569,ORD-12688,CUST-0773,PROD-006,2024-12-10,4,689.21,0,2756.84
OL-06570,ORD-12688,CUST-0773,PROD-001,2024-12-10,3,1226.38,0.2,2943.31
OL-06571,ORD-12689,CUST-0774,PROD-020,2024-09-17,5,37.73,0,188.65
OL-06572,ORD-12689,CUST-0774,PROD-022,2024-09-17,3,27.82,0,83.46
OL-06573,ORD-12689,CUST-0774,PROD-017,2024-09-17,1,242.78,0,242.78
OL-06574,ORD-12689,CUST-0774,PROD-025,2024-09-17,1,25.5,0,25.5
OL-06575,ORD-12690,CUST-0774,PROD-010,2024-10-26,5,121.48,0,607.4
OL-06576,ORD-12691,CUST-0774,PROD-037,2025-01-06,3,23.39,0,70.17
OL-06577,ORD-12692,CUST-0774,PROD-037,2025-06-21,5,23.39,0.05,111.1
OL-06578,ORD-12692,CUST-0774,PROD-001,2025-06-21,1,1226.38,0.05,1165.06
OL-06579,ORD-12692,CUST-0774,PROD-015,2025-06-21,4,295.3,0,1181.2
OL-06580,ORD-12692,CUST-0774,PROD-022,2025-06-21,4,27.82,0.15,94.59
OL-06581,ORD-12693,CUST-0775,PROD-003,2024-05-18,4,722.82,0.1,2602.15
OL-06582,ORD-12693,CUST-0775,PROD-023,2024-05-18,4,88.43,0,353.72
OL-06583,ORD-12694,CUST-0775,PROD-005,2025-09-02,4,843.32,0,3373.28
OL-06584,ORD-12694,CUST-0775,PROD-009,2025-09-02,3,89.78,0,269.34
OL-06585,ORD-12694,CUST-0775,PROD-017,2025-09-02,4,242.78,0,971.12
OL-06586,ORD-12695,CUST-0775,PROD-036,2025-03-05,2,97.89,0,195.78
OL-06587,ORD-12695,CUST-0775,PROD-021,2025-03-05,4,38.34,0.05,145.69
OL-06588,ORD-12696,CUST-0775,PROD-008,2025-03-15,4,342.59,0.05,1301.84
OL-06589,ORD-12696,CUST-0775,PROD-036,2025-03-15,4,97.89,0.2,313.25
OL-06590,ORD-12696,CUST-0775,PROD-030,2025-03-15,4,33.74,0.2,107.97
OL-06591,ORD-12697,CUST-0775,PROD-025,2024-07-03,3,25.5,0,76.5
OL-06592,ORD-12698,CUST-0775,PROD-030,2024-11-07,4,33.74,0.2,107.97
OL-06593,ORD-12698,CUST-0775,PROD-015,2024-11-07,2,295.3,0,590.6
OL-06594,ORD-12698,CUST-0775,PROD-006,2024-11-07,2,689.21,0,1378.42
OL-06595,ORD-12699,CUST-0775,PROD-027,2024-08-31,4,52.67,0,210.68
OL-06596,ORD-12699,CUST-0775,PROD-029,2024-08-31,3,32.8,0,98.4
OL-06597,ORD-12699,CUST-0775,PROD-022,2024-08-31,1,27.82,0,27.82
OL-06598,ORD-12700,CUST-0775,PROD-035,2025-03-06,4,75.75,0.15,257.55
OL-06599,ORD-12700,CUST-0775,PROD-003,2025-03-06,2,722.82,0.2,1156.51
OL-06600,ORD-12700,CUST-0775,PROD-020,2025-03-06,1,37.73,0.1,33.96
OL-06601,ORD-12701,CUST-0775,PROD-025,2024-07-19,3,25.5,0,76.5
OL-06602,ORD-12701,CUST-0775,PROD-002,2024-07-19,4,505.32,0,2021.28
OL-06603,ORD-12701,CUST-0775,PROD-022,2024-07-19,4,27.82,0.1,100.15
OL-06604,ORD-12702,CUST-0775,PROD-020,2025-07-06,1,37.73,0,37.73
OL-06605,ORD-12702,CUST-0775,PROD-031,2025-07-06,1,164.42,0,164.42
OL-06606,ORD-12702,CUST-0775,PROD-027,2025-07-06,4,52.67,0.1,189.61
OL-06607,ORD-12703,CUST-0775,PROD-020,2025-01-30,3,37.73,0.05,107.53
OL-06608,ORD-12703,CUST-0775,PROD-029,2025-01-30,3,32.8,0.05,93.48
OL-06609,ORD-12703,CUST-0775,PROD-024,2025-01-30,2,38.87,0.1,69.97
OL-06610,ORD-12703,CUST-0775,PROD-019,2025-01-30,5,21.71,0.2,86.84
OL-06611,ORD-12704,CUST-0775,PROD-011,2025-01-21,5,103.76,0,518.8
OL-06612,ORD-12704,CUST-0775,PROD-025,2025-01-21,3,25.5,0.1,68.85
OL-06613,ORD-12705,CUST-0776,PROD-002,2025-12-20,5,505.32,0.1,2273.94
OL-06614,ORD-12705,CUST-0776,PROD-014,2025-12-20,3,487.6,0.15,1243.38
OL-06615,ORD-12705,CUST-0776,PROD-001,2025-12-20,4,1226.38,0.1,4414.97
OL-06616,ORD-12706,CUST-0777,PROD-027,2024-09-17,4,52.67,0.15,179.08
OL-06617,ORD-12706,CUST-0777,PROD-001,2024-09-17,5,1226.38,0.15,5212.12
OL-06618,ORD-12706,CUST-0777,PROD-028,2024-09-17,5,65.64,0,328.2
OL-06619,ORD-12707,CUST-0778,PROD-005,2025-11-20,4,843.32,0.2,2698.62
OL-06620,ORD-12707,CUST-0778,PROD-014,2025-11-20,5,487.6,0.05,2316.1
OL-06621,ORD-12707,CUST-0778,PROD-034,2025-11-20,1,79.8,0.1,71.82
OL-06622,ORD-12707,CUST-0778,PROD-009,2025-11-20,4,89.78,0.05,341.16
OL-06623,ORD-12708,CUST-0779,PROD-024,2024-12-26,5,38.87,0.1,174.91
OL-06624,ORD-12708,CUST-0779,PROD-030,2024-12-26,4,33.74,0,134.96
OL-06625,ORD-12708,CUST-0779,PROD-003,2024-12-26,4,722.82,0,2891.28
OL-06626,ORD-12708,CUST-0779,PROD-014,2024-12-26,4,487.6,0.05,1852.88
OL-06627,ORD-12709,CUST-0779,PROD-029,2025-11-07,1,32.8,0,32.8
OL-06628,ORD-12709,CUST-0779,PROD-005,2025-11-07,4,843.32,0.2,2698.62
OL-06629,ORD-12710,CUST-0779,PROD-008,2025-05-12,5,342.59,0.05,1627.3
OL-06630,ORD-12710,CUST-0779,PROD-009,2025-05-12,2,89.78,0,179.56
OL-06631,ORD-12710,CUST-0779,PROD-036,2025-05-12,1,97.89,0.05,93
OL-06632,ORD-12711,CUST-0779,PROD-019,2025-10-13,2,21.71,0,43.42
OL-06633,ORD-12711,CUST-0779,PROD-013,2025-10-13,2,134.4,0.15,228.48
OL-06634,ORD-12712,CUST-0780,PROD-004,2025-11-15,2,921.23,0.1,1658.21
OL-06635,ORD-12712,CUST-0780,PROD-010,2025-11-15,5,121.48,0,607.4
OL-06636,ORD-12713,CUST-0781,PROD-002,2025-07-07,3,505.32,0.15,1288.57
OL-06637,ORD-12713,CUST-0781,PROD-026,2025-07-07,2,54.35,0.15,92.39
OL-06638,ORD-12713,CUST-0781,PROD-025,2025-07-07,1,25.5,0.05,24.22
OL-06639,ORD-12713,CUST-0781,PROD-037,2025-07-07,5,23.39,0,116.95
OL-06640,ORD-12714,CUST-0782,PROD-022,2024-03-07,5,27.82,0.05,132.14
OL-06641,ORD-12714,CUST-0782,PROD-029,2024-03-07,3,32.8,0.2,78.72
OL-06642,ORD-12715,CUST-0782,PROD-006,2024-06-01,3,689.21,0,2067.63
OL-06643,ORD-12715,CUST-0782,PROD-009,2024-06-01,4,89.78,0.15,305.25
OL-06644,ORD-12715,CUST-0782,PROD-033,2024-06-01,1,70.03,0,70.03
OL-06645,ORD-12716,CUST-0782,PROD-017,2025-04-28,3,242.78,0.1,655.51
OL-06646,ORD-12716,CUST-0782,PROD-034,2025-04-28,4,79.8,0.2,255.36
OL-06647,ORD-12716,CUST-0782,PROD-036,2025-04-28,3,97.89,0,293.67
OL-06648,ORD-12716,CUST-0782,PROD-022,2025-04-28,1,27.82,0,27.82
OL-06649,ORD-12717,CUST-0782,PROD-017,2025-01-12,2,242.78,0,485.56
OL-06650,ORD-12718,CUST-0782,PROD-010,2024-09-17,3,121.48,0,364.44
OL-06651,ORD-12718,CUST-0782,PROD-034,2024-09-17,4,79.8,0.05,303.24
OL-06652,ORD-12718,CUST-0782,PROD-001,2024-09-17,3,1226.38,0,3679.14
OL-06653,ORD-12719,CUST-0782,PROD-002,2024-09-24,4,505.32,0.1,1819.15
OL-06654,ORD-12719,CUST-0782,PROD-031,2024-09-24,5,164.42,0.15,698.78
OL-06655,ORD-12719,CUST-0782,PROD-036,2024-09-24,4,97.89,0.1,352.4
OL-06656,ORD-12720,CUST-0783,PROD-012,2025-12-26,1,109.67,0,109.67
OL-06657,ORD-12721,CUST-0784,PROD-011,2024-12-06,2,103.76,0,207.52
OL-06658,ORD-12721,CUST-0784,PROD-008,2024-12-06,4,342.59,0,1370.36
OL-06659,ORD-12722,CUST-0785,PROD-021,2024-06-11,5,38.34,0.05,182.12
OL-06660,ORD-12723,CUST-0786,PROD-037,2025-08-24,5,23.39,0.2,93.56
OL-06661,ORD-12723,CUST-0786,PROD-009,2025-08-24,4,89.78,0.1,323.21
OL-06662,ORD-12724,CUST-0787,PROD-011,2024-04-08,1,103.76,0,103.76
OL-06663,ORD-12724,CUST-0787,PROD-034,2024-04-08,2,79.8,0.2,127.68
OL-06664,ORD-12724,CUST-0787,PROD-032,2024-04-08,3,129.73,0.1,350.27
OL-06665,ORD-12724,CUST-0787,PROD-013,2024-04-08,3,134.4,0.2,322.56
OL-06666,ORD-12725,CUST-0787,PROD-037,2024-11-18,4,23.39,0.15,79.53
OL-06667,ORD-12725,CUST-0787,PROD-008,2024-11-18,5,342.59,0.05,1627.3
OL-06668,ORD-12726,CUST-0787,PROD-008,2024-09-28,2,342.59,0,685.18
OL-06669,ORD-12726,CUST-0787,PROD-028,2024-09-28,2,65.64,0.1,118.15
OL-06670,ORD-12726,CUST-0787,PROD-001,2024-09-28,5,1226.38,0.1,5518.71
OL-06671,ORD-12727,CUST-0787,PROD-001,2024-04-26,1,1226.38,0,1226.38
OL-06672,ORD-12727,CUST-0787,PROD-002,2024-04-26,5,505.32,0.05,2400.27
OL-06673,ORD-12727,CUST-0787,PROD-021,2024-04-26,3,38.34,0,115.02
OL-06674,ORD-12727,CUST-0787,PROD-006,2024-04-26,1,689.21,0,689.21
OL-06675,ORD-12728,CUST-0787,PROD-010,2025-08-16,2,121.48,0.15,206.52
OL-06676,ORD-12729,CUST-0787,PROD-006,2025-04-18,4,689.21,0,2756.84
OL-06677,ORD-12730,CUST-0787,PROD-018,2024-09-22,3,9.52,0.1,25.7
OL-06678,ORD-12730,CUST-0787,PROD-005,2024-09-22,4,843.32,0.1,3035.95
OL-06679,ORD-12730,CUST-0787,PROD-026,2024-09-22,2,54.35,0.15,92.39
OL-06680,ORD-12731,CUST-0788,PROD-004,2024-04-21,3,921.23,0.05,2625.51
OL-06681,ORD-12732,CUST-0788,PROD-030,2024-12-04,1,33.74,0.2,26.99
OL-06682,ORD-12732,CUST-0788,PROD-021,2024-12-04,1,38.34,0,38.34
OL-06683,ORD-12733,CUST-0788,PROD-037,2024-08-01,2,23.39,0.2,37.42
OL-06684,ORD-12733,CUST-0788,PROD-029,2024-08-01,1,32.8,0,32.8
OL-06685,ORD-12733,CUST-0788,PROD-017,2024-08-01,4,242.78,0,971.12
OL-06686,ORD-12733,CUST-0788,PROD-018,2024-08-01,4,9.52,0.1,34.27
OL-06687,ORD-12734,CUST-0788,PROD-019,2025-08-14,2,21.71,0,43.42
OL-06688,ORD-12734,CUST-0788,PROD-035,2025-08-14,5,75.75,0,378.75
OL-06689,ORD-12734,CUST-0788,PROD-013,2025-08-14,5,134.4,0.05,638.4
OL-06690,ORD-12735,CUST-0789,PROD-036,2025-04-08,4,97.89,0.1,352.4
OL-06691,ORD-12735,CUST-0789,PROD-014,2025-04-08,1,487.6,0.05,463.22
OL-06692,ORD-12736,CUST-0789,PROD-017,2025-05-18,3,242.78,0.05,691.92
OL-06693,ORD-12737,CUST-0790,PROD-009,2025-09-19,4,89.78,0,359.12
OL-06694,ORD-12737,CUST-0790,PROD-026,2025-09-19,3,54.35,0.15,138.59
OL-06695,ORD-12738,CUST-0791,PROD-033,2025-12-01,1,70.03,0,70.03
OL-06696,ORD-12738,CUST-0791,PROD-007,2025-12-01,3,511.33,0,1533.99
OL-06697,ORD-12738,CUST-0791,PROD-030,2025-12-01,1,33.74,0.1,30.37
OL-06698,ORD-12739,CUST-0792,PROD-031,2024-03-10,1,164.42,0.1,147.98
OL-06699,ORD-12739,CUST-0792,PROD-009,2024-03-10,2,89.78,0,179.56
OL-06700,ORD-12739,CUST-0792,PROD-002,2024-03-10,1,505.32,0.2,404.26
OL-06701,ORD-12739,CUST-0792,PROD-023,2024-03-10,5,88.43,0,442.15
OL-06702,ORD-12740,CUST-0792,PROD-009,2024-12-31,2,89.78,0.1,161.6
OL-06703,ORD-12740,CUST-0792,PROD-016,2024-12-31,4,189.62,0.2,606.78
OL-06704,ORD-12740,CUST-0792,PROD-015,2024-12-31,1,295.3,0.2,236.24
OL-06705,ORD-12741,CUST-0792,PROD-031,2024-08-09,5,164.42,0,822.1
OL-06706,ORD-12741,CUST-0792,PROD-022,2024-08-09,5,27.82,0,139.1
OL-06707,ORD-12742,CUST-0792,PROD-021,2024-09-16,4,38.34,0.2,122.69
OL-06708,ORD-12742,CUST-0792,PROD-008,2024-09-16,2,342.59,0.2,548.14
OL-06709,ORD-12742,CUST-0792,PROD-005,2024-09-16,5,843.32,0.15,3584.11
OL-06710,ORD-12743,CUST-0792,PROD-019,2024-11-07,5,21.71,0,108.55
OL-06711,ORD-12744,CUST-0792,PROD-022,2024-04-03,3,27.82,0,83.46
OL-06712,ORD-12744,CUST-0792,PROD-030,2024-04-03,3,33.74,0.1,91.1
OL-06713,ORD-12744,CUST-0792,PROD-020,2024-04-03,4,37.73,0.2,120.74
OL-06714,ORD-12744,CUST-0792,PROD-008,2024-04-03,2,342.59,0.1,616.66
OL-06715,ORD-12745,CUST-0792,PROD-025,2024-10-21,3,25.5,0.1,68.85
OL-06716,ORD-12745,CUST-0792,PROD-009,2024-10-21,1,89.78,0.1,80.8
OL-06717,ORD-12746,CUST-0793,PROD-005,2025-10-20,3,843.32,0.15,2150.47
OL-06718,ORD-12746,CUST-0793,PROD-012,2025-10-20,5,109.67,0.2,438.68
OL-06719,ORD-12747,CUST-0794,PROD-016,2024-07-08,2,189.62,0.2,303.39
OL-06720,ORD-12747,CUST-0794,PROD-028,2024-07-08,3,65.64,0,196.92
OL-06721,ORD-12747,CUST-0794,PROD-030,2024-07-08,2,33.74,0.15,57.36
OL-06722,ORD-12747,CUST-0794,PROD-031,2024-07-08,3,164.42,0,493.26
OL-06723,ORD-12748,CUST-0794,PROD-020,2025-06-10,4,37.73,0,150.92
OL-06724,ORD-12748,CUST-0794,PROD-030,2025-06-10,5,33.74,0.2,134.96
OL-06725,ORD-12748,CUST-0794,PROD-034,2025-06-10,4,79.8,0,319.2
OL-06726,ORD-12749,CUST-0794,PROD-022,2025-03-23,4,27.82,0.2,89.02
OL-06727,ORD-12750,CUST-0794,PROD-015,2025-07-22,2,295.3,0.1,531.54
OL-06728,ORD-12750,CUST-0794,PROD-034,2025-07-22,5,79.8,0,399
OL-06729,ORD-12750,CUST-0794,PROD-003,2025-07-22,2,722.82,0,1445.64
OL-06730,ORD-12751,CUST-0794,PROD-019,2025-11-10,2,21.71,0,43.42
OL-06731,ORD-12752,CUST-0794,PROD-004,2025-03-21,1,921.23,0.1,829.11
OL-06732,ORD-12752,CUST-0794,PROD-002,2025-03-21,1,505.32,0.05,480.05
OL-06733,ORD-12752,CUST-0794,PROD-037,2025-03-21,3,23.39,0.05,66.66
OL-06734,ORD-12752,CUST-0794,PROD-019,2025-03-21,2,21.71,0.05,41.25
OL-06735,ORD-12753,CUST-0794,PROD-019,2025-02-20,4,21.71,0.05,82.5
OL-06736,ORD-12753,CUST-0794,PROD-011,2025-02-20,2,103.76,0,207.52
OL-06737,ORD-12754,CUST-0795,PROD-010,2025-10-26,4,121.48,0.2,388.74
OL-06738,ORD-12754,CUST-0795,PROD-003,2025-10-26,5,722.82,0,3614.1
OL-06739,ORD-12754,CUST-0795,PROD-015,2025-10-26,1,295.3,0.1,265.77
OL-06740,ORD-12755,CUST-0796,PROD-018,2024-05-03,1,9.52,0,9.52
OL-06741,ORD-12756,CUST-0796,PROD-010,2025-04-30,1,121.48,0.15,103.26
OL-06742,ORD-12756,CUST-0796,PROD-030,2025-04-30,1,33.74,0.2,26.99
OL-06743,ORD-12756,CUST-0796,PROD-016,2025-04-30,4,189.62,0,758.48
OL-06744,ORD-12757,CUST-0796,PROD-026,2025-07-11,1,54.35,0,54.35
OL-06745,ORD-12757,CUST-0796,PROD-020,2025-07-11,4,37.73,0.2,120.74
OL-06746,ORD-12758,CUST-0796,PROD-037,2024-11-02,3,23.39,0,70.17
OL-06747,ORD-12758,CUST-0796,PROD-001,2024-11-02,5,1226.38,0.2,4905.52
OL-06748,ORD-12758,CUST-0796,PROD-005,2024-11-02,2,843.32,0,1686.64
OL-06749,ORD-12758,CUST-0796,PROD-034,2024-11-02,3,79.8,0.1,215.46
OL-06750,ORD-12759,CUST-0796,PROD-029,2025-02-12,2,32.8,0.1,59.04
OL-06751,ORD-12759,CUST-0796,PROD-020,2025-02-12,5,37.73,0.15,160.35
OL-06752,ORD-12759,CUST-0796,PROD-011,2025-02-12,2,103.76,0.2,166.02
OL-06753,ORD-12760,CUST-0796,PROD-027,2025-06-28,3,52.67,0,158.01
OL-06754,ORD-12760,CUST-0796,PROD-031,2025-06-28,5,164.42,0,822.1
OL-06755,ORD-12760,CUST-0796,PROD-006,2025-06-28,2,689.21,0,1378.42
OL-06756,ORD-12761,CUST-0796,PROD-020,2024-12-24,2,37.73,0.05,71.69
OL-06757,ORD-12761,CUST-0796,PROD-030,2024-12-24,3,33.74,0,101.22
OL-06758,ORD-12762,CUST-0796,PROD-010,2024-06-08,1,121.48,0.1,109.33
OL-06759,ORD-12762,CUST-0796,PROD-037,2024-06-08,1,23.39,0.15,19.88
OL-06760,ORD-12763,CUST-0796,PROD-028,2025-04-08,3,65.64,0.2,157.54
OL-06761,ORD-12764,CUST-0796,PROD-005,2025-01-05,5,843.32,0.05,4005.77
OL-06762,ORD-12764,CUST-0796,PROD-020,2025-01-05,2,37.73,0.2,60.37
OL-06763,ORD-12764,CUST-0796,PROD-010,2025-01-05,3,121.48,0,364.44
OL-06764,ORD-12764,CUST-0796,PROD-029,2025-01-05,3,32.8,0.15,83.64
OL-06765,ORD-12765,CUST-0796,PROD-019,2025-09-10,2,21.71,0.15,36.91
OL-06766,ORD-12766,CUST-0796,PROD-026,2024-09-22,5,54.35,0.05,258.16
OL-06767,ORD-12767,CUST-0796,PROD-004,2025-03-20,4,921.23,0,3684.92
OL-06768,ORD-12767,CUST-0796,PROD-028,2025-03-20,3,65.64,0.1,177.23
OL-06769,ORD-12768,CUST-0796,PROD-020,2024-09-10,5,37.73,0.05,179.22
OL-06770,ORD-12768,CUST-0796,PROD-015,2024-09-10,5,295.3,0,1476.5
OL-06771,ORD-12769,CUST-0796,PROD-014,2024-10-06,2,487.6,0.1,877.68
OL-06772,ORD-12769,CUST-0796,PROD-012,2024-10-06,4,109.67,0.1,394.81
OL-06773,ORD-12769,CUST-0796,PROD-023,2024-10-06,2,88.43,0,176.86
OL-06774,ORD-12770,CUST-0796,PROD-016,2025-01-06,1,189.62,0,189.62
OL-06775,ORD-12770,CUST-0796,PROD-033,2025-01-06,2,70.03,0,140.06
OL-06776,ORD-12771,CUST-0797,PROD-015,2025-07-31,2,295.3,0,590.6
OL-06777,ORD-12771,CUST-0797,PROD-018,2025-07-31,2,9.52,0,19.04
OL-06778,ORD-12771,CUST-0797,PROD-022,2025-07-31,4,27.82,0,111.28
OL-06779,ORD-12771,CUST-0797,PROD-016,2025-07-31,1,189.62,0.2,151.7
OL-06780,ORD-12772,CUST-0797,PROD-019,2025-11-14,3,21.71,0,65.13
OL-06781,ORD-12772,CUST-0797,PROD-031,2025-11-14,5,164.42,0.1,739.89
OL-06782,ORD-12773,CUST-0798,PROD-011,2025-01-05,3,103.76,0,311.28
OL-06783,ORD-12773,CUST-0798,PROD-004,2025-01-05,3,921.23,0,2763.69
OL-06784,ORD-12773,CUST-0798,PROD-016,2025-01-05,4,189.62,0,758.48
OL-06785,ORD-12773,CUST-0798,PROD-015,2025-01-05,2,295.3,0,590.6
OL-06786,ORD-12774,CUST-0799,PROD-007,2024-11-05,1,511.33,0,511.33
OL-06787,ORD-12774,CUST-0799,PROD-002,2024-11-05,3,505.32,0,1515.96
OL-06788,ORD-12774,CUST-0799,PROD-032,2024-11-05,5,129.73,0.2,518.92
OL-06789,ORD-12775,CUST-0799,PROD-018,2025-08-02,1,9.52,0,9.52
OL-06790,ORD-12776,CUST-0799,PROD-020,2025-02-05,4,37.73,0,150.92
OL-06791,ORD-12776,CUST-0799,PROD-022,2025-02-05,1,27.82,0,27.82
OL-06792,ORD-12777,CUST-0799,PROD-024,2025-09-19,2,38.87,0,77.74
OL-06793,ORD-12777,CUST-0799,PROD-006,2025-09-19,2,689.21,0.1,1240.58
OL-06794,ORD-12778,CUST-0800,PROD-032,2025-12-18,5,129.73,0,648.65
OL-06795,ORD-12779,CUST-0801,PROD-023,2025-10-25,3,88.43,0.15,225.5
OL-06796,ORD-12779,CUST-0801,PROD-002,2025-10-25,2,505.32,0.15,859.04
OL-06797,ORD-12780,CUST-0802,PROD-005,2024-12-14,3,843.32,0.15,2150.47
OL-06798,ORD-12780,CUST-0802,PROD-031,2024-12-14,4,164.42,0.2,526.14
OL-06799,ORD-12780,CUST-0802,PROD-008,2024-12-14,3,342.59,0,1027.77
OL-06800,ORD-12781,CUST-0803,PROD-026,2024-11-17,4,54.35,0.2,173.92
OL-06801,ORD-12782,CUST-0803,PROD-033,2025-03-30,3,70.03,0.05,199.59
OL-06802,ORD-12782,CUST-0803,PROD-009,2025-03-30,2,89.78,0,179.56
OL-06803,ORD-12783,CUST-0804,PROD-008,2025-07-25,5,342.59,0.15,1456.01
OL-06804,ORD-12783,CUST-0804,PROD-027,2025-07-25,3,52.67,0.15,134.31
OL-06805,ORD-12783,CUST-0804,PROD-009,2025-07-25,4,89.78,0,359.12
OL-06806,ORD-12783,CUST-0804,PROD-005,2025-07-25,3,843.32,0,2529.96
OL-06807,ORD-12784,CUST-0804,PROD-030,2025-08-13,4,33.74,0,134.96
OL-06808,ORD-12785,CUST-0805,PROD-010,2024-07-19,5,121.48,0.1,546.66
OL-06809,ORD-12785,CUST-0805,PROD-004,2024-07-19,4,921.23,0.1,3316.43
OL-06810,ORD-12785,CUST-0805,PROD-021,2024-07-19,3,38.34,0.15,97.77
OL-06811,ORD-12786,CUST-0805,PROD-029,2025-07-02,2,32.8,0.15,55.76
OL-06812,ORD-12786,CUST-0805,PROD-030,2025-07-02,2,33.74,0.15,57.36
OL-06813,ORD-12786,CUST-0805,PROD-005,2025-07-02,4,843.32,0,3373.28
OL-06814,ORD-12786,CUST-0805,PROD-020,2025-07-02,5,37.73,0,188.65
OL-06815,ORD-12787,CUST-0805,PROD-007,2025-08-19,1,511.33,0,511.33
OL-06816,ORD-12788,CUST-0805,PROD-027,2025-11-15,2,52.67,0.1,94.81
OL-06817,ORD-12788,CUST-0805,PROD-007,2025-11-15,2,511.33,0.05,971.53
OL-06818,ORD-12788,CUST-0805,PROD-004,2025-11-15,5,921.23,0.1,4145.53
OL-06819,ORD-12789,CUST-0806,PROD-035,2025-08-06,5,75.75,0,378.75
OL-06820,ORD-12790,CUST-0806,PROD-026,2025-09-09,2,54.35,0.1,97.83
OL-06821,ORD-12790,CUST-0806,PROD-008,2025-09-09,5,342.59,0,1712.95
OL-06822,ORD-12790,CUST-0806,PROD-025,2025-09-09,4,25.5,0.1,91.8
OL-06823,ORD-12791,CUST-0807,PROD-006,2025-11-21,4,689.21,0.1,2481.16
OL-06824,ORD-12791,CUST-0807,PROD-034,2025-11-21,1,79.8,0,79.8
OL-06825,ORD-12791,CUST-0807,PROD-023,2025-11-21,1,88.43,0.15,75.17
OL-06826,ORD-12792,CUST-0808,PROD-026,2025-12-21,2,54.35,0.05,103.27
OL-06827,ORD-12792,CUST-0808,PROD-036,2025-12-21,4,97.89,0,391.56
OL-06828,ORD-12792,CUST-0808,PROD-035,2025-12-21,5,75.75,0,378.75
OL-06829,ORD-12793,CUST-0809,PROD-032,2025-01-05,1,129.73,0.15,110.27
OL-06830,ORD-12793,CUST-0809,PROD-011,2025-01-05,5,103.76,0,518.8
OL-06831,ORD-12794,CUST-0809,PROD-029,2025-12-30,4,32.8,0,131.2
OL-06832,ORD-12794,CUST-0809,PROD-010,2025-12-30,3,121.48,0.05,346.22
OL-06833,ORD-12794,CUST-0809,PROD-013,2025-12-30,3,134.4,0,403.2
OL-06834,ORD-12795,CUST-0809,PROD-002,2025-09-15,2,505.32,0,1010.64
OL-06835,ORD-12795,CUST-0809,PROD-035,2025-09-15,4,75.75,0.1,272.7
OL-06836,ORD-12796,CUST-0809,PROD-007,2025-09-04,3,511.33,0.1,1380.59
OL-06837,ORD-12796,CUST-0809,PROD-017,2025-09-04,5,242.78,0,1213.9
OL-06838,ORD-12796,CUST-0809,PROD-023,2025-09-04,4,88.43,0.05,336.03
OL-06839,ORD-12797,CUST-0810,PROD-017,2024-11-11,4,242.78,0.05,922.56
OL-06840,ORD-12798,CUST-0811,PROD-028,2025-03-10,4,65.64,0.1,236.3
OL-06841,ORD-12799,CUST-0811,PROD-029,2025-12-13,3,32.8,0.2,78.72
OL-06842,ORD-12799,CUST-0811,PROD-024,2025-12-13,4,38.87,0,155.48
OL-06843,ORD-12799,CUST-0811,PROD-005,2025-12-13,1,843.32,0.05,801.15
OL-06844,ORD-12799,CUST-0811,PROD-036,2025-12-13,3,97.89,0,293.67
OL-06845,ORD-12800,CUST-0811,PROD-023,2025-10-31,5,88.43,0.2,353.72
OL-06846,ORD-12801,CUST-0811,PROD-014,2025-09-28,5,487.6,0,2438
OL-06847,ORD-12801,CUST-0811,PROD-020,2025-09-28,4,37.73,0,150.92
OL-06848,ORD-12801,CUST-0811,PROD-016,2025-09-28,5,189.62,0,948.1
OL-06849,ORD-12801,CUST-0811,PROD-006,2025-09-28,1,689.21,0.15,585.83
OL-06850,ORD-12802,CUST-0811,PROD-023,2025-04-10,3,88.43,0.05,252.03
OL-06851,ORD-12802,CUST-0811,PROD-034,2025-04-10,3,79.8,0.2,191.52
OL-06852,ORD-12803,CUST-0812,PROD-031,2024-01-31,1,164.42,0.15,139.76
OL-06853,ORD-12803,CUST-0812,PROD-016,2024-01-31,2,189.62,0,379.24
OL-06854,ORD-12804,CUST-0812,PROD-036,2024-08-27,4,97.89,0,391.56
OL-06855,ORD-12804,CUST-0812,PROD-031,2024-08-27,3,164.42,0,493.26
OL-06856,ORD-12804,CUST-0812,PROD-007,2024-08-27,5,511.33,0.05,2428.82
OL-06857,ORD-12804,CUST-0812,PROD-011,2024-08-27,2,103.76,0,207.52
OL-06858,ORD-12805,CUST-0812,PROD-010,2025-04-27,3,121.48,0.15,309.77
OL-06859,ORD-12806,CUST-0812,PROD-024,2024-03-16,3,38.87,0,116.61
OL-06860,ORD-12806,CUST-0812,PROD-019,2024-03-16,1,21.71,0.15,18.45
OL-06861,ORD-12807,CUST-0812,PROD-019,2024-03-16,1,21.71,0.15,18.45
OL-06862,ORD-12807,CUST-0812,PROD-003,2024-03-16,5,722.82,0.1,3252.69
OL-06863,ORD-12807,CUST-0812,PROD-033,2024-03-16,5,70.03,0.2,280.12
OL-06864,ORD-12808,CUST-0812,PROD-026,2024-06-01,5,54.35,0.05,258.16
OL-06865,ORD-12808,CUST-0812,PROD-030,2024-06-01,2,33.74,0,67.48
OL-06866,ORD-12808,CUST-0812,PROD-016,2024-06-01,4,189.62,0,758.48
OL-06867,ORD-12808,CUST-0812,PROD-034,2024-06-01,4,79.8,0,319.2
OL-06868,ORD-12809,CUST-0812,PROD-019,2024-02-21,5,21.71,0,108.55
OL-06869,ORD-12809,CUST-0812,PROD-016,2024-02-21,1,189.62,0,189.62
OL-06870,ORD-12810,CUST-0812,PROD-019,2024-03-02,2,21.71,0,43.42
OL-06871,ORD-12811,CUST-0812,PROD-015,2024-05-06,3,295.3,0,885.9
OL-06872,ORD-12811,CUST-0812,PROD-002,2024-05-06,4,505.32,0.1,1819.15
OL-06873,ORD-12811,CUST-0812,PROD-032,2024-05-06,5,129.73,0.15,551.35
OL-06874,ORD-12812,CUST-0812,PROD-018,2024-09-14,2,9.52,0.1,17.14
OL-06875,ORD-12812,CUST-0812,PROD-027,2024-09-14,5,52.67,0.05,250.18
OL-06876,ORD-12812,CUST-0812,PROD-025,2024-09-14,2,25.5,0,51
OL-06877,ORD-12813,CUST-0812,PROD-011,2024-04-07,3,103.76,0.15,264.59
OL-06878,ORD-12813,CUST-0812,PROD-010,2024-04-07,4,121.48,0,485.92
OL-06879,ORD-12813,CUST-0812,PROD-022,2024-04-07,1,27.82,0,27.82
OL-06880,ORD-12813,CUST-0812,PROD-029,2024-04-07,2,32.8,0,65.6
OL-06881,ORD-12814,CUST-0812,PROD-015,2024-03-06,1,295.3,0,295.3
OL-06882,ORD-12814,CUST-0812,PROD-019,2024-03-06,4,21.71,0.15,73.81
OL-06883,ORD-12815,CUST-0812,PROD-007,2024-10-12,3,511.33,0.1,1380.59
OL-06884,ORD-12815,CUST-0812,PROD-012,2024-10-12,5,109.67,0.15,466.1
OL-06885,ORD-12815,CUST-0812,PROD-024,2024-10-12,1,38.87,0.2,31.1
OL-06886,ORD-12815,CUST-0812,PROD-006,2024-10-12,3,689.21,0,2067.63
OL-06887,ORD-12816,CUST-0812,PROD-033,2025-06-02,3,70.03,0,210.09
OL-06888,ORD-12816,CUST-0812,PROD-001,2025-06-02,4,1226.38,0.05,4660.24
OL-06889,ORD-12817,CUST-0813,PROD-035,2025-10-23,1,75.75,0.2,60.6
OL-06890,ORD-12818,CUST-0814,PROD-009,2025-06-10,5,89.78,0.1,404.01
OL-06891,ORD-12818,CUST-0814,PROD-032,2025-06-10,3,129.73,0.2,311.35
OL-06892,ORD-12819,CUST-0814,PROD-003,2025-11-13,4,722.82,0,2891.28
OL-06893,ORD-12819,CUST-0814,PROD-036,2025-11-13,3,97.89,0,293.67
OL-06894,ORD-12819,CUST-0814,PROD-025,2025-11-13,4,25.5,0.05,96.9
OL-06895,ORD-12819,CUST-0814,PROD-013,2025-11-13,5,134.4,0,672
OL-06896,ORD-12820,CUST-0815,PROD-020,2024-11-20,2,37.73,0,75.46
OL-06897,ORD-12820,CUST-0815,PROD-010,2024-11-20,3,121.48,0.15,309.77
OL-06898,ORD-12820,CUST-0815,PROD-001,2024-11-20,5,1226.38,0,6131.9
OL-06899,ORD-12821,CUST-0815,PROD-013,2025-04-12,2,134.4,0.05,255.36
OL-06900,ORD-12821,CUST-0815,PROD-005,2025-04-12,1,843.32,0,843.32
OL-06901,ORD-12821,CUST-0815,PROD-016,2025-04-12,3,189.62,0,568.86
OL-06902,ORD-12821,CUST-0815,PROD-030,2025-04-12,2,33.74,0,67.48
OL-06903,ORD-12822,CUST-0816,PROD-035,2025-08-23,1,75.75,0.15,64.39
OL-06904,ORD-12823,CUST-0816,PROD-025,2025-11-24,5,25.5,0.05,121.12
OL-06905,ORD-12823,CUST-0816,PROD-008,2025-11-24,1,342.59,0.05,325.46
OL-06906,ORD-12823,CUST-0816,PROD-017,2025-11-24,1,242.78,0,242.78
OL-06907,ORD-12823,CUST-0816,PROD-016,2025-11-24,3,189.62,0.05,540.42
OL-06908,ORD-12824,CUST-0817,PROD-033,2025-09-01,5,70.03,0.2,280.12
OL-06909,ORD-12825,CUST-0818,PROD-009,2024-01-19,3,89.78,0.2,215.47
OL-06910,ORD-12826,CUST-0818,PROD-010,2025-06-03,5,121.48,0.1,546.66
OL-06911,ORD-12826,CUST-0818,PROD-020,2025-06-03,2,37.73,0,75.46
OL-06912,ORD-12826,CUST-0818,PROD-032,2025-06-03,1,129.73,0,129.73
OL-06913,ORD-12826,CUST-0818,PROD-027,2025-06-03,2,52.67,0,105.34
OL-06914,ORD-12827,CUST-0818,PROD-006,2024-03-15,5,689.21,0,3446.05
OL-06915,ORD-12827,CUST-0818,PROD-013,2024-03-15,1,134.4,0.2,107.52
OL-06916,ORD-12827,CUST-0818,PROD-005,2024-03-15,5,843.32,0.15,3584.11
OL-06917,ORD-12828,CUST-0818,PROD-001,2024-03-28,2,1226.38,0,2452.76
OL-06918,ORD-12828,CUST-0818,PROD-022,2024-03-28,3,27.82,0.15,70.94
OL-06919,ORD-12828,CUST-0818,PROD-006,2024-03-28,1,689.21,0.05,654.75
OL-06920,ORD-12829,CUST-0819,PROD-020,2025-10-04,3,37.73,0.05,107.53
OL-06921,ORD-12830,CUST-0820,PROD-027,2024-11-11,3,52.67,0.2,126.41
OL-06922,ORD-12830,CUST-0820,PROD-001,2024-11-11,1,1226.38,0.2,981.1
OL-06923,ORD-12830,CUST-0820,PROD-037,2024-11-11,4,23.39,0.05,88.88
OL-06924,ORD-12831,CUST-0820,PROD-033,2025-01-16,2,70.03,0,140.06
OL-06925,ORD-12831,CUST-0820,PROD-030,2025-01-16,1,33.74,0,33.74
OL-06926,ORD-12831,CUST-0820,PROD-034,2025-01-16,1,79.8,0,79.8
OL-06927,ORD-12832,CUST-0821,PROD-025,2025-07-30,4,25.5,0,102
OL-06928,ORD-12832,CUST-0821,PROD-018,2025-07-30,2,9.52,0.05,18.09
OL-06929,ORD-12832,CUST-0821,PROD-021,2025-07-30,3,38.34,0.15,97.77
OL-06930,ORD-12833,CUST-0822,PROD-004,2024-10-24,1,921.23,0,921.23
OL-06931,ORD-12833,CUST-0822,PROD-030,2024-10-24,2,33.74,0.2,53.98
OL-06932,ORD-12833,CUST-0822,PROD-018,2024-10-24,4,9.52,0,38.08
OL-06933,ORD-12834,CUST-0823,PROD-001,2025-08-02,2,1226.38,0.05,2330.12
OL-06934,ORD-12834,CUST-0823,PROD-015,2025-08-02,5,295.3,0,1476.5
OL-06935,ORD-12834,CUST-0823,PROD-016,2025-08-02,1,189.62,0,189.62
OL-06936,ORD-12834,CUST-0823,PROD-007,2025-08-02,4,511.33,0,2045.32
OL-06937,ORD-12835,CUST-0823,PROD-025,2025-09-22,1,25.5,0,25.5
OL-06938,ORD-12836,CUST-0823,PROD-029,2025-11-10,5,32.8,0,164
OL-06939,ORD-12836,CUST-0823,PROD-023,2025-11-10,3,88.43,0.05,252.03
OL-06940,ORD-12836,CUST-0823,PROD-015,2025-11-10,4,295.3,0,1181.2
OL-06941,ORD-12836,CUST-0823,PROD-005,2025-11-10,1,843.32,0.15,716.82
OL-06942,ORD-12837,CUST-0824,PROD-006,2024-11-06,1,689.21,0.1,620.29
OL-06943,ORD-12838,CUST-0824,PROD-022,2025-09-25,2,27.82,0,55.64
OL-06944,ORD-12838,CUST-0824,PROD-019,2025-09-25,2,21.71,0.05,41.25
OL-06945,ORD-12838,CUST-0824,PROD-027,2025-09-25,1,52.67,0.05,50.04
OL-06946,ORD-12838,CUST-0824,PROD-007,2025-09-25,3,511.33,0,1533.99
OL-06947,ORD-12839,CUST-0824,PROD-029,2024-12-22,4,32.8,0.05,124.64
OL-06948,ORD-12839,CUST-0824,PROD-019,2024-12-22,5,21.71,0,108.55
OL-06949,ORD-12839,CUST-0824,PROD-034,2024-12-22,5,79.8,0.05,379.05
OL-06950,ORD-12840,CUST-0824,PROD-033,2025-12-22,1,70.03,0.05,66.53
OL-06951,ORD-12840,CUST-0824,PROD-017,2025-12-22,1,242.78,0.15,206.36
OL-06952,ORD-12840,CUST-0824,PROD-034,2025-12-22,2,79.8,0.05,151.62
OL-06953,ORD-12841,CUST-0825,PROD-002,2025-01-25,1,505.32,0.05,480.05
OL-06954,ORD-12842,CUST-0826,PROD-005,2025-10-26,4,843.32,0.05,3204.62
OL-06955,ORD-12843,CUST-0827,PROD-031,2025-11-18,5,164.42,0,822.1
OL-06956,ORD-12843,CUST-0827,PROD-021,2025-11-18,5,38.34,0,191.7
OL-06957,ORD-12844,CUST-0828,PROD-029,2024-12-02,5,32.8,0,164
OL-06958,ORD-12845,CUST-0828,PROD-029,2025-02-11,1,32.8,0.1,29.52
OL-06959,ORD-12846,CUST-0828,PROD-004,2025-12-12,2,921.23,0,1842.46
OL-06960,ORD-12846,CUST-0828,PROD-003,2025-12-12,3,722.82,0,2168.46
OL-06961,ORD-12846,CUST-0828,PROD-018,2025-12-12,3,9.52,0,28.56
OL-06962,ORD-12846,CUST-0828,PROD-002,2025-12-12,3,505.32,0,1515.96
OL-06963,ORD-12847,CUST-0829,PROD-029,2024-10-08,3,32.8,0.15,83.64
OL-06964,ORD-12847,CUST-0829,PROD-018,2024-10-08,5,9.52,0.15,40.46
OL-06965,ORD-12847,CUST-0829,PROD-015,2024-10-08,4,295.3,0.15,1004.02
OL-06966,ORD-12847,CUST-0829,PROD-034,2024-10-08,3,79.8,0,239.4
OL-06967,ORD-12848,CUST-0830,PROD-037,2024-12-16,4,23.39,0.2,74.85
OL-06968,ORD-12848,CUST-0830,PROD-007,2024-12-16,1,511.33,0.2,409.06
OL-06969,ORD-12849,CUST-0830,PROD-024,2025-04-18,1,38.87,0.2,31.1
OL-06970,ORD-12849,CUST-0830,PROD-016,2025-04-18,1,189.62,0,189.62
OL-06971,ORD-12850,CUST-0830,PROD-025,2025-11-12,3,25.5,0,76.5
OL-06972,ORD-12850,CUST-0830,PROD-026,2025-11-12,4,54.35,0.15,184.79
OL-06973,ORD-12851,CUST-0830,PROD-030,2025-02-26,5,33.74,0.2,134.96
OL-06974,ORD-12851,CUST-0830,PROD-016,2025-02-26,3,189.62,0.2,455.09
OL-06975,ORD-12851,CUST-0830,PROD-007,2025-02-26,4,511.33,0.15,1738.52
OL-06976,ORD-12851,CUST-0830,PROD-014,2025-02-26,2,487.6,0,975.2
OL-06977,ORD-12852,CUST-0831,PROD-010,2025-06-15,5,121.48,0.05,577.03
OL-06978,ORD-12852,CUST-0831,PROD-013,2025-06-15,3,134.4,0.15,342.72
OL-06979,ORD-12852,CUST-0831,PROD-036,2025-06-15,2,97.89,0.2,156.62
OL-06980,ORD-12852,CUST-0831,PROD-023,2025-06-15,5,88.43,0,442.15
OL-06981,ORD-12853,CUST-0832,PROD-036,2024-11-14,1,97.89,0,97.89
OL-06982,ORD-12853,CUST-0832,PROD-030,2024-11-14,3,33.74,0.1,91.1
OL-06983,ORD-12853,CUST-0832,PROD-006,2024-11-14,2,689.21,0.2,1102.74
OL-06984,ORD-12853,CUST-0832,PROD-017,2024-11-14,1,242.78,0.2,194.22
OL-06985,ORD-12854,CUST-0832,PROD-029,2025-08-02,3,32.8,0,98.4
OL-06986,ORD-12854,CUST-0832,PROD-003,2025-08-02,5,722.82,0.15,3071.99
OL-06987,ORD-12854,CUST-0832,PROD-028,2025-08-02,1,65.64,0.05,62.36
OL-06988,ORD-12854,CUST-0832,PROD-001,2025-08-02,2,1226.38,0.2,1962.21
OL-06989,ORD-12855,CUST-0832,PROD-009,2025-05-11,1,89.78,0.05,85.29
OL-06990,ORD-12855,CUST-0832,PROD-008,2025-05-11,5,342.59,0.1,1541.65
OL-06991,ORD-12855,CUST-0832,PROD-025,2025-05-11,5,25.5,0,127.5
OL-06992,ORD-12855,CUST-0832,PROD-022,2025-05-11,3,27.82,0.2,66.77
OL-06993,ORD-12856,CUST-0832,PROD-020,2025-04-12,5,37.73,0.05,179.22
OL-06994,ORD-12856,CUST-0832,PROD-026,2025-04-12,1,54.35,0,54.35
OL-06995,ORD-12856,CUST-0832,PROD-014,2025-04-12,3,487.6,0.15,1243.38
OL-06996,ORD-12856,CUST-0832,PROD-035,2025-04-12,3,75.75,0,227.25
OL-06997,ORD-12857,CUST-0833,PROD-015,2025-11-04,5,295.3,0.15,1255.02
OL-06998,ORD-12858,CUST-0834,PROD-009,2025-10-24,5,89.78,0.05,426.45
OL-06999,ORD-12858,CUST-0834,PROD-031,2025-10-24,4,164.42,0.15,559.03
OL-07000,ORD-12858,CUST-0834,PROD-007,2025-10-24,5,511.33,0,2556.65
OL-07001,ORD-12859,CUST-0835,PROD-009,2024-08-29,1,89.78,0.1,80.8
OL-07002,ORD-12859,CUST-0835,PROD-004,2024-08-29,2,921.23,0.05,1750.34
OL-07003,ORD-12859,CUST-0835,PROD-022,2024-08-29,1,27.82,0,27.82
OL-07004,ORD-12860,CUST-0835,PROD-008,2024-10-07,1,342.59,0,342.59
OL-07005,ORD-12861,CUST-0835,PROD-028,2025-11-05,1,65.64,0.2,52.51
OL-07006,ORD-12861,CUST-0835,PROD-005,2025-11-05,5,843.32,0.05,4005.77
OL-07007,ORD-12861,CUST-0835,PROD-027,2025-11-05,2,52.67,0.1,94.81
OL-07008,ORD-12862,CUST-0835,PROD-033,2025-01-23,1,70.03,0.2,56.02
OL-07009,ORD-12862,CUST-0835,PROD-006,2025-01-23,2,689.21,0,1378.42
OL-07010,ORD-12862,CUST-0835,PROD-009,2025-01-23,1,89.78,0.15,76.31
OL-07011,ORD-12863,CUST-0835,PROD-013,2025-09-26,3,134.4,0.15,342.72
OL-07012,ORD-12863,CUST-0835,PROD-034,2025-09-26,4,79.8,0.2,255.36
OL-07013,ORD-12864,CUST-0836,PROD-036,2025-08-12,4,97.89,0.05,371.98
OL-07014,ORD-12865,CUST-0836,PROD-014,2025-10-31,1,487.6,0,487.6
OL-07015,ORD-12865,CUST-0836,PROD-005,2025-10-31,3,843.32,0.1,2276.96
OL-07016,ORD-12866,CUST-0836,PROD-030,2025-10-29,3,33.74,0.15,86.04
OL-07017,ORD-12866,CUST-0836,PROD-016,2025-10-29,4,189.62,0,758.48
OL-07018,ORD-12866,CUST-0836,PROD-027,2025-10-29,5,52.67,0,263.35
OL-07019,ORD-12866,CUST-0836,PROD-024,2025-10-29,2,38.87,0,77.74
OL-07020,ORD-12867,CUST-0837,PROD-009,2025-09-29,4,89.78,0,359.12
OL-07021,ORD-12867,CUST-0837,PROD-002,2025-09-29,1,505.32,0.1,454.79
OL-07022,ORD-12868,CUST-0838,PROD-008,2025-03-08,1,342.59,0.15,291.2
OL-07023,ORD-12868,CUST-0838,PROD-031,2025-03-08,2,164.42,0.2,263.07
OL-07024,ORD-12868,CUST-0838,PROD-025,2025-03-08,1,25.5,0,25.5
OL-07025,ORD-12869,CUST-0838,PROD-017,2025-06-28,4,242.78,0.1,874.01
OL-07026,ORD-12869,CUST-0838,PROD-008,2025-06-28,2,342.59,0,685.18
OL-07027,ORD-12869,CUST-0838,PROD-028,2025-06-28,5,65.64,0.1,295.38
OL-07028,ORD-12869,CUST-0838,PROD-016,2025-06-28,1,189.62,0.05,180.14
OL-07029,ORD-12870,CUST-0839,PROD-018,2025-10-20,2,9.52,0.2,15.23
OL-07030,ORD-12870,CUST-0839,PROD-001,2025-10-20,5,1226.38,0.15,5212.12
OL-07031,ORD-12870,CUST-0839,PROD-016,2025-10-20,1,189.62,0.15,161.18
OL-07032,ORD-12870,CUST-0839,PROD-010,2025-10-20,5,121.48,0.15,516.29
OL-07033,ORD-12871,CUST-0840,PROD-022,2025-09-14,5,27.82,0,139.1
OL-07034,ORD-12871,CUST-0840,PROD-009,2025-09-14,4,89.78,0.2,287.3
OL-07035,ORD-12872,CUST-0841,PROD-012,2024-04-10,4,109.67,0.1,394.81
OL-07036,ORD-12873,CUST-0842,PROD-017,2024-09-12,2,242.78,0,485.56
OL-07037,ORD-12873,CUST-0842,PROD-037,2024-09-12,2,23.39,0.1,42.1
OL-07038,ORD-12873,CUST-0842,PROD-021,2024-09-12,4,38.34,0.2,122.69
OL-07039,ORD-12873,CUST-0842,PROD-011,2024-09-12,3,103.76,0,311.28
OL-07040,ORD-12874,CUST-0842,PROD-016,2025-02-28,4,189.62,0.1,682.63
OL-07041,ORD-12874,CUST-0842,PROD-028,2025-02-28,1,65.64,0.2,52.51
OL-07042,ORD-12874,CUST-0842,PROD-035,2025-02-28,1,75.75,0,75.75
OL-07043,ORD-12875,CUST-0842,PROD-015,2025-03-04,4,295.3,0,1181.2
OL-07044,ORD-12875,CUST-0842,PROD-003,2025-03-04,1,722.82,0.1,650.54
OL-07045,ORD-12876,CUST-0842,PROD-021,2025-09-24,5,38.34,0.05,182.12
OL-07046,ORD-12877,CUST-0842,PROD-022,2025-05-30,3,27.82,0.15,70.94
OL-07047,ORD-12878,CUST-0842,PROD-025,2025-03-24,2,25.5,0.2,40.8
OL-07048,ORD-12879,CUST-0842,PROD-004,2025-05-31,1,921.23,0.15,783.05
OL-07049,ORD-12879,CUST-0842,PROD-011,2025-05-31,2,103.76,0,207.52
OL-07050,ORD-12879,CUST-0842,PROD-023,2025-05-31,3,88.43,0.05,252.03
OL-07051,ORD-12879,CUST-0842,PROD-037,2025-05-31,2,23.39,0.05,44.44
OL-07052,ORD-12880,CUST-0842,PROD-027,2024-12-22,2,52.67,0.15,89.54
OL-07053,ORD-12881,CUST-0843,PROD-002,2025-05-06,3,505.32,0.1,1364.36
OL-07054,ORD-12881,CUST-0843,PROD-014,2025-05-06,3,487.6,0,1462.8
OL-07055,ORD-12881,CUST-0843,PROD-010,2025-05-06,5,121.48,0.2,485.92
OL-07056,ORD-12881,CUST-0843,PROD-013,2025-05-06,1,134.4,0,134.4
OL-07057,ORD-12882,CUST-0844,PROD-023,2025-07-27,4,88.43,0.2,282.98
OL-07058,ORD-12882,CUST-0844,PROD-037,2025-07-27,2,23.39,0.15,39.76
OL-07059,ORD-12882,CUST-0844,PROD-032,2025-07-27,4,129.73,0.2,415.14
OL-07060,ORD-12883,CUST-0845,PROD-032,2025-02-02,1,129.73,0.1,116.76
OL-07061,ORD-12883,CUST-0845,PROD-021,2025-02-02,2,38.34,0,76.68
OL-07062,ORD-12883,CUST-0845,PROD-023,2025-02-02,4,88.43,0,353.72
OL-07063,ORD-12884,CUST-0846,PROD-005,2025-03-05,1,843.32,0.05,801.15
OL-07064,ORD-12885,CUST-0847,PROD-030,2025-01-02,4,33.74,0,134.96
OL-07065,ORD-12885,CUST-0847,PROD-001,2025-01-02,3,1226.38,0.05,3495.18
OL-07066,ORD-12885,CUST-0847,PROD-014,2025-01-02,4,487.6,0.2,1560.32
OL-07067,ORD-12885,CUST-0847,PROD-034,2025-01-02,4,79.8,0,319.2
OL-07068,ORD-12886,CUST-0848,PROD-024,2024-05-29,3,38.87,0.15,99.12
OL-07069,ORD-12886,CUST-0848,PROD-036,2024-05-29,2,97.89,0,195.78
OL-07070,ORD-12887,CUST-0848,PROD-001,2024-09-27,5,1226.38,0,6131.9
OL-07071,ORD-12888,CUST-0848,PROD-016,2024-12-15,5,189.62,0,948.1
OL-07072,ORD-12888,CUST-0848,PROD-003,2024-12-15,3,722.82,0.15,1843.19
OL-07073,ORD-12888,CUST-0848,PROD-033,2024-12-15,5,70.03,0,350.15
OL-07074,ORD-12888,CUST-0848,PROD-010,2024-12-15,5,121.48,0.05,577.03
OL-07075,ORD-12889,CUST-0848,PROD-008,2024-10-05,4,342.59,0.15,1164.81
OL-07076,ORD-12889,CUST-0848,PROD-003,2024-10-05,5,722.82,0.1,3252.69
OL-07077,ORD-12890,CUST-0848,PROD-011,2024-09-24,4,103.76,0,415.04
OL-07078,ORD-12891,CUST-0848,PROD-023,2025-06-14,2,88.43,0,176.86
OL-07079,ORD-12891,CUST-0848,PROD-019,2025-06-14,4,21.71,0,86.84
OL-07080,ORD-12891,CUST-0848,PROD-035,2025-06-14,1,75.75,0,75.75
OL-07081,ORD-12891,CUST-0848,PROD-010,2025-06-14,5,121.48,0.05,577.03
OL-07082,ORD-12892,CUST-0848,PROD-036,2025-08-19,3,97.89,0,293.67
OL-07083,ORD-12893,CUST-0848,PROD-017,2025-03-18,4,242.78,0.1,874.01
OL-07084,ORD-12893,CUST-0848,PROD-005,2025-03-18,4,843.32,0.2,2698.62
OL-07085,ORD-12893,CUST-0848,PROD-028,2025-03-18,2,65.64,0.15,111.59
OL-07086,ORD-12893,CUST-0848,PROD-011,2025-03-18,4,103.76,0,415.04
OL-07087,ORD-12894,CUST-0848,PROD-021,2024-07-16,3,38.34,0,115.02
OL-07088,ORD-12894,CUST-0848,PROD-023,2024-07-16,1,88.43,0,88.43
OL-07089,ORD-12895,CUST-0848,PROD-003,2024-12-16,5,722.82,0,3614.1
OL-07090,ORD-12896,CUST-0848,PROD-035,2025-04-25,2,75.75,0.05,143.92
OL-07091,ORD-12896,CUST-0848,PROD-017,2025-04-25,2,242.78,0,485.56
OL-07092,ORD-12896,CUST-0848,PROD-009,2025-04-25,1,89.78,0,89.78
OL-07093,ORD-12897,CUST-0848,PROD-001,2024-09-28,3,1226.38,0,3679.14
OL-07094,ORD-12897,CUST-0848,PROD-029,2024-09-28,2,32.8,0.15,55.76
OL-07095,ORD-12897,CUST-0848,PROD-009,2024-09-28,5,89.78,0,448.9
OL-07096,ORD-12897,CUST-0848,PROD-016,2024-09-28,1,189.62,0.15,161.18
OL-07097,ORD-12898,CUST-0848,PROD-018,2025-09-19,3,9.52,0,28.56
OL-07098,ORD-12898,CUST-0848,PROD-010,2025-09-19,4,121.48,0,485.92
OL-07099,ORD-12899,CUST-0848,PROD-037,2025-07-31,4,23.39,0.2,74.85
OL-07100,ORD-12899,CUST-0848,PROD-008,2025-07-31,5,342.59,0,1712.95
OL-07101,ORD-12900,CUST-0848,PROD-008,2025-08-21,4,342.59,0.15,1164.81
OL-07102,ORD-12901,CUST-0848,PROD-008,2025-01-01,4,342.59,0.1,1233.32
OL-07103,ORD-12901,CUST-0848,PROD-028,2025-01-01,4,65.64,0.2,210.05
OL-07104,ORD-12902,CUST-0848,PROD-020,2025-03-25,1,37.73,0,37.73
OL-07105,ORD-12902,CUST-0848,PROD-001,2025-03-25,3,1226.38,0,3679.14
OL-07106,ORD-12902,CUST-0848,PROD-016,2025-03-25,3,189.62,0,568.86
OL-07107,ORD-12902,CUST-0848,PROD-014,2025-03-25,1,487.6,0.05,463.22
OL-07108,ORD-12903,CUST-0848,PROD-026,2024-08-02,1,54.35,0.15,46.2
OL-07109,ORD-12903,CUST-0848,PROD-017,2024-08-02,5,242.78,0,1213.9
OL-07110,ORD-12903,CUST-0848,PROD-030,2024-08-02,3,33.74,0.2,80.98
OL-07111,ORD-12903,CUST-0848,PROD-001,2024-08-02,3,1226.38,0.1,3311.23
OL-07112,ORD-12904,CUST-0848,PROD-022,2024-06-27,1,27.82,0.05,26.43
OL-07113,ORD-12905,CUST-0848,PROD-010,2025-01-07,5,121.48,0,607.4
OL-07114,ORD-12905,CUST-0848,PROD-027,2025-01-07,5,52.67,0,263.35
OL-07115,ORD-12905,CUST-0848,PROD-011,2025-01-07,3,103.76,0,311.28
OL-07116,ORD-12906,CUST-0848,PROD-001,2024-08-12,5,1226.38,0.2,4905.52
OL-07117,ORD-12906,CUST-0848,PROD-021,2024-08-12,4,38.34,0.1,138.02
OL-07118,ORD-12906,CUST-0848,PROD-002,2024-08-12,5,505.32,0.15,2147.61
OL-07119,ORD-12907,CUST-0848,PROD-013,2025-01-11,1,134.4,0,134.4
OL-07120,ORD-12908,CUST-0848,PROD-022,2025-08-15,2,27.82,0.15,47.29
OL-07121,ORD-12908,CUST-0848,PROD-024,2025-08-15,2,38.87,0.15,66.08
OL-07122,ORD-12909,CUST-0848,PROD-036,2024-09-04,3,97.89,0.1,264.3
OL-07123,ORD-12909,CUST-0848,PROD-004,2024-09-04,5,921.23,0,4606.15
OL-07124,ORD-12910,CUST-0848,PROD-020,2025-02-01,1,37.73,0.15,32.07
OL-07125,ORD-12910,CUST-0848,PROD-016,2025-02-01,3,189.62,0.05,540.42
OL-07126,ORD-12910,CUST-0848,PROD-023,2025-02-01,4,88.43,0,353.72
OL-07127,ORD-12910,CUST-0848,PROD-018,2025-02-01,3,9.52,0.15,24.28
OL-07128,ORD-12911,CUST-0848,PROD-024,2025-09-01,1,38.87,0,38.87
OL-07129,ORD-12911,CUST-0848,PROD-003,2025-09-01,1,722.82,0,722.82
OL-07130,ORD-12912,CUST-0848,PROD-021,2025-07-15,4,38.34,0.2,122.69
OL-07131,ORD-12912,CUST-0848,PROD-033,2025-07-15,2,70.03,0.05,133.06
OL-07132,ORD-12913,CUST-0848,PROD-026,2025-01-27,2,54.35,0,108.7
OL-07133,ORD-12913,CUST-0848,PROD-003,2025-01-27,4,722.82,0,2891.28
OL-07134,ORD-12914,CUST-0848,PROD-016,2025-03-12,1,189.62,0,189.62
OL-07135,ORD-12915,CUST-0848,PROD-035,2025-09-21,5,75.75,0.05,359.81
OL-07136,ORD-12915,CUST-0848,PROD-033,2025-09-21,1,70.03,0.2,56.02
OL-07137,ORD-12915,CUST-0848,PROD-001,2025-09-21,5,1226.38,0.05,5825.31
OL-07138,ORD-12916,CUST-0848,PROD-009,2024-07-17,3,89.78,0.15,228.94
OL-07139,ORD-12916,CUST-0848,PROD-012,2024-07-17,3,109.67,0.15,279.66
OL-07140,ORD-12916,CUST-0848,PROD-015,2024-07-17,3,295.3,0.15,753.02
OL-07141,ORD-12917,CUST-0848,PROD-012,2025-06-22,3,109.67,0.1,296.11
OL-07142,ORD-12917,CUST-0848,PROD-003,2025-06-22,4,722.82,0.05,2746.72
OL-07143,ORD-12917,CUST-0848,PROD-021,2025-06-22,3,38.34,0.05,109.27
OL-07144,ORD-12918,CUST-0848,PROD-007,2025-02-21,2,511.33,0.2,818.13
OL-07145,ORD-12919,CUST-0848,PROD-002,2025-01-28,3,505.32,0.05,1440.16
OL-07146,ORD-12919,CUST-0848,PROD-020,2025-01-28,4,37.73,0,150.92
OL-07147,ORD-12920,CUST-0848,PROD-021,2025-01-25,4,38.34,0,153.36
OL-07148,ORD-12920,CUST-0848,PROD-007,2025-01-25,5,511.33,0.1,2300.99
OL-07149,ORD-12920,CUST-0848,PROD-006,2025-01-25,3,689.21,0.1,1860.87
OL-07150,ORD-12921,CUST-0848,PROD-003,2025-04-01,2,722.82,0,1445.64
OL-07151,ORD-12921,CUST-0848,PROD-007,2025-04-01,2,511.33,0,1022.66
OL-07152,ORD-12921,CUST-0848,PROD-023,2025-04-01,4,88.43,0.15,300.66
OL-07153,ORD-12921,CUST-0848,PROD-011,2025-04-01,5,103.76,0.1,466.92
OL-07154,ORD-12922,CUST-0848,PROD-004,2025-07-15,3,921.23,0.05,2625.51
OL-07155,ORD-12922,CUST-0848,PROD-001,2025-07-15,4,1226.38,0.15,4169.69
OL-07156,ORD-12922,CUST-0848,PROD-033,2025-07-15,1,70.03,0,70.03
OL-07157,ORD-12922,CUST-0848,PROD-013,2025-07-15,5,134.4,0.15,571.2
OL-07158,ORD-12923,CUST-0848,PROD-001,2025-04-04,3,1226.38,0.05,3495.18
OL-07159,ORD-12923,CUST-0848,PROD-032,2025-04-04,1,129.73,0.15,110.27
OL-07160,ORD-12924,CUST-0848,PROD-037,2024-08-11,5,23.39,0.2,93.56
OL-07161,ORD-12924,CUST-0848,PROD-031,2024-08-11,5,164.42,0,822.1
OL-07162,ORD-12925,CUST-0848,PROD-022,2025-02-06,4,27.82,0,111.28
OL-07163,ORD-12926,CUST-0849,PROD-014,2024-12-12,4,487.6,0.15,1657.84
OL-07164,ORD-12926,CUST-0849,PROD-034,2024-12-12,5,79.8,0.1,359.1
OL-07165,ORD-12927,CUST-0849,PROD-010,2025-12-08,5,121.48,0.2,485.92
OL-07166,ORD-12927,CUST-0849,PROD-033,2025-12-08,5,70.03,0.1,315.13
OL-07167,ORD-12927,CUST-0849,PROD-024,2025-12-08,4,38.87,0.1,139.93
OL-07168,ORD-12928,CUST-0849,PROD-035,2025-11-25,3,75.75,0.2,181.8
OL-07169,ORD-12929,CUST-0849,PROD-026,2025-04-26,1,54.35,0.15,46.2
OL-07170,ORD-12929,CUST-0849,PROD-016,2025-04-26,1,189.62,0.05,180.14
OL-07171,ORD-12929,CUST-0849,PROD-004,2025-04-26,2,921.23,0.05,1750.34
OL-07172,ORD-12929,CUST-0849,PROD-037,2025-04-26,5,23.39,0,116.95
OL-07173,ORD-12930,CUST-0849,PROD-018,2025-11-07,3,9.52,0.2,22.85
OL-07174,ORD-12930,CUST-0849,PROD-021,2025-11-07,3,38.34,0,115.02
OL-07175,ORD-12930,CUST-0849,PROD-030,2025-11-07,1,33.74,0.2,26.99
OL-07176,ORD-12931,CUST-0850,PROD-026,2024-05-04,4,54.35,0.15,184.79
OL-07177,ORD-12931,CUST-0850,PROD-011,2024-05-04,3,103.76,0,311.28
OL-07178,ORD-12931,CUST-0850,PROD-028,2024-05-04,2,65.64,0,131.28
OL-07179,ORD-12931,CUST-0850,PROD-009,2024-05-04,4,89.78,0.2,287.3
OL-07180,ORD-12932,CUST-0850,PROD-026,2024-11-16,1,54.35,0.2,43.48
OL-07181,ORD-12933,CUST-0850,PROD-016,2025-05-29,2,189.62,0.1,341.32
OL-07182,ORD-12933,CUST-0850,PROD-022,2025-05-29,5,27.82,0,139.1
OL-07183,ORD-12933,CUST-0850,PROD-033,2025-05-29,5,70.03,0.15,297.63
OL-07184,ORD-12934,CUST-0850,PROD-037,2024-06-15,3,23.39,0.05,66.66
OL-07185,ORD-12934,CUST-0850,PROD-028,2024-06-15,5,65.64,0.2,262.56
OL-07186,ORD-12934,CUST-0850,PROD-024,2024-06-15,2,38.87,0.15,66.08
OL-07187,ORD-12934,CUST-0850,PROD-033,2024-06-15,4,70.03,0,280.12
OL-07188,ORD-12935,CUST-0850,PROD-025,2024-12-18,4,25.5,0.1,91.8
OL-07189,ORD-12936,CUST-0850,PROD-020,2024-10-24,4,37.73,0.2,120.74
OL-07190,ORD-12936,CUST-0850,PROD-003,2024-10-24,2,722.82,0,1445.64
OL-07191,ORD-12937,CUST-0850,PROD-030,2024-12-31,4,33.74,0.05,128.21
OL-07192,ORD-12938,CUST-0851,PROD-021,2025-05-15,1,38.34,0.05,36.42
OL-07193,ORD-12938,CUST-0851,PROD-002,2025-05-15,5,505.32,0.1,2273.94
OL-07194,ORD-12939,CUST-0852,PROD-011,2025-03-10,3,103.76,0,311.28
OL-07195,ORD-12939,CUST-0852,PROD-010,2025-03-10,1,121.48,0,121.48
OL-07196,ORD-12939,CUST-0852,PROD-013,2025-03-10,2,134.4,0.05,255.36
OL-07197,ORD-12939,CUST-0852,PROD-033,2025-03-10,5,70.03,0.1,315.13
OL-07198,ORD-12940,CUST-0853,PROD-036,2024-07-05,1,97.89,0.15,83.21
OL-07199,ORD-12940,CUST-0853,PROD-022,2024-07-05,2,27.82,0,55.64
OL-07200,ORD-12941,CUST-0854,PROD-026,2024-06-25,2,54.35,0,108.7
OL-07201,ORD-12941,CUST-0854,PROD-021,2024-06-25,4,38.34,0,153.36
OL-07202,ORD-12942,CUST-0854,PROD-008,2024-12-17,2,342.59,0,685.18
OL-07203,ORD-12942,CUST-0854,PROD-019,2024-12-17,5,21.71,0.15,92.27
OL-07204,ORD-12942,CUST-0854,PROD-029,2024-12-17,1,32.8,0,32.8
OL-07205,ORD-12943,CUST-0854,PROD-016,2024-09-19,4,189.62,0.05,720.56
OL-07206,ORD-12943,CUST-0854,PROD-018,2024-09-19,1,9.52,0,9.52
OL-07207,ORD-12944,CUST-0854,PROD-003,2025-02-12,3,722.82,0,2168.46
OL-07208,ORD-12944,CUST-0854,PROD-016,2025-02-12,3,189.62,0.15,483.53
OL-07209,ORD-12944,CUST-0854,PROD-023,2025-02-12,4,88.43,0,353.72
OL-07210,ORD-12945,CUST-0854,PROD-003,2025-10-20,1,722.82,0.05,686.68
OL-07211,ORD-12945,CUST-0854,PROD-027,2025-10-20,3,52.67,0,158.01
OL-07212,ORD-12946,CUST-0854,PROD-020,2024-10-17,3,37.73,0.2,90.55
OL-07213,ORD-12946,CUST-0854,PROD-017,2024-10-17,4,242.78,0.2,776.9
OL-07214,ORD-12946,CUST-0854,PROD-024,2024-10-17,4,38.87,0,155.48
OL-07215,ORD-12946,CUST-0854,PROD-037,2024-10-17,2,23.39,0,46.78
OL-07216,ORD-12947,CUST-0854,PROD-006,2025-04-18,4,689.21,0.15,2343.31
OL-07217,ORD-12947,CUST-0854,PROD-010,2025-04-18,1,121.48,0.2,97.18
OL-07218,ORD-12948,CUST-0854,PROD-002,2025-02-09,1,505.32,0,505.32
OL-07219,ORD-12948,CUST-0854,PROD-029,2025-02-09,2,32.8,0.2,52.48
OL-07220,ORD-12948,CUST-0854,PROD-026,2025-02-09,2,54.35,0.1,97.83
OL-07221,ORD-12949,CUST-0854,PROD-002,2025-06-07,4,505.32,0,2021.28
OL-07222,ORD-12949,CUST-0854,PROD-024,2025-06-07,3,38.87,0.05,110.78
OL-07223,ORD-12950,CUST-0854,PROD-016,2025-04-21,3,189.62,0,568.86
OL-07224,ORD-12950,CUST-0854,PROD-001,2025-04-21,3,1226.38,0.2,2943.31
OL-07225,ORD-12950,CUST-0854,PROD-017,2025-04-21,3,242.78,0.1,655.51
OL-07226,ORD-12951,CUST-0854,PROD-009,2024-12-27,4,89.78,0,359.12
OL-07227,ORD-12952,CUST-0854,PROD-028,2025-07-06,4,65.64,0.05,249.43
OL-07228,ORD-12952,CUST-0854,PROD-001,2025-07-06,5,1226.38,0.1,5518.71
OL-07229,ORD-12952,CUST-0854,PROD-032,2025-07-06,3,129.73,0.2,311.35
OL-07230,ORD-12953,CUST-0854,PROD-009,2024-10-28,4,89.78,0.2,287.3
OL-07231,ORD-12953,CUST-0854,PROD-032,2024-10-28,2,129.73,0.1,233.51
OL-07232,ORD-12954,CUST-0854,PROD-017,2025-07-15,4,242.78,0,971.12
OL-07233,ORD-12955,CUST-0854,PROD-016,2024-07-24,5,189.62,0.05,900.69
OL-07234,ORD-12955,CUST-0854,PROD-026,2024-07-24,2,54.35,0.05,103.27
OL-07235,ORD-12956,CUST-0854,PROD-012,2025-10-08,2,109.67,0,219.34
OL-07236,ORD-12957,CUST-0854,PROD-024,2024-08-10,1,38.87,0.05,36.93
OL-07237,ORD-12957,CUST-0854,PROD-022,2024-08-10,5,27.82,0,139.1
OL-07238,ORD-12957,CUST-0854,PROD-002,2024-08-10,4,505.32,0.15,1718.09
OL-07239,ORD-12957,CUST-0854,PROD-026,2024-08-10,4,54.35,0,217.4
OL-07240,ORD-12958,CUST-0854,PROD-022,2025-10-22,1,27.82,0,27.82
OL-07241,ORD-12959,CUST-0855,PROD-014,2025-08-03,5,487.6,0.2,1950.4
OL-07242,ORD-12960,CUST-0856,PROD-020,2025-05-11,4,37.73,0.1,135.83
OL-07243,ORD-12960,CUST-0856,PROD-003,2025-05-11,4,722.82,0,2891.28
OL-07244,ORD-12960,CUST-0856,PROD-030,2025-05-11,1,33.74,0.05,32.05
OL-07245,ORD-12961,CUST-0857,PROD-036,2025-08-31,2,97.89,0.15,166.41
OL-07246,ORD-12962,CUST-0858,PROD-005,2025-12-19,5,843.32,0.05,4005.77
OL-07247,ORD-12962,CUST-0858,PROD-011,2025-12-19,5,103.76,0,518.8
OL-07248,ORD-12963,CUST-0859,PROD-015,2025-01-23,1,295.3,0,295.3
OL-07249,ORD-12963,CUST-0859,PROD-002,2025-01-23,2,505.32,0.05,960.11
OL-07250,ORD-12963,CUST-0859,PROD-031,2025-01-23,1,164.42,0.2,131.54
OL-07251,ORD-12964,CUST-0859,PROD-010,2025-03-07,2,121.48,0.15,206.52
OL-07252,ORD-12964,CUST-0859,PROD-033,2025-03-07,4,70.03,0.05,266.11
OL-07253,ORD-12965,CUST-0860,PROD-030,2025-06-18,3,33.74,0,101.22
OL-07254,ORD-12965,CUST-0860,PROD-004,2025-06-18,5,921.23,0.1,4145.53
OL-07255,ORD-12966,CUST-0861,PROD-035,2025-10-12,2,75.75,0,151.5
OL-07256,ORD-12966,CUST-0861,PROD-029,2025-10-12,4,32.8,0,131.2
OL-07257,ORD-12966,CUST-0861,PROD-011,2025-10-12,2,103.76,0,207.52
OL-07258,ORD-12966,CUST-0861,PROD-036,2025-10-12,5,97.89,0.2,391.56
OL-07259,ORD-12967,CUST-0862,PROD-006,2024-06-17,2,689.21,0.05,1309.5
OL-07260,ORD-12968,CUST-0862,PROD-019,2025-04-23,3,21.71,0.05,61.87
OL-07261,ORD-12969,CUST-0862,PROD-024,2025-06-27,3,38.87,0.05,110.78
OL-07262,ORD-12969,CUST-0862,PROD-033,2025-06-27,4,70.03,0,280.12
OL-07263,ORD-12969,CUST-0862,PROD-021,2025-06-27,5,38.34,0.05,182.12
OL-07264,ORD-12969,CUST-0862,PROD-009,2025-06-27,1,89.78,0.15,76.31
OL-07265,ORD-12970,CUST-0862,PROD-029,2025-02-05,3,32.8,0,98.4
OL-07266,ORD-12970,CUST-0862,PROD-010,2025-02-05,3,121.48,0.05,346.22
OL-07267,ORD-12970,CUST-0862,PROD-017,2025-02-05,2,242.78,0.05,461.28
OL-07268,ORD-12971,CUST-0863,PROD-017,2025-08-11,5,242.78,0,1213.9
OL-07269,ORD-12971,CUST-0863,PROD-031,2025-08-11,1,164.42,0.05,156.2
OL-07270,ORD-12971,CUST-0863,PROD-032,2025-08-11,1,129.73,0.2,103.78
OL-07271,ORD-12971,CUST-0863,PROD-036,2025-08-11,5,97.89,0,489.45
OL-07272,ORD-12972,CUST-0864,PROD-030,2024-03-06,2,33.74,0.1,60.73
OL-07273,ORD-12972,CUST-0864,PROD-004,2024-03-06,5,921.23,0.1,4145.53
OL-07274,ORD-12972,CUST-0864,PROD-028,2024-03-06,5,65.64,0.05,311.79
OL-07275,ORD-12972,CUST-0864,PROD-006,2024-03-06,2,689.21,0.1,1240.58
OL-07276,ORD-12973,CUST-0864,PROD-026,2024-08-24,1,54.35,0.2,43.48
OL-07277,ORD-12973,CUST-0864,PROD-034,2024-08-24,5,79.8,0,399
OL-07278,ORD-12974,CUST-0864,PROD-026,2024-12-08,4,54.35,0,217.4
OL-07279,ORD-12974,CUST-0864,PROD-005,2024-12-08,1,843.32,0.05,801.15
OL-07280,ORD-12975,CUST-0864,PROD-022,2024-04-03,2,27.82,0.2,44.51
OL-07281,ORD-12976,CUST-0865,PROD-034,2025-02-26,4,79.8,0,319.2
OL-07282,ORD-12977,CUST-0865,PROD-026,2025-08-31,2,54.35,0,108.7
OL-07283,ORD-12977,CUST-0865,PROD-035,2025-08-31,4,75.75,0.05,287.85
OL-07284,ORD-12977,CUST-0865,PROD-033,2025-08-31,3,70.03,0.05,199.59
OL-07285,ORD-12977,CUST-0865,PROD-001,2025-08-31,5,1226.38,0.2,4905.52
OL-07286,ORD-12978,CUST-0865,PROD-010,2025-09-17,4,121.48,0.1,437.33
OL-07287,ORD-12979,CUST-0865,PROD-008,2025-12-06,3,342.59,0,1027.77
OL-07288,ORD-12979,CUST-0865,PROD-012,2025-12-06,5,109.67,0.15,466.1
OL-07289,ORD-12980,CUST-0866,PROD-024,2024-06-10,1,38.87,0.2,31.1
OL-07290,ORD-12980,CUST-0866,PROD-018,2024-06-10,4,9.52,0.2,30.46
OL-07291,ORD-12981,CUST-0866,PROD-037,2024-07-04,5,23.39,0,116.95
OL-07292,ORD-12982,CUST-0866,PROD-036,2025-05-06,4,97.89,0,391.56
OL-07293,ORD-12982,CUST-0866,PROD-002,2025-05-06,1,505.32,0.05,480.05
OL-07294,ORD-12982,CUST-0866,PROD-034,2025-05-06,1,79.8,0.15,67.83
OL-07295,ORD-12983,CUST-0866,PROD-032,2025-03-15,1,129.73,0.05,123.24
OL-07296,ORD-12983,CUST-0866,PROD-007,2025-03-15,4,511.33,0.15,1738.52
OL-07297,ORD-12983,CUST-0866,PROD-024,2025-03-15,1,38.87,0.15,33.04
OL-07298,ORD-12983,CUST-0866,PROD-011,2025-03-15,1,103.76,0.05,98.57
OL-07299,ORD-12984,CUST-0866,PROD-004,2025-08-22,2,921.23,0.05,1750.34
OL-07300,ORD-12984,CUST-0866,PROD-019,2025-08-22,5,21.71,0.1,97.7
OL-07301,ORD-12984,CUST-0866,PROD-015,2025-08-22,3,295.3,0.15,753.02
OL-07302,ORD-12985,CUST-0866,PROD-029,2025-02-06,1,32.8,0.15,27.88
OL-07303,ORD-12985,CUST-0866,PROD-010,2025-02-06,1,121.48,0,121.48
OL-07304,ORD-12985,CUST-0866,PROD-019,2025-02-06,1,21.71,0,21.71
OL-07305,ORD-12985,CUST-0866,PROD-027,2025-02-06,1,52.67,0.2,42.14
OL-07306,ORD-12986,CUST-0867,PROD-004,2024-05-02,4,921.23,0,3684.92
OL-07307,ORD-12987,CUST-0868,PROD-032,2024-09-03,5,129.73,0.15,551.35
OL-07308,ORD-12988,CUST-0869,PROD-012,2024-01-31,1,109.67,0,109.67
OL-07309,ORD-12989,CUST-0869,PROD-023,2024-03-11,5,88.43,0.05,420.04
OL-07310,ORD-12989,CUST-0869,PROD-019,2024-03-11,2,21.71,0.15,36.91
OL-07311,ORD-12990,CUST-0869,PROD-012,2025-03-12,1,109.67,0,109.67
OL-07312,ORD-12990,CUST-0869,PROD-003,2025-03-12,2,722.82,0.1,1301.08
OL-07313,ORD-12991,CUST-0869,PROD-024,2025-05-22,3,38.87,0.15,99.12
OL-07314,ORD-12991,CUST-0869,PROD-031,2025-05-22,2,164.42,0.2,263.07
OL-07315,ORD-12991,CUST-0869,PROD-018,2025-05-22,5,9.52,0.05,45.22
OL-07316,ORD-12991,CUST-0869,PROD-030,2025-05-22,3,33.74,0.1,91.1
OL-07317,ORD-12992,CUST-0869,PROD-020,2025-05-04,2,37.73,0.05,71.69
OL-07318,ORD-12992,CUST-0869,PROD-017,2025-05-04,5,242.78,0.2,971.12
OL-07319,ORD-12992,CUST-0869,PROD-011,2025-05-04,3,103.76,0.15,264.59
OL-07320,ORD-12992,CUST-0869,PROD-023,2025-05-04,2,88.43,0,176.86
OL-07321,ORD-12993,CUST-0869,PROD-026,2024-07-09,3,54.35,0,163.05
OL-07322,ORD-12994,CUST-0869,PROD-029,2024-08-12,1,32.8,0.2,26.24
OL-07323,ORD-12994,CUST-0869,PROD-019,2024-08-12,3,21.71,0,65.13
OL-07324,ORD-12995,CUST-0869,PROD-016,2025-05-22,5,189.62,0.2,758.48
OL-07325,ORD-12995,CUST-0869,PROD-030,2025-05-22,2,33.74,0.2,53.98
OL-07326,ORD-12996,CUST-0869,PROD-026,2024-09-30,5,54.35,0,271.75
OL-07327,ORD-12996,CUST-0869,PROD-037,2024-09-30,4,23.39,0.2,74.85
OL-07328,ORD-12996,CUST-0869,PROD-029,2024-09-30,1,32.8,0.2,26.24
OL-07329,ORD-12996,CUST-0869,PROD-025,2024-09-30,5,25.5,0,127.5
OL-07330,ORD-12997,CUST-0869,PROD-006,2024-08-09,3,689.21,0.1,1860.87
OL-07331,ORD-12997,CUST-0869,PROD-030,2024-08-09,3,33.74,0.1,91.1
OL-07332,ORD-12997,CUST-0869,PROD-020,2024-08-09,4,37.73,0.1,135.83
OL-07333,ORD-12997,CUST-0869,PROD-003,2024-08-09,5,722.82,0,3614.1
OL-07334,ORD-12998,CUST-0869,PROD-003,2024-07-05,2,722.82,0.2,1156.51
OL-07335,ORD-12998,CUST-0869,PROD-033,2024-07-05,3,70.03,0.1,189.08
OL-07336,ORD-12998,CUST-0869,PROD-004,2024-07-05,4,921.23,0,3684.92
OL-07337,ORD-12999,CUST-0869,PROD-023,2024-07-10,4,88.43,0,353.72
OL-07338,ORD-13000,CUST-0869,PROD-002,2024-06-30,4,505.32,0,2021.28
OL-07339,ORD-13000,CUST-0869,PROD-037,2024-06-30,2,23.39,0,46.78
OL-07340,ORD-13000,CUST-0869,PROD-036,2024-06-30,3,97.89,0.2,234.94
OL-07341,ORD-13001,CUST-0869,PROD-010,2024-06-19,1,121.48,0,121.48
OL-07342,ORD-13001,CUST-0869,PROD-029,2024-06-19,1,32.8,0.15,27.88
OL-07343,ORD-13001,CUST-0869,PROD-007,2024-06-19,1,511.33,0.15,434.63
OL-07344,ORD-13002,CUST-0869,PROD-005,2024-11-07,4,843.32,0.15,2867.29
OL-07345,ORD-13002,CUST-0869,PROD-035,2024-11-07,4,75.75,0.1,272.7
OL-07346,ORD-13002,CUST-0869,PROD-017,2024-11-07,5,242.78,0.1,1092.51
OL-07347,ORD-13003,CUST-0870,PROD-015,2024-06-01,2,295.3,0,590.6
OL-07348,ORD-13003,CUST-0870,PROD-011,2024-06-01,5,103.76,0.05,492.86
OL-07349,ORD-13003,CUST-0870,PROD-005,2024-06-01,1,843.32,0.1,758.99
OL-07350,ORD-13004,CUST-0870,PROD-004,2025-05-22,2,921.23,0.15,1566.09
OL-07351,ORD-13004,CUST-0870,PROD-030,2025-05-22,3,33.74,0.15,86.04
OL-07352,ORD-13005,CUST-0870,PROD-003,2025-10-08,2,722.82,0,1445.64
OL-07353,ORD-13006,CUST-0870,PROD-017,2025-05-18,2,242.78,0,485.56
OL-07354,ORD-13006,CUST-0870,PROD-010,2025-05-18,3,121.48,0.2,291.55
OL-07355,ORD-13006,CUST-0870,PROD-023,2025-05-18,3,88.43,0,265.29
OL-07356,ORD-13006,CUST-0870,PROD-032,2025-05-18,5,129.73,0.2,518.92
OL-07357,ORD-13007,CUST-0870,PROD-036,2024-09-07,3,97.89,0.05,278.99
OL-07358,ORD-13007,CUST-0870,PROD-007,2024-09-07,3,511.33,0.1,1380.59
OL-07359,ORD-13007,CUST-0870,PROD-010,2024-09-07,5,121.48,0,607.4
OL-07360,ORD-13007,CUST-0870,PROD-005,2024-09-07,4,843.32,0,3373.28
OL-07361,ORD-13008,CUST-0870,PROD-019,2024-12-30,2,21.71,0.1,39.08
OL-07362,ORD-13009,CUST-0870,PROD-007,2024-10-20,4,511.33,0.2,1636.26
OL-07363,ORD-13009,CUST-0870,PROD-031,2024-10-20,2,164.42,0,328.84
OL-07364,ORD-13009,CUST-0870,PROD-036,2024-10-20,3,97.89,0.05,278.99
OL-07365,ORD-13009,CUST-0870,PROD-017,2024-10-20,1,242.78,0.05,230.64
OL-07366,ORD-13010,CUST-0870,PROD-022,2024-09-17,3,27.82,0.2,66.77
OL-07367,ORD-13010,CUST-0870,PROD-035,2024-09-17,2,75.75,0.1,136.35
OL-07368,ORD-13010,CUST-0870,PROD-004,2024-09-17,2,921.23,0.05,1750.34
OL-07369,ORD-13010,CUST-0870,PROD-018,2024-09-17,4,9.52,0.2,30.46
OL-07370,ORD-13011,CUST-0870,PROD-033,2025-10-11,5,70.03,0.05,332.64
OL-07371,ORD-13011,CUST-0870,PROD-034,2025-10-11,4,79.8,0,319.2
OL-07372,ORD-13011,CUST-0870,PROD-030,2025-10-11,3,33.74,0,101.22
OL-07373,ORD-13011,CUST-0870,PROD-035,2025-10-11,3,75.75,0.1,204.53
OL-07374,ORD-13012,CUST-0870,PROD-019,2024-10-26,1,21.71,0,21.71
OL-07375,ORD-13012,CUST-0870,PROD-005,2024-10-26,5,843.32,0,4216.6
OL-07376,ORD-13012,CUST-0870,PROD-016,2024-10-26,5,189.62,0.15,805.88
OL-07377,ORD-13012,CUST-0870,PROD-018,2024-10-26,2,9.52,0.05,18.09
OL-07378,ORD-13013,CUST-0870,PROD-022,2025-09-14,5,27.82,0.05,132.14
OL-07379,ORD-13014,CUST-0870,PROD-022,2024-09-17,4,27.82,0,111.28
OL-07380,ORD-13014,CUST-0870,PROD-005,2024-09-17,5,843.32,0.1,3794.94
OL-07381,ORD-13014,CUST-0870,PROD-014,2024-09-17,1,487.6,0,487.6
OL-07382,ORD-13014,CUST-0870,PROD-017,2024-09-17,2,242.78,0.2,388.45
OL-07383,ORD-13015,CUST-0870,PROD-019,2024-11-05,4,21.71,0.15,73.81
OL-07384,ORD-13015,CUST-0870,PROD-031,2024-11-05,3,164.42,0.05,468.6
OL-07385,ORD-13015,CUST-0870,PROD-016,2024-11-05,1,189.62,0,189.62
OL-07386,ORD-13016,CUST-0870,PROD-036,2024-12-17,1,97.89,0.2,78.31
OL-07387,ORD-13016,CUST-0870,PROD-026,2024-12-17,4,54.35,0,217.4
OL-07388,ORD-13016,CUST-0870,PROD-009,2024-12-17,4,89.78,0,359.12
OL-07389,ORD-13016,CUST-0870,PROD-016,2024-12-17,5,189.62,0,948.1
OL-07390,ORD-13017,CUST-0870,PROD-021,2025-03-08,2,38.34,0,76.68
OL-07391,ORD-13018,CUST-0870,PROD-009,2024-12-26,2,89.78,0.05,170.58
OL-07392,ORD-13019,CUST-0870,PROD-016,2025-05-07,4,189.62,0.15,644.71
OL-07393,ORD-13019,CUST-0870,PROD-004,2025-05-07,2,921.23,0.2,1473.97
OL-07394,ORD-13019,CUST-0870,PROD-014,2025-05-07,4,487.6,0,1950.4
OL-07395,ORD-13020,CUST-0870,PROD-011,2025-03-17,3,103.76,0.05,295.72
OL-07396,ORD-13020,CUST-0870,PROD-019,2025-03-17,2,21.71,0.2,34.74
OL-07397,ORD-13020,CUST-0870,PROD-020,2025-03-17,1,37.73,0.2,30.18
OL-07398,ORD-13020,CUST-0870,PROD-030,2025-03-17,1,33.74,0,33.74
OL-07399,ORD-13021,CUST-0870,PROD-014,2025-05-02,5,487.6,0.15,2072.3
OL-07400,ORD-13022,CUST-0870,PROD-035,2024-06-23,5,75.75,0.2,303
OL-07401,ORD-13022,CUST-0870,PROD-012,2024-06-23,1,109.67,0.05,104.19
OL-07402,ORD-13022,CUST-0870,PROD-036,2024-06-23,4,97.89,0,391.56
OL-07403,ORD-13022,CUST-0870,PROD-032,2024-06-23,3,129.73,0.15,330.81
OL-07404,ORD-13023,CUST-0870,PROD-023,2025-09-10,5,88.43,0.05,420.04
OL-07405,ORD-13023,CUST-0870,PROD-033,2025-09-10,4,70.03,0,280.12
OL-07406,ORD-13023,CUST-0870,PROD-022,2025-09-10,3,27.82,0.05,79.29
OL-07407,ORD-13024,CUST-0870,PROD-006,2024-11-29,2,689.21,0.15,1171.66
OL-07408,ORD-13024,CUST-0870,PROD-034,2024-11-29,5,79.8,0.15,339.15
OL-07409,ORD-13024,CUST-0870,PROD-002,2024-11-29,5,505.32,0,2526.6
OL-07410,ORD-13025,CUST-0870,PROD-005,2024-12-06,5,843.32,0.15,3584.11
OL-07411,ORD-13025,CUST-0870,PROD-011,2024-12-06,5,103.76,0.05,492.86
OL-07412,ORD-13026,CUST-0871,PROD-021,2025-07-30,5,38.34,0,191.7
OL-07413,ORD-13027,CUST-0872,PROD-012,2025-11-28,2,109.67,0.15,186.44
OL-07414,ORD-13027,CUST-0872,PROD-035,2025-11-28,5,75.75,0,378.75
OL-07415,ORD-13027,CUST-0872,PROD-033,2025-11-28,4,70.03,0,280.12
OL-07416,ORD-13028,CUST-0873,PROD-016,2025-05-19,1,189.62,0.15,161.18
OL-07417,ORD-13029,CUST-0873,PROD-035,2025-09-23,4,75.75,0,303
OL-07418,ORD-13029,CUST-0873,PROD-036,2025-09-23,2,97.89,0,195.78
OL-07419,ORD-13030,CUST-0874,PROD-014,2024-11-21,4,487.6,0.05,1852.88
OL-07420,ORD-13031,CUST-0874,PROD-019,2025-08-30,5,21.71,0.05,103.12
OL-07421,ORD-13031,CUST-0874,PROD-009,2025-08-30,2,89.78,0.05,170.58
OL-07422,ORD-13031,CUST-0874,PROD-029,2025-08-30,5,32.8,0.15,139.4
OL-07423,ORD-13031,CUST-0874,PROD-031,2025-08-30,3,164.42,0,493.26
OL-07424,ORD-13032,CUST-0874,PROD-034,2025-08-04,4,79.8,0,319.2
OL-07425,ORD-13032,CUST-0874,PROD-030,2025-08-04,2,33.74,0,67.48
OL-07426,ORD-13033,CUST-0874,PROD-029,2024-12-09,4,32.8,0,131.2
OL-07427,ORD-13033,CUST-0874,PROD-036,2024-12-09,1,97.89,0.05,93
OL-07428,ORD-13033,CUST-0874,PROD-015,2024-12-09,2,295.3,0.15,502.01
OL-07429,ORD-13033,CUST-0874,PROD-018,2024-12-09,5,9.52,0,47.6
OL-07430,ORD-13034,CUST-0875,PROD-018,2025-12-29,3,9.52,0.05,27.13
OL-07431,ORD-13034,CUST-0875,PROD-023,2025-12-29,2,88.43,0,176.86
OL-07432,ORD-13035,CUST-0876,PROD-012,2025-08-01,4,109.67,0.15,372.88
OL-07433,ORD-13035,CUST-0876,PROD-013,2025-08-01,1,134.4,0,134.4
OL-07434,ORD-13035,CUST-0876,PROD-009,2025-08-01,3,89.78,0,269.34
OL-07435,ORD-13035,CUST-0876,PROD-029,2025-08-01,2,32.8,0,65.6
OL-07436,ORD-13036,CUST-0877,PROD-031,2025-12-02,2,164.42,0.2,263.07
OL-07437,ORD-13036,CUST-0877,PROD-014,2025-12-02,4,487.6,0,1950.4
OL-07438,ORD-13036,CUST-0877,PROD-004,2025-12-02,2,921.23,0,1842.46
OL-07439,ORD-13037,CUST-0878,PROD-002,2024-06-20,1,505.32,0.2,404.26
OL-07440,ORD-13037,CUST-0878,PROD-020,2024-06-20,2,37.73,0,75.46
OL-07441,ORD-13037,CUST-0878,PROD-011,2024-06-20,3,103.76,0,311.28
OL-07442,ORD-13037,CUST-0878,PROD-017,2024-06-20,3,242.78,0.05,691.92
OL-07443,ORD-13038,CUST-0878,PROD-029,2025-03-28,1,32.8,0,32.8
OL-07444,ORD-13038,CUST-0878,PROD-030,2025-03-28,1,33.74,0,33.74
OL-07445,ORD-13039,CUST-0878,PROD-036,2025-02-02,5,97.89,0.05,464.98
OL-07446,ORD-13039,CUST-0878,PROD-035,2025-02-02,3,75.75,0.05,215.89
OL-07447,ORD-13039,CUST-0878,PROD-005,2025-02-02,4,843.32,0,3373.28
OL-07448,ORD-13039,CUST-0878,PROD-024,2025-02-02,5,38.87,0.05,184.63
OL-07449,ORD-13040,CUST-0878,PROD-025,2025-09-08,3,25.5,0.1,68.85
OL-07450,ORD-13040,CUST-0878,PROD-001,2025-09-08,3,1226.38,0.15,3127.27
OL-07451,ORD-13040,CUST-0878,PROD-020,2025-09-08,4,37.73,0.05,143.37
OL-07452,ORD-13041,CUST-0878,PROD-014,2025-07-22,2,487.6,0.1,877.68
OL-07453,ORD-13041,CUST-0878,PROD-012,2025-07-22,1,109.67,0.15,93.22
OL-07454,ORD-13042,CUST-0878,PROD-035,2024-09-26,5,75.75,0.05,359.81
OL-07455,ORD-13042,CUST-0878,PROD-022,2024-09-26,4,27.82,0,111.28
OL-07456,ORD-13042,CUST-0878,PROD-023,2024-09-26,1,88.43,0.15,75.17
OL-07457,ORD-13043,CUST-0878,PROD-011,2025-09-12,5,103.76,0.2,415.04
OL-07458,ORD-13043,CUST-0878,PROD-016,2025-09-12,5,189.62,0.15,805.88
OL-07459,ORD-13043,CUST-0878,PROD-017,2025-09-12,3,242.78,0,728.34
OL-07460,ORD-13043,CUST-0878,PROD-021,2025-09-12,4,38.34,0,153.36
OL-07461,ORD-13044,CUST-0878,PROD-027,2024-07-21,2,52.67,0,105.34
OL-07462,ORD-13044,CUST-0878,PROD-002,2024-07-21,1,505.32,0,505.32
OL-07463,ORD-13044,CUST-0878,PROD-036,2024-07-21,1,97.89,0,97.89
OL-07464,ORD-13044,CUST-0878,PROD-021,2024-07-21,2,38.34,0.1,69.01
OL-07465,ORD-13045,CUST-0879,PROD-008,2024-09-17,2,342.59,0.15,582.4
OL-07466,ORD-13046,CUST-0880,PROD-006,2025-04-16,2,689.21,0,1378.42
OL-07467,ORD-13046,CUST-0880,PROD-025,2025-04-16,3,25.5,0.05,72.67
OL-07468,ORD-13046,CUST-0880,PROD-010,2025-04-16,5,121.48,0.1,546.66
OL-07469,ORD-13046,CUST-0880,PROD-035,2025-04-16,1,75.75,0,75.75
OL-07470,ORD-13047,CUST-0881,PROD-003,2024-08-24,5,722.82,0.15,3071.99
OL-07471,ORD-13048,CUST-0881,PROD-024,2024-09-16,2,38.87,0,77.74
OL-07472,ORD-13049,CUST-0882,PROD-013,2025-07-14,4,134.4,0,537.6
OL-07473,ORD-13049,CUST-0882,PROD-021,2025-07-14,2,38.34,0.15,65.18
OL-07474,ORD-13049,CUST-0882,PROD-026,2025-07-14,4,54.35,0.05,206.53
OL-07475,ORD-13050,CUST-0882,PROD-005,2025-10-21,5,843.32,0.05,4005.77
OL-07476,ORD-13050,CUST-0882,PROD-021,2025-10-21,5,38.34,0,191.7
OL-07477,ORD-13050,CUST-0882,PROD-025,2025-10-21,4,25.5,0.15,86.7
OL-07478,ORD-13050,CUST-0882,PROD-024,2025-10-21,5,38.87,0.15,165.2
OL-07479,ORD-13051,CUST-0883,PROD-032,2025-12-17,3,129.73,0.1,350.27
OL-07480,ORD-13051,CUST-0883,PROD-022,2025-12-17,5,27.82,0,139.1
OL-07481,ORD-13051,CUST-0883,PROD-037,2025-12-17,3,23.39,0,70.17
OL-07482,ORD-13052,CUST-0884,PROD-021,2025-12-29,2,38.34,0.1,69.01
OL-07483,ORD-13052,CUST-0884,PROD-016,2025-12-29,1,189.62,0.05,180.14
OL-07484,ORD-13052,CUST-0884,PROD-025,2025-12-29,1,25.5,0,25.5
OL-07485,ORD-13053,CUST-0885,PROD-019,2025-01-29,2,21.71,0.1,39.08
OL-07486,ORD-13053,CUST-0885,PROD-005,2025-01-29,3,843.32,0,2529.96
OL-07487,ORD-13053,CUST-0885,PROD-036,2025-01-29,3,97.89,0,293.67
OL-07488,ORD-13054,CUST-0886,PROD-010,2025-12-22,5,121.48,0.15,516.29
OL-07489,ORD-13054,CUST-0886,PROD-004,2025-12-22,5,921.23,0,4606.15
OL-07490,ORD-13054,CUST-0886,PROD-030,2025-12-22,1,33.74,0.05,32.05
OL-07491,ORD-13055,CUST-0887,PROD-007,2025-09-06,1,511.33,0,511.33
OL-07492,ORD-13055,CUST-0887,PROD-005,2025-09-06,3,843.32,0.05,2403.46
OL-07493,ORD-13055,CUST-0887,PROD-012,2025-09-06,3,109.67,0.15,279.66
OL-07494,ORD-13056,CUST-0888,PROD-004,2024-08-08,1,921.23,0.2,736.98
OL-07495,ORD-13056,CUST-0888,PROD-014,2024-08-08,2,487.6,0.05,926.44
OL-07496,ORD-13057,CUST-0888,PROD-017,2025-07-11,5,242.78,0.15,1031.82
OL-07497,ORD-13057,CUST-0888,PROD-030,2025-07-11,5,33.74,0,168.7
OL-07498,ORD-13057,CUST-0888,PROD-013,2025-07-11,3,134.4,0,403.2
OL-07499,ORD-13057,CUST-0888,PROD-002,2025-07-11,2,505.32,0.2,808.51
OL-07500,ORD-13058,CUST-0889,PROD-016,2025-04-08,2,189.62,0.15,322.35
OL-07501,ORD-13058,CUST-0889,PROD-012,2025-04-08,3,109.67,0,329.01
OL-07502,ORD-13058,CUST-0889,PROD-006,2025-04-08,1,689.21,0.15,585.83
OL-07503,ORD-13059,CUST-0890,PROD-013,2025-01-28,2,134.4,0,268.8
OL-07504,ORD-13059,CUST-0890,PROD-028,2025-01-28,1,65.64,0.1,59.08
OL-07505,ORD-13060,CUST-0890,PROD-012,2025-06-20,1,109.67,0.2,87.74
OL-07506,ORD-13061,CUST-0891,PROD-024,2025-09-16,2,38.87,0,77.74
OL-07507,ORD-13062,CUST-0892,PROD-037,2024-10-13,3,23.39,0.2,56.14
OL-07508,ORD-13062,CUST-0892,PROD-004,2024-10-13,4,921.23,0.1,3316.43
OL-07509,ORD-13062,CUST-0892,PROD-002,2024-10-13,3,505.32,0,1515.96
OL-07510,ORD-13063,CUST-0892,PROD-010,2025-01-05,3,121.48,0.05,346.22
OL-07511,ORD-13063,CUST-0892,PROD-021,2025-01-05,1,38.34,0,38.34
OL-07512,ORD-13064,CUST-0892,PROD-008,2025-08-07,2,342.59,0.2,548.14
OL-07513,ORD-13065,CUST-0892,PROD-017,2025-03-31,3,242.78,0.05,691.92
OL-07514,ORD-13065,CUST-0892,PROD-033,2025-03-31,1,70.03,0,70.03
OL-07515,ORD-13066,CUST-0892,PROD-012,2025-02-14,4,109.67,0,438.68
OL-07516,ORD-13066,CUST-0892,PROD-030,2025-02-14,2,33.74,0.05,64.11
OL-07517,ORD-13066,CUST-0892,PROD-028,2025-02-14,2,65.64,0,131.28
OL-07518,ORD-13066,CUST-0892,PROD-035,2025-02-14,2,75.75,0,151.5
OL-07519,ORD-13067,CUST-0892,PROD-010,2025-11-25,1,121.48,0.2,97.18
OL-07520,ORD-13068,CUST-0892,PROD-014,2025-01-20,5,487.6,0,2438
OL-07521,ORD-13069,CUST-0892,PROD-006,2025-02-19,3,689.21,0.1,1860.87
OL-07522,ORD-13070,CUST-0893,PROD-011,2024-02-17,5,103.76,0.1,466.92
OL-07523,ORD-13071,CUST-0893,PROD-036,2025-01-06,5,97.89,0.15,416.03
OL-07524,ORD-13072,CUST-0893,PROD-025,2024-11-29,4,25.5,0,102
OL-07525,ORD-13073,CUST-0893,PROD-011,2025-04-22,5,103.76,0,518.8
OL-07526,ORD-13073,CUST-0893,PROD-013,2025-04-22,5,134.4,0.2,537.6
OL-07527,ORD-13073,CUST-0893,PROD-008,2025-04-22,5,342.59,0,1712.95
OL-07528,ORD-13074,CUST-0893,PROD-005,2024-11-21,2,843.32,0,1686.64
OL-07529,ORD-13074,CUST-0893,PROD-014,2024-11-21,4,487.6,0.1,1755.36
OL-07530,ORD-13075,CUST-0893,PROD-007,2025-03-11,2,511.33,0,1022.66
OL-07531,ORD-13075,CUST-0893,PROD-029,2025-03-11,4,32.8,0.2,104.96
OL-07532,ORD-13076,CUST-0893,PROD-032,2025-01-18,4,129.73,0,518.92
OL-07533,ORD-13076,CUST-0893,PROD-004,2025-01-18,1,921.23,0.2,736.98
OL-07534,ORD-13076,CUST-0893,PROD-020,2025-01-18,2,37.73,0.15,64.14
OL-07535,ORD-13076,CUST-0893,PROD-005,2025-01-18,5,843.32,0.1,3794.94
OL-07536,ORD-13077,CUST-0893,PROD-033,2024-04-20,4,70.03,0,280.12
OL-07537,ORD-13078,CUST-0893,PROD-002,2024-03-22,2,505.32,0.2,808.51
OL-07538,ORD-13078,CUST-0893,PROD-008,2024-03-22,2,342.59,0,685.18
OL-07539,ORD-13078,CUST-0893,PROD-016,2024-03-22,2,189.62,0,379.24
OL-07540,ORD-13079,CUST-0893,PROD-024,2025-04-17,4,38.87,0,155.48
OL-07541,ORD-13079,CUST-0893,PROD-028,2025-04-17,3,65.64,0.1,177.23
OL-07542,ORD-13079,CUST-0893,PROD-002,2025-04-17,4,505.32,0.2,1617.02
OL-07543,ORD-13080,CUST-0893,PROD-004,2024-09-20,3,921.23,0.2,2210.95
OL-07544,ORD-13080,CUST-0893,PROD-032,2024-09-20,2,129.73,0,259.46
OL-07545,ORD-13080,CUST-0893,PROD-030,2024-09-20,4,33.74,0,134.96
OL-07546,ORD-13081,CUST-0893,PROD-025,2024-06-27,2,25.5,0,51
OL-07547,ORD-13082,CUST-0893,PROD-013,2024-09-21,4,134.4,0.15,456.96
OL-07548,ORD-13083,CUST-0893,PROD-006,2024-11-16,1,689.21,0,689.21
OL-07549,ORD-13084,CUST-0894,PROD-002,2024-10-02,2,505.32,0,1010.64
OL-07550,ORD-13084,CUST-0894,PROD-013,2024-10-02,4,134.4,0.05,510.72
OL-07551,ORD-13084,CUST-0894,PROD-037,2024-10-02,4,23.39,0,93.56
OL-07552,ORD-13084,CUST-0894,PROD-025,2024-10-02,1,25.5,0,25.5
OL-07553,ORD-13085,CUST-0894,PROD-026,2025-08-17,2,54.35,0,108.7
OL-07554,ORD-13085,CUST-0894,PROD-016,2025-08-17,4,189.62,0,758.48
OL-07555,ORD-13085,CUST-0894,PROD-009,2025-08-17,1,89.78,0.05,85.29
OL-07556,ORD-13086,CUST-0894,PROD-034,2024-12-11,5,79.8,0.05,379.05
OL-07557,ORD-13086,CUST-0894,PROD-001,2024-12-11,1,1226.38,0,1226.38
OL-07558,ORD-13086,CUST-0894,PROD-002,2024-12-11,1,505.32,0.1,454.79
OL-07559,ORD-13087,CUST-0894,PROD-016,2025-05-20,2,189.62,0,379.24
OL-07560,ORD-13087,CUST-0894,PROD-012,2025-05-20,2,109.67,0.2,175.47
OL-07561,ORD-13088,CUST-0895,PROD-022,2024-01-11,3,27.82,0.15,70.94
OL-07562,ORD-13088,CUST-0895,PROD-035,2024-01-11,5,75.75,0.15,321.94
OL-07563,ORD-13088,CUST-0895,PROD-032,2024-01-11,5,129.73,0.1,583.78
OL-07564,ORD-13088,CUST-0895,PROD-019,2024-01-11,2,21.71,0.1,39.08
OL-07565,ORD-13089,CUST-0895,PROD-016,2025-04-19,3,189.62,0.1,511.97
OL-07566,ORD-13089,CUST-0895,PROD-030,2025-04-19,1,33.74,0.2,26.99
OL-07567,ORD-13090,CUST-0895,PROD-012,2024-11-17,5,109.67,0.2,438.68
OL-07568,ORD-13090,CUST-0895,PROD-010,2024-11-17,2,121.48,0.15,206.52
OL-07569,ORD-13090,CUST-0895,PROD-034,2024-11-17,3,79.8,0.1,215.46
OL-07570,ORD-13090,CUST-0895,PROD-021,2024-11-17,3,38.34,0.15,97.77
OL-07571,ORD-13091,CUST-0895,PROD-021,2024-06-15,5,38.34,0.2,153.36
OL-07572,ORD-13091,CUST-0895,PROD-008,2024-06-15,1,342.59,0.1,308.33
OL-07573,ORD-13091,CUST-0895,PROD-014,2024-06-15,4,487.6,0.2,1560.32
OL-07574,ORD-13092,CUST-0895,PROD-020,2024-02-07,2,37.73,0.2,60.37
OL-07575,ORD-13092,CUST-0895,PROD-034,2024-02-07,2,79.8,0.05,151.62
OL-07576,ORD-13093,CUST-0895,PROD-036,2024-10-06,2,97.89,0.05,185.99
OL-07577,ORD-13093,CUST-0895,PROD-032,2024-10-06,5,129.73,0.2,518.92
OL-07578,ORD-13094,CUST-0895,PROD-010,2024-12-17,5,121.48,0,607.4
OL-07579,ORD-13094,CUST-0895,PROD-016,2024-12-17,1,189.62,0,189.62
OL-07580,ORD-13095,CUST-0895,PROD-027,2025-01-16,4,52.67,0,210.68
OL-07581,ORD-13095,CUST-0895,PROD-017,2025-01-16,5,242.78,0,1213.9
OL-07582,ORD-13096,CUST-0896,PROD-018,2025-01-12,3,9.52,0,28.56
OL-07583,ORD-13096,CUST-0896,PROD-034,2025-01-12,4,79.8,0,319.2
OL-07584,ORD-13096,CUST-0896,PROD-028,2025-01-12,4,65.64,0.2,210.05
OL-07585,ORD-13096,CUST-0896,PROD-031,2025-01-12,1,164.42,0,164.42
OL-07586,ORD-13097,CUST-0897,PROD-015,2024-12-31,3,295.3,0,885.9
OL-07587,ORD-13097,CUST-0897,PROD-007,2024-12-31,5,511.33,0.05,2428.82
OL-07588,ORD-13097,CUST-0897,PROD-030,2024-12-31,4,33.74,0.05,128.21
OL-07589,ORD-13097,CUST-0897,PROD-022,2024-12-31,1,27.82,0,27.82
OL-07590,ORD-13098,CUST-0897,PROD-033,2025-05-28,5,70.03,0,350.15
OL-07591,ORD-13098,CUST-0897,PROD-020,2025-05-28,1,37.73,0.15,32.07
OL-07592,ORD-13098,CUST-0897,PROD-001,2025-05-28,3,1226.38,0,3679.14
OL-07593,ORD-13099,CUST-0898,PROD-024,2025-12-01,4,38.87,0,155.48
OL-07594,ORD-13100,CUST-0899,PROD-014,2024-09-12,1,487.6,0.05,463.22
OL-07595,ORD-13100,CUST-0899,PROD-025,2024-09-12,5,25.5,0.05,121.12
OL-07596,ORD-13100,CUST-0899,PROD-005,2024-09-12,1,843.32,0,843.32
OL-07597,ORD-13101,CUST-0900,PROD-002,2025-10-15,1,505.32,0.1,454.79
OL-07598,ORD-13101,CUST-0900,PROD-013,2025-10-15,5,134.4,0,672
OL-07599,ORD-13101,CUST-0900,PROD-025,2025-10-15,4,25.5,0.15,86.7
OL-07600,ORD-13101,CUST-0900,PROD-005,2025-10-15,1,843.32,0.2,674.66
OL-07601,ORD-13102,CUST-0901,PROD-022,2024-04-12,3,27.82,0,83.46
OL-07602,ORD-13102,CUST-0901,PROD-018,2024-04-12,2,9.52,0.15,16.18
OL-07603,ORD-13102,CUST-0901,PROD-025,2024-04-12,4,25.5,0.1,91.8
OL-07604,ORD-13103,CUST-0902,PROD-033,2025-05-24,4,70.03,0,280.12
OL-07605,ORD-13103,CUST-0902,PROD-017,2025-05-24,3,242.78,0.2,582.67
OL-07606,ORD-13103,CUST-0902,PROD-015,2025-05-24,1,295.3,0,295.3
OL-07607,ORD-13103,CUST-0902,PROD-032,2025-05-24,3,129.73,0.2,311.35
OL-07608,ORD-13104,CUST-0903,PROD-021,2025-09-24,5,38.34,0,191.7
OL-07609,ORD-13104,CUST-0903,PROD-018,2025-09-24,4,9.52,0.2,30.46
OL-07610,ORD-13104,CUST-0903,PROD-022,2025-09-24,4,27.82,0,111.28
OL-07611,ORD-13105,CUST-0904,PROD-001,2024-08-16,1,1226.38,0.1,1103.74
OL-07612,ORD-13105,CUST-0904,PROD-006,2024-08-16,4,689.21,0.15,2343.31
OL-07613,ORD-13106,CUST-0904,PROD-032,2024-11-09,2,129.73,0.1,233.51
OL-07614,ORD-13106,CUST-0904,PROD-010,2024-11-09,4,121.48,0.2,388.74
OL-07615,ORD-13107,CUST-0904,PROD-018,2025-06-27,2,9.52,0.05,18.09
OL-07616,ORD-13107,CUST-0904,PROD-009,2025-06-27,5,89.78,0,448.9
OL-07617,ORD-13107,CUST-0904,PROD-007,2025-06-27,5,511.33,0,2556.65
OL-07618,ORD-13107,CUST-0904,PROD-029,2025-06-27,1,32.8,0.1,29.52
OL-07619,ORD-13108,CUST-0904,PROD-002,2025-02-13,1,505.32,0.05,480.05
OL-07620,ORD-13108,CUST-0904,PROD-013,2025-02-13,3,134.4,0,403.2
OL-07621,ORD-13108,CUST-0904,PROD-017,2025-02-13,5,242.78,0,1213.9
OL-07622,ORD-13108,CUST-0904,PROD-037,2025-02-13,1,23.39,0,23.39
OL-07623,ORD-13109,CUST-0904,PROD-002,2025-03-29,5,505.32,0.15,2147.61
OL-07624,ORD-13109,CUST-0904,PROD-016,2025-03-29,3,189.62,0.1,511.97
OL-07625,ORD-13109,CUST-0904,PROD-018,2025-03-29,3,9.52,0,28.56
OL-07626,ORD-13110,CUST-0904,PROD-030,2025-11-20,2,33.74,0.2,53.98
OL-07627,ORD-13110,CUST-0904,PROD-003,2025-11-20,4,722.82,0.1,2602.15
OL-07628,ORD-13110,CUST-0904,PROD-001,2025-11-20,3,1226.38,0.15,3127.27
OL-07629,ORD-13110,CUST-0904,PROD-027,2025-11-20,5,52.67,0,263.35
OL-07630,ORD-13111,CUST-0905,PROD-020,2025-06-30,2,37.73,0.1,67.91
OL-07631,ORD-13112,CUST-0906,PROD-025,2025-12-20,3,25.5,0,76.5
OL-07632,ORD-13112,CUST-0906,PROD-028,2025-12-20,2,65.64,0.2,105.02
OL-07633,ORD-13112,CUST-0906,PROD-037,2025-12-20,1,23.39,0.15,19.88
OL-07634,ORD-13113,CUST-0907,PROD-023,2025-12-07,3,88.43,0,265.29
OL-07635,ORD-13113,CUST-0907,PROD-028,2025-12-07,5,65.64,0,328.2
OL-07636,ORD-13113,CUST-0907,PROD-009,2025-12-07,1,89.78,0,89.78
OL-07637,ORD-13113,CUST-0907,PROD-031,2025-12-07,4,164.42,0.15,559.03
OL-07638,ORD-13114,CUST-0908,PROD-029,2024-06-09,2,32.8,0,65.6
OL-07639,ORD-13115,CUST-0908,PROD-019,2024-11-27,3,21.71,0.15,55.36
OL-07640,ORD-13115,CUST-0908,PROD-021,2024-11-27,1,38.34,0.2,30.67
OL-07641,ORD-13115,CUST-0908,PROD-012,2024-11-27,4,109.67,0.15,372.88
OL-07642,ORD-13115,CUST-0908,PROD-015,2024-11-27,2,295.3,0.1,531.54
OL-07643,ORD-13116,CUST-0908,PROD-028,2024-10-18,5,65.64,0.1,295.38
OL-07644,ORD-13116,CUST-0908,PROD-018,2024-10-18,4,9.52,0.15,32.37
OL-07645,ORD-13117,CUST-0909,PROD-004,2024-10-02,1,921.23,0.05,875.17
OL-07646,ORD-13118,CUST-0909,PROD-036,2024-10-23,3,97.89,0.05,278.99
OL-07647,ORD-13118,CUST-0909,PROD-007,2024-10-23,4,511.33,0,2045.32
OL-07648,ORD-13118,CUST-0909,PROD-009,2024-10-23,2,89.78,0,179.56
OL-07649,ORD-13118,CUST-0909,PROD-019,2024-10-23,3,21.71,0.2,52.1
OL-07650,ORD-13119,CUST-0910,PROD-036,2024-08-26,3,97.89,0,293.67
OL-07651,ORD-13119,CUST-0910,PROD-019,2024-08-26,2,21.71,0,43.42
OL-07652,ORD-13119,CUST-0910,PROD-006,2024-08-26,3,689.21,0.2,1654.1
OL-07653,ORD-13120,CUST-0910,PROD-014,2024-11-25,2,487.6,0.15,828.92
OL-07654,ORD-13120,CUST-0910,PROD-031,2024-11-25,5,164.42,0.2,657.68
OL-07655,ORD-13121,CUST-0910,PROD-026,2025-05-09,5,54.35,0,271.75
OL-07656,ORD-13121,CUST-0910,PROD-032,2025-05-09,2,129.73,0,259.46
OL-07657,ORD-13121,CUST-0910,PROD-037,2025-05-09,2,23.39,0.05,44.44
OL-07658,ORD-13122,CUST-0911,PROD-025,2025-03-14,4,25.5,0,102
OL-07659,ORD-13122,CUST-0911,PROD-018,2025-03-14,1,9.52,0,9.52
OL-07660,ORD-13122,CUST-0911,PROD-030,2025-03-14,5,33.74,0.1,151.83
OL-07661,ORD-13123,CUST-0911,PROD-034,2025-06-03,4,79.8,0,319.2
OL-07662,ORD-13124,CUST-0912,PROD-005,2024-07-10,5,843.32,0,4216.6
OL-07663,ORD-13124,CUST-0912,PROD-001,2024-07-10,1,1226.38,0.05,1165.06
OL-07664,ORD-13124,CUST-0912,PROD-032,2024-07-10,1,129.73,0,129.73
OL-07665,ORD-13125,CUST-0912,PROD-017,2024-12-25,5,242.78,0.2,971.12
OL-07666,ORD-13125,CUST-0912,PROD-025,2024-12-25,5,25.5,0,127.5
OL-07667,ORD-13125,CUST-0912,PROD-006,2024-12-25,1,689.21,0.2,551.37
OL-07668,ORD-13125,CUST-0912,PROD-007,2024-12-25,5,511.33,0.05,2428.82
OL-07669,ORD-13126,CUST-0913,PROD-012,2024-09-22,2,109.67,0.15,186.44
OL-07670,ORD-13126,CUST-0913,PROD-020,2024-09-22,5,37.73,0.1,169.78
OL-07671,ORD-13126,CUST-0913,PROD-032,2024-09-22,3,129.73,0.15,330.81
OL-07672,ORD-13127,CUST-0913,PROD-032,2025-01-09,3,129.73,0.1,350.27
OL-07673,ORD-13127,CUST-0913,PROD-031,2025-01-09,4,164.42,0.05,624.8
OL-07674,ORD-13128,CUST-0913,PROD-031,2024-10-09,5,164.42,0.1,739.89
OL-07675,ORD-13129,CUST-0914,PROD-022,2024-06-10,2,27.82,0,55.64
OL-07676,ORD-13129,CUST-0914,PROD-016,2024-06-10,1,189.62,0,189.62
OL-07677,ORD-13130,CUST-0914,PROD-036,2024-08-08,2,97.89,0.2,156.62
OL-07678,ORD-13131,CUST-0914,PROD-031,2024-09-17,4,164.42,0.05,624.8
OL-07679,ORD-13131,CUST-0914,PROD-037,2024-09-17,1,23.39,0,23.39
OL-07680,ORD-13131,CUST-0914,PROD-004,2024-09-17,5,921.23,0.05,4375.84
OL-07681,ORD-13131,CUST-0914,PROD-027,2024-09-17,3,52.67,0.15,134.31
OL-07682,ORD-13132,CUST-0914,PROD-036,2025-08-30,5,97.89,0.15,416.03
OL-07683,ORD-13132,CUST-0914,PROD-014,2025-08-30,3,487.6,0.05,1389.66
OL-07684,ORD-13133,CUST-0915,PROD-020,2025-10-12,1,37.73,0.2,30.18
OL-07685,ORD-13133,CUST-0915,PROD-026,2025-10-12,1,54.35,0.2,43.48
OL-07686,ORD-13133,CUST-0915,PROD-034,2025-10-12,1,79.8,0,79.8
OL-07687,ORD-13133,CUST-0915,PROD-009,2025-10-12,4,89.78,0,359.12
OL-07688,ORD-13134,CUST-0916,PROD-029,2024-12-22,1,32.8,0.2,26.24
OL-07689,ORD-13135,CUST-0916,PROD-034,2025-05-11,4,79.8,0.2,255.36
OL-07690,ORD-13135,CUST-0916,PROD-004,2025-05-11,5,921.23,0,4606.15
OL-07691,ORD-13135,CUST-0916,PROD-033,2025-05-11,2,70.03,0,140.06
OL-07692,ORD-13135,CUST-0916,PROD-027,2025-05-11,4,52.67,0.2,168.54
OL-07693,ORD-13136,CUST-0917,PROD-037,2024-06-01,5,23.39,0,116.95
OL-07694,ORD-13137,CUST-0917,PROD-010,2024-11-02,3,121.48,0.1,328
OL-07695,ORD-13137,CUST-0917,PROD-028,2024-11-02,4,65.64,0.2,210.05
OL-07696,ORD-13137,CUST-0917,PROD-032,2024-11-02,4,129.73,0.15,441.08
OL-07697,ORD-13138,CUST-0918,PROD-023,2025-10-18,3,88.43,0.2,212.23
OL-07698,ORD-13138,CUST-0918,PROD-004,2025-10-18,3,921.23,0.05,2625.51
OL-07699,ORD-13138,CUST-0918,PROD-031,2025-10-18,3,164.42,0.05,468.6
OL-07700,ORD-13138,CUST-0918,PROD-019,2025-10-18,2,21.71,0.05,41.25
OL-07701,ORD-13139,CUST-0919,PROD-018,2025-01-29,2,9.52,0.1,17.14
OL-07702,ORD-13139,CUST-0919,PROD-006,2025-01-29,1,689.21,0.05,654.75
OL-07703,ORD-13139,CUST-0919,PROD-033,2025-01-29,5,70.03,0,350.15
OL-07704,ORD-13140,CUST-0919,PROD-037,2025-10-26,2,23.39,0,46.78
OL-07705,ORD-13140,CUST-0919,PROD-023,2025-10-26,3,88.43,0.2,212.23
OL-07706,ORD-13140,CUST-0919,PROD-001,2025-10-26,2,1226.38,0.2,1962.21
OL-07707,ORD-13140,CUST-0919,PROD-003,2025-10-26,2,722.82,0,1445.64
OL-07708,ORD-13141,CUST-0919,PROD-012,2025-05-19,2,109.67,0,219.34
OL-07709,ORD-13141,CUST-0919,PROD-026,2025-05-19,4,54.35,0.15,184.79
OL-07710,ORD-13141,CUST-0919,PROD-015,2025-05-19,3,295.3,0,885.9
OL-07711,ORD-13141,CUST-0919,PROD-004,2025-05-19,2,921.23,0,1842.46
OL-07712,ORD-13142,CUST-0919,PROD-016,2025-09-27,5,189.62,0.15,805.88
OL-07713,ORD-13142,CUST-0919,PROD-001,2025-09-27,1,1226.38,0.05,1165.06
OL-07714,ORD-13143,CUST-0920,PROD-003,2025-04-16,3,722.82,0,2168.46
OL-07715,ORD-13143,CUST-0920,PROD-025,2025-04-16,4,25.5,0.1,91.8
OL-07716,ORD-13143,CUST-0920,PROD-015,2025-04-16,3,295.3,0,885.9
OL-07717,ORD-13144,CUST-0921,PROD-018,2025-09-23,4,9.52,0.15,32.37
OL-07718,ORD-13144,CUST-0921,PROD-030,2025-09-23,4,33.74,0,134.96
OL-07719,ORD-13145,CUST-0921,PROD-022,2025-12-09,2,27.82,0.05,52.86
OL-07720,ORD-13145,CUST-0921,PROD-036,2025-12-09,5,97.89,0.1,440.5
OL-07721,ORD-13146,CUST-0921,PROD-023,2025-10-20,2,88.43,0.05,168.02
OL-07722,ORD-13147,CUST-0922,PROD-014,2025-11-21,4,487.6,0,1950.4
OL-07723,ORD-13147,CUST-0922,PROD-013,2025-11-21,2,134.4,0,268.8
OL-07724,ORD-13147,CUST-0922,PROD-009,2025-11-21,2,89.78,0,179.56
OL-07725,ORD-13147,CUST-0922,PROD-032,2025-11-21,5,129.73,0,648.65
OL-07726,ORD-13148,CUST-0923,PROD-034,2025-02-20,4,79.8,0,319.2
OL-07727,ORD-13148,CUST-0923,PROD-015,2025-02-20,2,295.3,0.05,561.07
OL-07728,ORD-13149,CUST-0924,PROD-022,2025-10-29,1,27.82,0,27.82
OL-07729,ORD-13149,CUST-0924,PROD-014,2025-10-29,2,487.6,0.2,780.16
OL-07730,ORD-13150,CUST-0925,PROD-004,2024-04-29,2,921.23,0.15,1566.09
OL-07731,ORD-13150,CUST-0925,PROD-001,2024-04-29,2,1226.38,0,2452.76
OL-07732,ORD-13150,CUST-0925,PROD-035,2024-04-29,1,75.75,0,75.75
OL-07733,ORD-13150,CUST-0925,PROD-020,2024-04-29,4,37.73,0,150.92
OL-07734,ORD-13151,CUST-0925,PROD-013,2024-09-27,2,134.4,0.15,228.48
OL-07735,ORD-13151,CUST-0925,PROD-015,2024-09-27,1,295.3,0.15,251
OL-07736,ORD-13152,CUST-0925,PROD-035,2025-03-30,3,75.75,0.05,215.89
OL-07737,ORD-13152,CUST-0925,PROD-018,2025-03-30,1,9.52,0,9.52
OL-07738,ORD-13153,CUST-0925,PROD-036,2024-11-14,2,97.89,0.05,185.99
OL-07739,ORD-13153,CUST-0925,PROD-001,2024-11-14,1,1226.38,0.1,1103.74
OL-07740,ORD-13153,CUST-0925,PROD-018,2024-11-14,5,9.52,0.2,38.08
OL-07741,ORD-13153,CUST-0925,PROD-030,2024-11-14,3,33.74,0.2,80.98
OL-07742,ORD-13154,CUST-0926,PROD-031,2025-12-29,4,164.42,0.1,591.91
OL-07743,ORD-13155,CUST-0927,PROD-035,2025-05-13,3,75.75,0.2,181.8
OL-07744,ORD-13155,CUST-0927,PROD-002,2025-05-13,3,505.32,0,1515.96
OL-07745,ORD-13155,CUST-0927,PROD-025,2025-05-13,3,25.5,0.15,65.02
OL-07746,ORD-13155,CUST-0927,PROD-019,2025-05-13,2,21.71,0,43.42
OL-07747,ORD-13156,CUST-0927,PROD-035,2025-12-02,4,75.75,0,303
OL-07748,ORD-13156,CUST-0927,PROD-015,2025-12-02,1,295.3,0,295.3
OL-07749,ORD-13156,CUST-0927,PROD-030,2025-12-02,2,33.74,0.15,57.36
OL-07750,ORD-13156,CUST-0927,PROD-011,2025-12-02,2,103.76,0.15,176.39
OL-07751,ORD-13157,CUST-0928,PROD-013,2024-08-29,5,134.4,0,672
OL-07752,ORD-13157,CUST-0928,PROD-028,2024-08-29,3,65.64,0.15,167.38
OL-07753,ORD-13157,CUST-0928,PROD-034,2024-08-29,2,79.8,0.1,143.64
OL-07754,ORD-13157,CUST-0928,PROD-024,2024-08-29,5,38.87,0,194.35
OL-07755,ORD-13158,CUST-0928,PROD-015,2025-08-04,5,295.3,0.05,1402.67
OL-07756,ORD-13159,CUST-0928,PROD-034,2025-07-24,1,79.8,0,79.8
OL-07757,ORD-13159,CUST-0928,PROD-014,2025-07-24,2,487.6,0,975.2
OL-07758,ORD-13159,CUST-0928,PROD-006,2025-07-24,5,689.21,0.1,3101.45
OL-07759,ORD-13159,CUST-0928,PROD-024,2025-07-24,3,38.87,0.2,93.29
OL-07760,ORD-13160,CUST-0928,PROD-023,2025-07-07,2,88.43,0,176.86
OL-07761,ORD-13160,CUST-0928,PROD-024,2025-07-07,1,38.87,0.05,36.93
OL-07762,ORD-13160,CUST-0928,PROD-006,2025-07-07,4,689.21,0.05,2619
OL-07763,ORD-13160,CUST-0928,PROD-002,2025-07-07,5,505.32,0.05,2400.27
OL-07764,ORD-13161,CUST-0928,PROD-026,2025-08-05,4,54.35,0,217.4
OL-07765,ORD-13162,CUST-0928,PROD-027,2025-02-12,5,52.67,0.1,237.02
OL-07766,ORD-13162,CUST-0928,PROD-031,2025-02-12,5,164.42,0.05,780.99
OL-07767,ORD-13162,CUST-0928,PROD-006,2025-02-12,2,689.21,0,1378.42
OL-07768,ORD-13162,CUST-0928,PROD-020,2025-02-12,5,37.73,0.1,169.78
OL-07769,ORD-13163,CUST-0929,PROD-001,2025-12-19,2,1226.38,0.1,2207.48
OL-07770,ORD-13164,CUST-0930,PROD-010,2024-03-18,2,121.48,0,242.96
OL-07771,ORD-13164,CUST-0930,PROD-031,2024-03-18,1,164.42,0,164.42
OL-07772,ORD-13164,CUST-0930,PROD-025,2024-03-18,3,25.5,0.1,68.85
OL-07773,ORD-13165,CUST-0930,PROD-016,2025-04-25,5,189.62,0.15,805.88
OL-07774,ORD-13165,CUST-0930,PROD-029,2025-04-25,4,32.8,0,131.2
OL-07775,ORD-13165,CUST-0930,PROD-019,2025-04-25,5,21.71,0.1,97.7
OL-07776,ORD-13165,CUST-0930,PROD-014,2025-04-25,3,487.6,0.1,1316.52
OL-07777,ORD-13166,CUST-0931,PROD-001,2025-07-12,5,1226.38,0,6131.9
OL-07778,ORD-13166,CUST-0931,PROD-013,2025-07-12,3,134.4,0.2,322.56
OL-07779,ORD-13166,CUST-0931,PROD-036,2025-07-12,3,97.89,0.05,278.99
OL-07780,ORD-13167,CUST-0932,PROD-024,2025-11-25,1,38.87,0.1,34.98
OL-07781,ORD-13167,CUST-0932,PROD-013,2025-11-25,4,134.4,0,537.6
OL-07782,ORD-13167,CUST-0932,PROD-005,2025-11-25,1,843.32,0,843.32
OL-07783,ORD-13167,CUST-0932,PROD-031,2025-11-25,2,164.42,0.15,279.51
OL-07784,ORD-13168,CUST-0933,PROD-010,2025-04-04,4,121.48,0,485.92
OL-07785,ORD-13169,CUST-0933,PROD-015,2025-10-30,4,295.3,0,1181.2
OL-07786,ORD-13169,CUST-0933,PROD-011,2025-10-30,2,103.76,0,207.52
OL-07787,ORD-13169,CUST-0933,PROD-023,2025-10-30,2,88.43,0,176.86
OL-07788,ORD-13169,CUST-0933,PROD-025,2025-10-30,5,25.5,0.05,121.12
OL-07789,ORD-13170,CUST-0933,PROD-005,2025-09-03,4,843.32,0,3373.28
OL-07790,ORD-13170,CUST-0933,PROD-028,2025-09-03,1,65.64,0.1,59.08
OL-07791,ORD-13171,CUST-0933,PROD-001,2025-06-21,3,1226.38,0.1,3311.23
OL-07792,ORD-13172,CUST-0934,PROD-002,2025-12-08,4,505.32,0,2021.28
OL-07793,ORD-13172,CUST-0934,PROD-029,2025-12-08,3,32.8,0.2,78.72
OL-07794,ORD-13172,CUST-0934,PROD-014,2025-12-08,4,487.6,0.2,1560.32
OL-07795,ORD-13172,CUST-0934,PROD-010,2025-12-08,5,121.48,0.1,546.66
OL-07796,ORD-13173,CUST-0935,PROD-031,2025-08-21,3,164.42,0.1,443.93
OL-07797,ORD-13173,CUST-0935,PROD-033,2025-08-21,3,70.03,0.15,178.58
OL-07798,ORD-13174,CUST-0936,PROD-006,2025-12-16,1,689.21,0.2,551.37
OL-07799,ORD-13174,CUST-0936,PROD-031,2025-12-16,5,164.42,0.15,698.78
OL-07800,ORD-13174,CUST-0936,PROD-028,2025-12-16,1,65.64,0.1,59.08
OL-07801,ORD-13175,CUST-0937,PROD-027,2025-11-14,3,52.67,0.2,126.41
OL-07802,ORD-13176,CUST-0938,PROD-036,2025-02-05,3,97.89,0,293.67
OL-07803,ORD-13176,CUST-0938,PROD-007,2025-02-05,4,511.33,0.2,1636.26
OL-07804,ORD-13176,CUST-0938,PROD-001,2025-02-05,2,1226.38,0.15,2084.85
OL-07805,ORD-13177,CUST-0938,PROD-028,2025-07-09,4,65.64,0.2,210.05
OL-07806,ORD-13177,CUST-0938,PROD-037,2025-07-09,2,23.39,0.15,39.76
OL-07807,ORD-13177,CUST-0938,PROD-020,2025-07-09,2,37.73,0.1,67.91
OL-07808,ORD-13177,CUST-0938,PROD-017,2025-07-09,4,242.78,0.2,776.9
OL-07809,ORD-13178,CUST-0938,PROD-021,2025-11-28,2,38.34,0.1,69.01
OL-07810,ORD-13179,CUST-0939,PROD-022,2025-02-15,4,27.82,0.05,105.72
OL-07811,ORD-13180,CUST-0940,PROD-036,2025-07-12,2,97.89,0.05,185.99
OL-07812,ORD-13181,CUST-0941,PROD-029,2025-12-06,5,32.8,0.1,147.6
OL-07813,ORD-13181,CUST-0941,PROD-006,2025-12-06,2,689.21,0.05,1309.5
OL-07814,ORD-13181,CUST-0941,PROD-034,2025-12-06,3,79.8,0,239.4
OL-07815,ORD-13182,CUST-0942,PROD-003,2024-11-12,3,722.82,0.1,1951.61
OL-07816,ORD-13182,CUST-0942,PROD-026,2024-11-12,2,54.35,0.1,97.83
OL-07817,ORD-13182,CUST-0942,PROD-033,2024-11-12,1,70.03,0.05,66.53
OL-07818,ORD-13183,CUST-0942,PROD-004,2025-02-15,1,921.23,0.1,829.11
OL-07819,ORD-13183,CUST-0942,PROD-010,2025-02-15,5,121.48,0.15,516.29
OL-07820,ORD-13183,CUST-0942,PROD-016,2025-02-15,5,189.62,0.2,758.48
OL-07821,ORD-13184,CUST-0942,PROD-018,2025-11-06,2,9.52,0,19.04
OL-07822,ORD-13184,CUST-0942,PROD-026,2025-11-06,2,54.35,0,108.7
OL-07823,ORD-13184,CUST-0942,PROD-011,2025-11-06,3,103.76,0.1,280.15
OL-07824,ORD-13184,CUST-0942,PROD-017,2025-11-06,4,242.78,0.1,874.01
OL-07825,ORD-13185,CUST-0942,PROD-008,2025-05-14,1,342.59,0.15,291.2
OL-07826,ORD-13185,CUST-0942,PROD-012,2025-05-14,3,109.67,0.05,312.56
OL-07827,ORD-13186,CUST-0942,PROD-033,2024-12-13,1,70.03,0,70.03
OL-07828,ORD-13186,CUST-0942,PROD-029,2024-12-13,5,32.8,0.1,147.6
OL-07829,ORD-13187,CUST-0942,PROD-022,2024-12-20,4,27.82,0.1,100.15
OL-07830,ORD-13187,CUST-0942,PROD-020,2024-12-20,3,37.73,0.05,107.53
OL-07831,ORD-13188,CUST-0943,PROD-020,2024-08-09,5,37.73,0.2,150.92
OL-07832,ORD-13189,CUST-0943,PROD-031,2024-09-23,3,164.42,0.05,468.6
OL-07833,ORD-13189,CUST-0943,PROD-026,2024-09-23,3,54.35,0.05,154.9
OL-07834,ORD-13190,CUST-0943,PROD-006,2025-04-01,4,689.21,0,2756.84
OL-07835,ORD-13191,CUST-0943,PROD-008,2024-11-27,1,342.59,0.2,274.07
OL-07836,ORD-13191,CUST-0943,PROD-022,2024-11-27,2,27.82,0.15,47.29
OL-07837,ORD-13192,CUST-0943,PROD-021,2025-06-14,5,38.34,0.15,162.95
OL-07838,ORD-13192,CUST-0943,PROD-023,2025-06-14,1,88.43,0.15,75.17
OL-07839,ORD-13192,CUST-0943,PROD-036,2025-06-14,5,97.89,0.15,416.03
OL-07840,ORD-13192,CUST-0943,PROD-027,2025-06-14,1,52.67,0,52.67
OL-07841,ORD-13193,CUST-0943,PROD-008,2025-10-01,5,342.59,0,1712.95
OL-07842,ORD-13193,CUST-0943,PROD-021,2025-10-01,2,38.34,0,76.68
OL-07843,ORD-13193,CUST-0943,PROD-034,2025-10-01,3,79.8,0,239.4
OL-07844,ORD-13194,CUST-0943,PROD-026,2025-10-30,5,54.35,0,271.75
OL-07845,ORD-13194,CUST-0943,PROD-001,2025-10-30,3,1226.38,0.15,3127.27
OL-07846,ORD-13194,CUST-0943,PROD-007,2025-10-30,1,511.33,0.2,409.06
OL-07847,ORD-13194,CUST-0943,PROD-015,2025-10-30,1,295.3,0,295.3
OL-07848,ORD-13195,CUST-0943,PROD-031,2025-06-20,1,164.42,0,164.42
OL-07849,ORD-13195,CUST-0943,PROD-013,2025-06-20,1,134.4,0,134.4
OL-07850,ORD-13195,CUST-0943,PROD-034,2025-06-20,2,79.8,0.2,127.68
OL-07851,ORD-13196,CUST-0944,PROD-030,2025-11-11,1,33.74,0,33.74
OL-07852,ORD-13196,CUST-0944,PROD-007,2025-11-11,5,511.33,0,2556.65
OL-07853,ORD-13196,CUST-0944,PROD-035,2025-11-11,4,75.75,0.15,257.55
OL-07854,ORD-13197,CUST-0945,PROD-019,2025-11-13,5,21.71,0.1,97.7
OL-07855,ORD-13198,CUST-0946,PROD-013,2025-12-03,4,134.4,0.15,456.96
OL-07856,ORD-13199,CUST-0947,PROD-003,2025-04-18,1,722.82,0.1,650.54
OL-07857,ORD-13199,CUST-0947,PROD-023,2025-04-18,1,88.43,0.15,75.17
OL-07858,ORD-13199,CUST-0947,PROD-022,2025-04-18,5,27.82,0,139.1
OL-07859,ORD-13200,CUST-0948,PROD-035,2025-12-07,4,75.75,0.2,242.4
OL-07860,ORD-13200,CUST-0948,PROD-029,2025-12-07,4,32.8,0,131.2
OL-07861,ORD-13200,CUST-0948,PROD-006,2025-12-07,4,689.21,0,2756.84
OL-07862,ORD-13200,CUST-0948,PROD-033,2025-12-07,5,70.03,0,350.15
OL-07863,ORD-13201,CUST-0949,PROD-014,2025-06-07,5,487.6,0.15,2072.3
OL-07864,ORD-13201,CUST-0949,PROD-011,2025-06-07,3,103.76,0,311.28
OL-07865,ORD-13202,CUST-0950,PROD-028,2025-08-29,1,65.64,0,65.64
OL-07866,ORD-13203,CUST-0951,PROD-009,2025-04-08,2,89.78,0,179.56
OL-07867,ORD-13203,CUST-0951,PROD-005,2025-04-08,5,843.32,0,4216.6
OL-07868,ORD-13204,CUST-0951,PROD-003,2025-07-15,3,722.82,0,2168.46
OL-07869,ORD-13204,CUST-0951,PROD-037,2025-07-15,1,23.39,0.2,18.71
OL-07870,ORD-13205,CUST-0951,PROD-005,2025-08-10,5,843.32,0.1,3794.94
OL-07871,ORD-13205,CUST-0951,PROD-031,2025-08-10,3,164.42,0.05,468.6
OL-07872,ORD-13205,CUST-0951,PROD-032,2025-08-10,2,129.73,0.15,220.54
OL-07873,ORD-13205,CUST-0951,PROD-024,2025-08-10,4,38.87,0,155.48
OL-07874,ORD-13206,CUST-0952,PROD-026,2024-08-11,4,54.35,0.2,173.92
OL-07875,ORD-13206,CUST-0952,PROD-007,2024-08-11,2,511.33,0.15,869.26
OL-07876,ORD-13206,CUST-0952,PROD-005,2024-08-11,1,843.32,0.15,716.82
OL-07877,ORD-13206,CUST-0952,PROD-012,2024-08-11,2,109.67,0,219.34
OL-07878,ORD-13207,CUST-0952,PROD-005,2025-03-12,4,843.32,0.15,2867.29
OL-07879,ORD-13207,CUST-0952,PROD-028,2025-03-12,1,65.64,0,65.64
OL-07880,ORD-13207,CUST-0952,PROD-021,2025-03-12,1,38.34,0,38.34
OL-07881,ORD-13208,CUST-0952,PROD-004,2025-06-05,1,921.23,0.15,783.05
OL-07882,ORD-13208,CUST-0952,PROD-005,2025-06-05,2,843.32,0.2,1349.31
OL-07883,ORD-13208,CUST-0952,PROD-035,2025-06-05,2,75.75,0.2,121.2
OL-07884,ORD-13208,CUST-0952,PROD-006,2025-06-05,5,689.21,0.2,2756.84
OL-07885,ORD-13209,CUST-0952,PROD-013,2025-07-03,2,134.4,0,268.8
OL-07886,ORD-13209,CUST-0952,PROD-004,2025-07-03,3,921.23,0.1,2487.32
OL-07887,ORD-13210,CUST-0952,PROD-009,2025-11-16,2,89.78,0,179.56
OL-07888,ORD-13210,CUST-0952,PROD-004,2025-11-16,3,921.23,0.2,2210.95
OL-07889,ORD-13210,CUST-0952,PROD-028,2025-11-16,3,65.64,0.1,177.23
OL-07890,ORD-13210,CUST-0952,PROD-010,2025-11-16,4,121.48,0.1,437.33
OL-07891,ORD-13211,CUST-0952,PROD-002,2025-07-28,5,505.32,0.15,2147.61
OL-07892,ORD-13212,CUST-0952,PROD-037,2025-03-12,4,23.39,0.2,74.85
OL-07893,ORD-13213,CUST-0952,PROD-019,2025-06-02,3,21.71,0,65.13
OL-07894,ORD-13214,CUST-0953,PROD-006,2025-05-12,2,689.21,0.2,1102.74
OL-07895,ORD-13214,CUST-0953,PROD-005,2025-05-12,1,843.32,0.2,674.66
OL-07896,ORD-13215,CUST-0954,PROD-001,2025-02-19,3,1226.38,0.2,2943.31
OL-07897,ORD-13215,CUST-0954,PROD-034,2025-02-19,1,79.8,0.15,67.83
OL-07898,ORD-13215,CUST-0954,PROD-008,2025-02-19,5,342.59,0.2,1370.36
OL-07899,ORD-13215,CUST-0954,PROD-026,2025-02-19,1,54.35,0,54.35
OL-07900,ORD-13216,CUST-0954,PROD-003,2025-07-14,1,722.82,0,722.82
OL-07901,ORD-13216,CUST-0954,PROD-035,2025-07-14,1,75.75,0.2,60.6
OL-07902,ORD-13216,CUST-0954,PROD-005,2025-07-14,5,843.32,0.2,3373.28
OL-07903,ORD-13216,CUST-0954,PROD-032,2025-07-14,2,129.73,0,259.46
OL-07904,ORD-13217,CUST-0954,PROD-017,2025-10-09,3,242.78,0,728.34
OL-07905,ORD-13217,CUST-0954,PROD-018,2025-10-09,4,9.52,0,38.08
OL-07906,ORD-13217,CUST-0954,PROD-037,2025-10-09,5,23.39,0.15,99.41
OL-07907,ORD-13218,CUST-0955,PROD-033,2024-11-07,2,70.03,0.15,119.05
OL-07908,ORD-13218,CUST-0955,PROD-003,2024-11-07,4,722.82,0,2891.28
OL-07909,ORD-13218,CUST-0955,PROD-027,2024-11-07,3,52.67,0.05,150.11
OL-07910,ORD-13219,CUST-0955,PROD-035,2025-07-01,5,75.75,0.15,321.94
OL-07911,ORD-13219,CUST-0955,PROD-023,2025-07-01,1,88.43,0.05,84.01
OL-07912,ORD-13220,CUST-0955,PROD-018,2025-04-03,3,9.52,0,28.56
OL-07913,ORD-13220,CUST-0955,PROD-006,2025-04-03,5,689.21,0.15,2929.14
OL-07914,ORD-13221,CUST-0955,PROD-023,2024-11-30,4,88.43,0,353.72
OL-07915,ORD-13221,CUST-0955,PROD-030,2024-11-30,3,33.74,0.2,80.98
OL-07916,ORD-13221,CUST-0955,PROD-029,2024-11-30,2,32.8,0.15,55.76
OL-07917,ORD-13222,CUST-0956,PROD-030,2025-05-17,5,33.74,0,168.7
OL-07918,ORD-13222,CUST-0956,PROD-026,2025-05-17,5,54.35,0.2,217.4
OL-07919,ORD-13222,CUST-0956,PROD-025,2025-05-17,3,25.5,0,76.5
OL-07920,ORD-13223,CUST-0956,PROD-026,2025-06-23,3,54.35,0.05,154.9
OL-07921,ORD-13224,CUST-0956,PROD-008,2025-08-11,5,342.59,0,1712.95
OL-07922,ORD-13224,CUST-0956,PROD-031,2025-08-11,5,164.42,0,822.1
OL-07923,ORD-13224,CUST-0956,PROD-019,2025-08-11,2,21.71,0.2,34.74
OL-07924,ORD-13224,CUST-0956,PROD-025,2025-08-11,4,25.5,0,102
OL-07925,ORD-13225,CUST-0957,PROD-025,2024-05-15,5,25.5,0.05,121.12
OL-07926,ORD-13225,CUST-0957,PROD-006,2024-05-15,4,689.21,0,2756.84
OL-07927,ORD-13225,CUST-0957,PROD-008,2024-05-15,2,342.59,0,685.18
OL-07928,ORD-13225,CUST-0957,PROD-009,2024-05-15,5,89.78,0.1,404.01
OL-07929,ORD-13226,CUST-0957,PROD-026,2024-08-03,4,54.35,0.15,184.79
OL-07930,ORD-13226,CUST-0957,PROD-036,2024-08-03,1,97.89,0,97.89
OL-07931,ORD-13226,CUST-0957,PROD-027,2024-08-03,4,52.67,0,210.68
OL-07932,ORD-13227,CUST-0957,PROD-032,2024-12-09,1,129.73,0,129.73
OL-07933,ORD-13227,CUST-0957,PROD-019,2024-12-09,1,21.71,0,21.71
OL-07934,ORD-13228,CUST-0957,PROD-009,2025-07-24,3,89.78,0,269.34
OL-07935,ORD-13228,CUST-0957,PROD-014,2025-07-24,3,487.6,0,1462.8
OL-07936,ORD-13228,CUST-0957,PROD-006,2025-07-24,2,689.21,0,1378.42
OL-07937,ORD-13228,CUST-0957,PROD-010,2025-07-24,2,121.48,0,242.96
OL-07938,ORD-13229,CUST-0957,PROD-003,2025-07-27,5,722.82,0.2,2891.28
OL-07939,ORD-13229,CUST-0957,PROD-001,2025-07-27,5,1226.38,0,6131.9
OL-07940,ORD-13229,CUST-0957,PROD-034,2025-07-27,5,79.8,0.05,379.05
OL-07941,ORD-13229,CUST-0957,PROD-021,2025-07-27,1,38.34,0.05,36.42
OL-07942,ORD-13230,CUST-0958,PROD-024,2024-11-27,1,38.87,0,38.87
OL-07943,ORD-13231,CUST-0959,PROD-001,2025-09-04,2,1226.38,0,2452.76
OL-07944,ORD-13231,CUST-0959,PROD-024,2025-09-04,2,38.87,0.2,62.19
OL-07945,ORD-13232,CUST-0960,PROD-008,2024-07-28,3,342.59,0,1027.77
OL-07946,ORD-13232,CUST-0960,PROD-033,2024-07-28,4,70.03,0,280.12
OL-07947,ORD-13233,CUST-0960,PROD-019,2025-01-27,2,21.71,0,43.42
OL-07948,ORD-13233,CUST-0960,PROD-010,2025-01-27,2,121.48,0.15,206.52
OL-07949,ORD-13234,CUST-0960,PROD-001,2025-08-14,5,1226.38,0,6131.9
OL-07950,ORD-13235,CUST-0960,PROD-018,2025-11-07,2,9.52,0.15,16.18
OL-07951,ORD-13235,CUST-0960,PROD-017,2025-11-07,1,242.78,0.2,194.22
OL-07952,ORD-13236,CUST-0960,PROD-005,2025-10-02,5,843.32,0.2,3373.28
OL-07953,ORD-13236,CUST-0960,PROD-018,2025-10-02,4,9.52,0.1,34.27
OL-07954,ORD-13236,CUST-0960,PROD-002,2025-10-02,2,505.32,0,1010.64
OL-07955,ORD-13237,CUST-0960,PROD-030,2025-08-02,5,33.74,0.2,134.96
OL-07956,ORD-13237,CUST-0960,PROD-031,2025-08-02,5,164.42,0,822.1
OL-07957,ORD-13238,CUST-0960,PROD-003,2025-07-30,1,722.82,0.05,686.68
OL-07958,ORD-13238,CUST-0960,PROD-010,2025-07-30,5,121.48,0,607.4
OL-07959,ORD-13238,CUST-0960,PROD-007,2025-07-30,2,511.33,0,1022.66
OL-07960,ORD-13239,CUST-0960,PROD-037,2024-12-01,1,23.39,0.15,19.88
OL-07961,ORD-13239,CUST-0960,PROD-034,2024-12-01,1,79.8,0,79.8
OL-07962,ORD-13239,CUST-0960,PROD-006,2024-12-01,5,689.21,0.05,3273.75
OL-07963,ORD-13239,CUST-0960,PROD-033,2024-12-01,2,70.03,0.2,112.05
OL-07964,ORD-13240,CUST-0960,PROD-027,2025-01-18,4,52.67,0.1,189.61
OL-07965,ORD-13240,CUST-0960,PROD-023,2025-01-18,5,88.43,0.2,353.72
OL-07966,ORD-13241,CUST-0960,PROD-014,2025-09-28,4,487.6,0.05,1852.88
OL-07967,ORD-13241,CUST-0960,PROD-022,2025-09-28,3,27.82,0.2,66.77
OL-07968,ORD-13241,CUST-0960,PROD-024,2025-09-28,3,38.87,0.2,93.29
OL-07969,ORD-13241,CUST-0960,PROD-033,2025-09-28,2,70.03,0.05,133.06
OL-07970,ORD-13242,CUST-0961,PROD-033,2024-09-12,2,70.03,0,140.06
OL-07971,ORD-13242,CUST-0961,PROD-034,2024-09-12,4,79.8,0.2,255.36
OL-07972,ORD-13242,CUST-0961,PROD-035,2024-09-12,2,75.75,0,151.5
OL-07973,ORD-13243,CUST-0962,PROD-012,2025-09-10,2,109.67,0,219.34
OL-07974,ORD-13243,CUST-0962,PROD-009,2025-09-10,1,89.78,0,89.78
OL-07975,ORD-13243,CUST-0962,PROD-021,2025-09-10,4,38.34,0.1,138.02
OL-07976,ORD-13244,CUST-0963,PROD-036,2024-03-20,3,97.89,0,293.67
OL-07977,ORD-13244,CUST-0963,PROD-002,2024-03-20,2,505.32,0,1010.64
OL-07978,ORD-13245,CUST-0963,PROD-015,2024-09-23,2,295.3,0.1,531.54
OL-07979,ORD-13245,CUST-0963,PROD-036,2024-09-23,4,97.89,0,391.56
OL-07980,ORD-13245,CUST-0963,PROD-034,2024-09-23,1,79.8,0,79.8
OL-07981,ORD-13246,CUST-0964,PROD-031,2024-04-30,5,164.42,0,822.1
OL-07982,ORD-13246,CUST-0964,PROD-028,2024-04-30,5,65.64,0.1,295.38
OL-07983,ORD-13246,CUST-0964,PROD-025,2024-04-30,4,25.5,0,102
OL-07984,ORD-13246,CUST-0964,PROD-003,2024-04-30,3,722.82,0.15,1843.19
OL-07985,ORD-13247,CUST-0964,PROD-006,2025-05-06,3,689.21,0,2067.63
OL-07986,ORD-13247,CUST-0964,PROD-009,2025-05-06,1,89.78,0.15,76.31
OL-07987,ORD-13247,CUST-0964,PROD-004,2025-05-06,2,921.23,0.15,1566.09
OL-07988,ORD-13247,CUST-0964,PROD-031,2025-05-06,4,164.42,0.1,591.91
OL-07989,ORD-13248,CUST-0964,PROD-007,2024-11-15,2,511.33,0.05,971.53
OL-07990,ORD-13248,CUST-0964,PROD-024,2024-11-15,2,38.87,0,77.74
OL-07991,ORD-13249,CUST-0965,PROD-031,2025-01-24,3,164.42,0.15,419.27
OL-07992,ORD-13250,CUST-0966,PROD-017,2024-06-19,3,242.78,0,728.34
OL-07993,ORD-13251,CUST-0966,PROD-001,2024-07-05,4,1226.38,0,4905.52
OL-07994,ORD-13252,CUST-0966,PROD-023,2024-11-23,3,88.43,0,265.29
OL-07995,ORD-13252,CUST-0966,PROD-010,2024-11-23,4,121.48,0,485.92
OL-07996,ORD-13252,CUST-0966,PROD-025,2024-11-23,3,25.5,0,76.5
OL-07997,ORD-13253,CUST-0967,PROD-031,2025-11-05,1,164.42,0.2,131.54
OL-07998,ORD-13254,CUST-0968,PROD-015,2025-03-06,5,295.3,0.05,1402.67
OL-07999,ORD-13254,CUST-0968,PROD-016,2025-03-06,2,189.62,0.1,341.32
OL-08000,ORD-13254,CUST-0968,PROD-018,2025-03-06,4,9.52,0.2,30.46
OL-08001,ORD-13255,CUST-0969,PROD-006,2025-04-23,1,689.21,0.2,551.37
OL-08002,ORD-13256,CUST-0969,PROD-020,2025-05-31,3,37.73,0,113.19
OL-08003,ORD-13256,CUST-0969,PROD-015,2025-05-31,5,295.3,0.1,1328.85
OL-08004,ORD-13257,CUST-0970,PROD-036,2024-08-03,5,97.89,0.1,440.5
OL-08005,ORD-13257,CUST-0970,PROD-027,2024-08-03,5,52.67,0,263.35
OL-08006,ORD-13257,CUST-0970,PROD-005,2024-08-03,4,843.32,0.1,3035.95
OL-08007,ORD-13258,CUST-0970,PROD-009,2025-03-12,1,89.78,0,89.78
OL-08008,ORD-13259,CUST-0970,PROD-032,2025-06-07,2,129.73,0.05,246.49
OL-08009,ORD-13259,CUST-0970,PROD-017,2025-06-07,4,242.78,0,971.12
OL-08010,ORD-13260,CUST-0970,PROD-032,2025-05-08,5,129.73,0.2,518.92
OL-08011,ORD-13260,CUST-0970,PROD-019,2025-05-08,1,21.71,0,21.71
OL-08012,ORD-13261,CUST-0970,PROD-011,2024-12-05,2,103.76,0,207.52
OL-08013,ORD-13262,CUST-0971,PROD-017,2025-09-20,4,242.78,0,971.12
OL-08014,ORD-13262,CUST-0971,PROD-036,2025-09-20,3,97.89,0.05,278.99
OL-08015,ORD-13262,CUST-0971,PROD-003,2025-09-20,2,722.82,0.15,1228.79
OL-08016,ORD-13263,CUST-0971,PROD-034,2025-12-04,5,79.8,0.05,379.05
OL-08017,ORD-13263,CUST-0971,PROD-014,2025-12-04,3,487.6,0.05,1389.66
OL-08018,ORD-13263,CUST-0971,PROD-026,2025-12-04,4,54.35,0.15,184.79
OL-08019,ORD-13264,CUST-0972,PROD-001,2024-11-30,2,1226.38,0.05,2330.12
OL-08020,ORD-13264,CUST-0972,PROD-030,2024-11-30,4,33.74,0.05,128.21
OL-08021,ORD-13264,CUST-0972,PROD-002,2024-11-30,3,505.32,0.05,1440.16
OL-08022,ORD-13265,CUST-0972,PROD-029,2024-12-21,4,32.8,0.15,111.52
OL-08023,ORD-13266,CUST-0972,PROD-036,2025-02-24,1,97.89,0.2,78.31
OL-08024,ORD-13266,CUST-0972,PROD-010,2025-02-24,2,121.48,0.2,194.37
OL-08025,ORD-13267,CUST-0972,PROD-008,2025-12-01,5,342.59,0.05,1627.3
OL-08026,ORD-13267,CUST-0972,PROD-014,2025-12-01,5,487.6,0,2438
OL-08027,ORD-13268,CUST-0972,PROD-029,2025-08-18,3,32.8,0.15,83.64
OL-08028,ORD-13268,CUST-0972,PROD-009,2025-08-18,2,89.78,0.1,161.6
OL-08029,ORD-13268,CUST-0972,PROD-028,2025-08-18,2,65.64,0,131.28
OL-08030,ORD-13269,CUST-0973,PROD-024,2025-10-16,2,38.87,0.15,66.08
OL-08031,ORD-13269,CUST-0973,PROD-028,2025-10-16,1,65.64,0.05,62.36
OL-08032,ORD-13269,CUST-0973,PROD-037,2025-10-16,4,23.39,0.15,79.53
OL-08033,ORD-13270,CUST-0974,PROD-035,2025-09-29,1,75.75,0,75.75
OL-08034,ORD-13270,CUST-0974,PROD-023,2025-09-29,2,88.43,0,176.86
OL-08035,ORD-13270,CUST-0974,PROD-015,2025-09-29,3,295.3,0,885.9
OL-08036,ORD-13271,CUST-0975,PROD-036,2025-11-27,5,97.89,0.15,416.03
OL-08037,ORD-13271,CUST-0975,PROD-006,2025-11-27,3,689.21,0.2,1654.1
OL-08038,ORD-13271,CUST-0975,PROD-008,2025-11-27,4,342.59,0,1370.36
OL-08039,ORD-13272,CUST-0976,PROD-017,2025-07-25,1,242.78,0,242.78
OL-08040,ORD-13272,CUST-0976,PROD-012,2025-07-25,4,109.67,0.15,372.88
OL-08041,ORD-13273,CUST-0976,PROD-036,2025-12-07,3,97.89,0.1,264.3
OL-08042,ORD-13273,CUST-0976,PROD-006,2025-12-07,2,689.21,0.2,1102.74
OL-08043,ORD-13273,CUST-0976,PROD-031,2025-12-07,4,164.42,0,657.68
OL-08044,ORD-13273,CUST-0976,PROD-002,2025-12-07,5,505.32,0,2526.6
OL-08045,ORD-13274,CUST-0977,PROD-022,2024-12-01,3,27.82,0.1,75.11
OL-08046,ORD-13274,CUST-0977,PROD-023,2024-12-01,3,88.43,0,265.29
OL-08047,ORD-13274,CUST-0977,PROD-024,2024-12-01,1,38.87,0.1,34.98
OL-08048,ORD-13274,CUST-0977,PROD-036,2024-12-01,2,97.89,0.05,185.99
OL-08049,ORD-13275,CUST-0977,PROD-007,2025-10-05,4,511.33,0,2045.32
OL-08050,ORD-13275,CUST-0977,PROD-014,2025-10-05,4,487.6,0,1950.4
OL-08051,ORD-13276,CUST-0977,PROD-012,2025-10-07,4,109.67,0.1,394.81
OL-08052,ORD-13276,CUST-0977,PROD-032,2025-10-07,4,129.73,0.05,492.97
OL-08053,ORD-13276,CUST-0977,PROD-026,2025-10-07,4,54.35,0,217.4
OL-08054,ORD-13276,CUST-0977,PROD-030,2025-10-07,5,33.74,0,168.7
OL-08055,ORD-13277,CUST-0977,PROD-005,2025-06-18,4,843.32,0,3373.28
OL-08056,ORD-13277,CUST-0977,PROD-014,2025-06-18,5,487.6,0,2438
OL-08057,ORD-13277,CUST-0977,PROD-020,2025-06-18,5,37.73,0,188.65
OL-08058,ORD-13277,CUST-0977,PROD-006,2025-06-18,2,689.21,0.2,1102.74
OL-08059,ORD-13278,CUST-0978,PROD-036,2024-06-17,5,97.89,0.2,391.56
OL-08060,ORD-13279,CUST-0979,PROD-028,2024-05-01,2,65.64,0,131.28
OL-08061,ORD-13279,CUST-0979,PROD-032,2024-05-01,2,129.73,0.1,233.51
OL-08062,ORD-13280,CUST-0979,PROD-032,2025-03-22,4,129.73,0,518.92
OL-08063,ORD-13281,CUST-0979,PROD-003,2024-11-18,1,722.82,0,722.82
OL-08064,ORD-13282,CUST-0979,PROD-007,2024-06-26,3,511.33,0.1,1380.59
OL-08065,ORD-13282,CUST-0979,PROD-022,2024-06-26,1,27.82,0,27.82
OL-08066,ORD-13283,CUST-0979,PROD-013,2024-10-07,3,134.4,0.05,383.04
OL-08067,ORD-13283,CUST-0979,PROD-027,2024-10-07,5,52.67,0,263.35
OL-08068,ORD-13284,CUST-0980,PROD-017,2025-08-10,5,242.78,0.1,1092.51
OL-08069,ORD-13285,CUST-0980,PROD-001,2025-08-31,5,1226.38,0.05,5825.31
OL-08070,ORD-13286,CUST-0980,PROD-017,2025-10-13,5,242.78,0.1,1092.51
OL-08071,ORD-13286,CUST-0980,PROD-030,2025-10-13,1,33.74,0,33.74
OL-08072,ORD-13286,CUST-0980,PROD-002,2025-10-13,4,505.32,0,2021.28
OL-08073,ORD-13286,CUST-0980,PROD-020,2025-10-13,5,37.73,0.15,160.35
OL-08074,ORD-13287,CUST-0981,PROD-030,2025-09-14,4,33.74,0.05,128.21
OL-08075,ORD-13287,CUST-0981,PROD-037,2025-09-14,2,23.39,0,46.78
OL-08076,ORD-13287,CUST-0981,PROD-025,2025-09-14,5,25.5,0.15,108.38
OL-08077,ORD-13287,CUST-0981,PROD-015,2025-09-14,4,295.3,0,1181.2
OL-08078,ORD-13288,CUST-0981,PROD-013,2025-10-22,2,134.4,0.05,255.36
OL-08079,ORD-13288,CUST-0981,PROD-030,2025-10-22,3,33.74,0,101.22
OL-08080,ORD-13289,CUST-0982,PROD-024,2024-04-03,5,38.87,0.2,155.48
OL-08081,ORD-13290,CUST-0982,PROD-011,2024-11-02,1,103.76,0.15,88.2
OL-08082,ORD-13290,CUST-0982,PROD-018,2024-11-02,3,9.52,0,28.56
OL-08083,ORD-13290,CUST-0982,PROD-024,2024-11-02,4,38.87,0.1,139.93
OL-08084,ORD-13290,CUST-0982,PROD-031,2024-11-02,2,164.42,0,328.84
OL-08085,ORD-13291,CUST-0982,PROD-030,2025-05-16,3,33.74,0.15,86.04
OL-08086,ORD-13291,CUST-0982,PROD-001,2025-05-16,5,1226.38,0,6131.9
OL-08087,ORD-13291,CUST-0982,PROD-008,2025-05-16,4,342.59,0.15,1164.81
OL-08088,ORD-13291,CUST-0982,PROD-022,2025-05-16,4,27.82,0,111.28
OL-08089,ORD-13292,CUST-0982,PROD-027,2025-03-04,5,52.67,0.05,250.18
OL-08090,ORD-13292,CUST-0982,PROD-001,2025-03-04,5,1226.38,0,6131.9
OL-08091,ORD-13293,CUST-0982,PROD-005,2024-11-12,5,843.32,0.05,4005.77
OL-08092,ORD-13293,CUST-0982,PROD-003,2024-11-12,2,722.82,0,1445.64
OL-08093,ORD-13293,CUST-0982,PROD-034,2024-11-12,5,79.8,0.05,379.05
OL-08094,ORD-13293,CUST-0982,PROD-022,2024-11-12,4,27.82,0.2,89.02
OL-08095,ORD-13294,CUST-0982,PROD-014,2025-06-16,3,487.6,0,1462.8
OL-08096,ORD-13294,CUST-0982,PROD-013,2025-06-16,4,134.4,0,537.6
OL-08097,ORD-13294,CUST-0982,PROD-027,2025-06-16,2,52.67,0.05,100.07
OL-08098,ORD-13295,CUST-0982,PROD-032,2024-07-29,4,129.73,0.15,441.08
OL-08099,ORD-13295,CUST-0982,PROD-026,2024-07-29,4,54.35,0.2,173.92
OL-08100,ORD-13296,CUST-0982,PROD-026,2025-05-14,5,54.35,0.05,258.16
OL-08101,ORD-13296,CUST-0982,PROD-017,2025-05-14,4,242.78,0.05,922.56
OL-08102,ORD-13296,CUST-0982,PROD-022,2025-05-14,5,27.82,0,139.1
OL-08103,ORD-13297,CUST-0982,PROD-029,2025-06-11,3,32.8,0.2,78.72
OL-08104,ORD-13297,CUST-0982,PROD-006,2025-06-11,2,689.21,0,1378.42
OL-08105,ORD-13297,CUST-0982,PROD-023,2025-06-11,4,88.43,0,353.72
OL-08106,ORD-13298,CUST-0982,PROD-003,2025-07-04,1,722.82,0.2,578.26
OL-08107,ORD-13298,CUST-0982,PROD-009,2025-07-04,3,89.78,0,269.34
OL-08108,ORD-13298,CUST-0982,PROD-017,2025-07-04,4,242.78,0.05,922.56
OL-08109,ORD-13299,CUST-0982,PROD-036,2024-07-13,3,97.89,0.15,249.62
OL-08110,ORD-13300,CUST-0983,PROD-021,2025-04-24,1,38.34,0,38.34
OL-08111,ORD-13300,CUST-0983,PROD-015,2025-04-24,4,295.3,0.2,944.96
OL-08112,ORD-13300,CUST-0983,PROD-017,2025-04-24,3,242.78,0,728.34
OL-08113,ORD-13300,CUST-0983,PROD-022,2025-04-24,5,27.82,0.2,111.28
OL-08114,ORD-13301,CUST-0984,PROD-031,2024-04-12,5,164.42,0,822.1
OL-08115,ORD-13302,CUST-0985,PROD-035,2024-05-03,2,75.75,0.15,128.78
OL-08116,ORD-13302,CUST-0985,PROD-014,2024-05-03,5,487.6,0,2438
OL-08117,ORD-13303,CUST-0985,PROD-013,2025-09-03,4,134.4,0.1,483.84
OL-08118,ORD-13303,CUST-0985,PROD-012,2025-09-03,4,109.67,0,438.68
OL-08119,ORD-13303,CUST-0985,PROD-008,2025-09-03,5,342.59,0,1712.95
OL-08120,ORD-13303,CUST-0985,PROD-016,2025-09-03,3,189.62,0.2,455.09
OL-08121,ORD-13304,CUST-0985,PROD-031,2025-06-21,2,164.42,0.05,312.4
OL-08122,ORD-13305,CUST-0985,PROD-018,2024-09-02,1,9.52,0,9.52
OL-08123,ORD-13306,CUST-0985,PROD-014,2024-05-18,3,487.6,0,1462.8
OL-08124,ORD-13306,CUST-0985,PROD-012,2024-05-18,1,109.67,0.2,87.74
OL-08125,ORD-13306,CUST-0985,PROD-017,2024-05-18,2,242.78,0.05,461.28
OL-08126,ORD-13306,CUST-0985,PROD-002,2024-05-18,3,505.32,0.1,1364.36
OL-08127,ORD-13307,CUST-0985,PROD-028,2024-09-12,4,65.64,0.05,249.43
OL-08128,ORD-13307,CUST-0985,PROD-014,2024-09-12,3,487.6,0.15,1243.38
OL-08129,ORD-13307,CUST-0985,PROD-013,2024-09-12,4,134.4,0,537.6
OL-08130,ORD-13307,CUST-0985,PROD-019,2024-09-12,4,21.71,0.2,69.47
OL-08131,ORD-13308,CUST-0985,PROD-016,2024-12-25,2,189.62,0.2,303.39
OL-08132,ORD-13309,CUST-0985,PROD-032,2025-07-30,5,129.73,0.1,583.78
OL-08133,ORD-13309,CUST-0985,PROD-013,2025-07-30,4,134.4,0,537.6
OL-08134,ORD-13310,CUST-0985,PROD-010,2024-07-14,3,121.48,0.2,291.55
OL-08135,ORD-13310,CUST-0985,PROD-004,2024-07-14,1,921.23,0,921.23
OL-08136,ORD-13310,CUST-0985,PROD-037,2024-07-14,1,23.39,0,23.39
OL-08137,ORD-13311,CUST-0985,PROD-028,2024-08-17,1,65.64,0.15,55.79
OL-08138,ORD-13311,CUST-0985,PROD-003,2024-08-17,5,722.82,0,3614.1
OL-08139,ORD-13311,CUST-0985,PROD-031,2024-08-17,1,164.42,0.05,156.2
OL-08140,ORD-13311,CUST-0985,PROD-035,2024-08-17,3,75.75,0.1,204.53
OL-08141,ORD-13312,CUST-0986,PROD-031,2025-07-09,2,164.42,0,328.84
OL-08142,ORD-13312,CUST-0986,PROD-037,2025-07-09,1,23.39,0.05,22.22
OL-08143,ORD-13312,CUST-0986,PROD-013,2025-07-09,1,134.4,0,134.4
OL-08144,ORD-13312,CUST-0986,PROD-034,2025-07-09,3,79.8,0,239.4
OL-08145,ORD-13313,CUST-0987,PROD-024,2025-08-15,5,38.87,0,194.35
OL-08146,ORD-13313,CUST-0987,PROD-018,2025-08-15,3,9.52,0,28.56
OL-08147,ORD-13313,CUST-0987,PROD-031,2025-08-15,3,164.42,0.15,419.27
OL-08148,ORD-13313,CUST-0987,PROD-034,2025-08-15,2,79.8,0.05,151.62
OL-08149,ORD-13314,CUST-0987,PROD-030,2025-09-15,4,33.74,0.2,107.97
OL-08150,ORD-13314,CUST-0987,PROD-002,2025-09-15,5,505.32,0.05,2400.27
OL-08151,ORD-13315,CUST-0988,PROD-004,2025-05-12,1,921.23,0,921.23
OL-08152,ORD-13315,CUST-0988,PROD-031,2025-05-12,5,164.42,0,822.1
OL-08153,ORD-13315,CUST-0988,PROD-006,2025-05-12,2,689.21,0.15,1171.66
OL-08154,ORD-13315,CUST-0988,PROD-035,2025-05-12,4,75.75,0,303
OL-08155,ORD-13316,CUST-0989,PROD-009,2025-06-14,2,89.78,0.05,170.58
OL-08156,ORD-13317,CUST-0990,PROD-034,2025-01-12,2,79.8,0,159.6
OL-08157,ORD-13317,CUST-0990,PROD-020,2025-01-12,4,37.73,0.05,143.37
OL-08158,ORD-13317,CUST-0990,PROD-007,2025-01-12,5,511.33,0.05,2428.82
OL-08159,ORD-13318,CUST-0990,PROD-033,2025-01-31,5,70.03,0,350.15
OL-08160,ORD-13318,CUST-0990,PROD-001,2025-01-31,1,1226.38,0.15,1042.42
OL-08161,ORD-13318,CUST-0990,PROD-032,2025-01-31,4,129.73,0.2,415.14
OL-08162,ORD-13319,CUST-0990,PROD-008,2025-12-21,3,342.59,0,1027.77
OL-08163,ORD-13319,CUST-0990,PROD-002,2025-12-21,4,505.32,0,2021.28
OL-08164,ORD-13319,CUST-0990,PROD-028,2025-12-21,4,65.64,0.1,236.3
OL-08165,ORD-13320,CUST-0990,PROD-029,2025-05-11,5,32.8,0,164
OL-08166,ORD-13320,CUST-0990,PROD-034,2025-05-11,1,79.8,0,79.8
OL-08167,ORD-13320,CUST-0990,PROD-018,2025-05-11,3,9.52,0.1,25.7
OL-08168,ORD-13321,CUST-0991,PROD-030,2025-11-29,3,33.74,0.15,86.04
OL-08169,ORD-13321,CUST-0991,PROD-014,2025-11-29,3,487.6,0.15,1243.38
OL-08170,ORD-13321,CUST-0991,PROD-028,2025-11-29,1,65.64,0.2,52.51
OL-08171,ORD-13322,CUST-0992,PROD-009,2024-10-03,5,89.78,0,448.9
OL-08172,ORD-13322,CUST-0992,PROD-031,2024-10-03,5,164.42,0,822.1
OL-08173,ORD-13322,CUST-0992,PROD-012,2024-10-03,2,109.67,0,219.34
OL-08174,ORD-13323,CUST-0993,PROD-025,2025-05-07,2,25.5,0.15,43.35
OL-08175,ORD-13323,CUST-0993,PROD-017,2025-05-07,1,242.78,0.05,230.64
OL-08176,ORD-13324,CUST-0994,PROD-033,2025-10-20,3,70.03,0,210.09
OL-08177,ORD-13324,CUST-0994,PROD-018,2025-10-20,5,9.52,0.1,42.84
OL-08178,ORD-13324,CUST-0994,PROD-017,2025-10-20,5,242.78,0,1213.9
OL-08179,ORD-13325,CUST-0995,PROD-002,2024-09-22,2,505.32,0.15,859.04
OL-08180,ORD-13325,CUST-0995,PROD-013,2024-09-22,1,134.4,0.05,127.68
OL-08181,ORD-13326,CUST-0995,PROD-028,2025-08-23,2,65.64,0.05,124.72
OL-08182,ORD-13326,CUST-0995,PROD-001,2025-08-23,5,1226.38,0.1,5518.71
OL-08183,ORD-13326,CUST-0995,PROD-022,2025-08-23,1,27.82,0,27.82
OL-08184,ORD-13327,CUST-0995,PROD-011,2025-10-22,2,103.76,0.1,186.77
OL-08185,ORD-13327,CUST-0995,PROD-014,2025-10-22,5,487.6,0.15,2072.3
OL-08186,ORD-13327,CUST-0995,PROD-003,2025-10-22,5,722.82,0.05,3433.39
OL-08187,ORD-13328,CUST-0996,PROD-015,2025-07-02,5,295.3,0.2,1181.2
OL-08188,ORD-13328,CUST-0996,PROD-002,2025-07-02,2,505.32,0,1010.64
OL-08189,ORD-13329,CUST-0997,PROD-023,2024-03-02,1,88.43,0.05,84.01
OL-08190,ORD-13329,CUST-0997,PROD-017,2024-03-02,5,242.78,0.15,1031.82
OL-08191,ORD-13329,CUST-0997,PROD-001,2024-03-02,5,1226.38,0,6131.9
OL-08192,ORD-13329,CUST-0997,PROD-016,2024-03-02,3,189.62,0,568.86
OL-08193,ORD-13330,CUST-0997,PROD-012,2025-05-03,4,109.67,0,438.68
OL-08194,ORD-13331,CUST-0997,PROD-002,2025-07-03,2,505.32,0.2,808.51
OL-08195,ORD-13331,CUST-0997,PROD-008,2025-07-03,5,342.59,0,1712.95
OL-08196,ORD-13332,CUST-0997,PROD-036,2024-07-05,3,97.89,0,293.67
OL-08197,ORD-13333,CUST-0997,PROD-009,2024-03-28,5,89.78,0,448.9
OL-08198,ORD-13333,CUST-0997,PROD-013,2024-03-28,1,134.4,0.2,107.52
OL-08199,ORD-13333,CUST-0997,PROD-006,2024-03-28,4,689.21,0.1,2481.16
OL-08200,ORD-13334,CUST-0997,PROD-020,2024-05-20,5,37.73,0.2,150.92
OL-08201,ORD-13335,CUST-0997,PROD-037,2024-05-19,2,23.39,0,46.78
OL-08202,ORD-13336,CUST-0997,PROD-020,2025-06-25,4,37.73,0,150.92
OL-08203,ORD-13336,CUST-0997,PROD-034,2025-06-25,5,79.8,0,399
OL-08204,ORD-13336,CUST-0997,PROD-019,2025-06-25,4,21.71,0.2,69.47
OL-08205,ORD-13337,CUST-0997,PROD-029,2025-05-13,3,32.8,0.2,78.72
OL-08206,ORD-13337,CUST-0997,PROD-014,2025-05-13,3,487.6,0.15,1243.38
OL-08207,ORD-13337,CUST-0997,PROD-034,2025-05-13,3,79.8,0,239.4
OL-08208,ORD-13337,CUST-0997,PROD-010,2025-05-13,5,121.48,0.2,485.92
OL-08209,ORD-13338,CUST-0997,PROD-006,2024-05-09,4,689.21,0,2756.84
OL-08210,ORD-13338,CUST-0997,PROD-035,2024-05-09,2,75.75,0.2,121.2
OL-08211,ORD-13338,CUST-0997,PROD-011,2024-05-09,5,103.76,0.2,415.04
OL-08212,ORD-13339,CUST-0997,PROD-018,2024-05-26,5,9.52,0,47.6
OL-08213,ORD-13339,CUST-0997,PROD-009,2024-05-26,2,89.78,0.2,143.65
OL-08214,ORD-13339,CUST-0997,PROD-023,2024-05-26,3,88.43,0,265.29
OL-08215,ORD-13339,CUST-0997,PROD-007,2024-05-26,4,511.33,0.15,1738.52
OL-08216,ORD-13340,CUST-0997,PROD-022,2024-10-17,3,27.82,0.1,75.11
OL-08217,ORD-13341,CUST-0997,PROD-004,2024-04-07,1,921.23,0.1,829.11
OL-08218,ORD-13341,CUST-0997,PROD-033,2024-04-07,4,70.03,0.15,238.1
OL-08219,ORD-13342,CUST-0997,PROD-020,2025-03-24,4,37.73,0.05,143.37
OL-08220,ORD-13342,CUST-0997,PROD-017,2025-03-24,1,242.78,0.15,206.36
OL-08221,ORD-13342,CUST-0997,PROD-033,2025-03-24,3,70.03,0,210.09
OL-08222,ORD-13343,CUST-0997,PROD-033,2025-05-13,5,70.03,0.15,297.63
OL-08223,ORD-13343,CUST-0997,PROD-036,2025-05-13,1,97.89,0.15,83.21
OL-08224,ORD-13343,CUST-0997,PROD-019,2025-05-13,3,21.71,0.15,55.36
OL-08225,ORD-13344,CUST-0997,PROD-017,2024-04-01,4,242.78,0.15,825.45
OL-08226,ORD-13344,CUST-0997,PROD-019,2024-04-01,3,21.71,0,65.13
OL-08227,ORD-13345,CUST-0997,PROD-002,2024-07-16,5,505.32,0,2526.6
OL-08228,ORD-13345,CUST-0997,PROD-029,2024-07-16,3,32.8,0.2,78.72
OL-08229,ORD-13345,CUST-0997,PROD-027,2024-07-16,3,52.67,0.1,142.21
OL-08230,ORD-13346,CUST-0997,PROD-024,2025-03-09,5,38.87,0.1,174.91
OL-08231,ORD-13346,CUST-0997,PROD-022,2025-03-09,1,27.82,0.2,22.26
OL-08232,ORD-13347,CUST-0997,PROD-010,2024-04-17,4,121.48,0.2,388.74
OL-08233,ORD-13347,CUST-0997,PROD-029,2024-04-17,3,32.8,0,98.4
OL-08234,ORD-13348,CUST-0998,PROD-032,2025-09-17,2,129.73,0,259.46
OL-08235,ORD-13348,CUST-0998,PROD-018,2025-09-17,3,9.52,0.15,24.28
OL-08236,ORD-13348,CUST-0998,PROD-024,2025-09-17,1,38.87,0,38.87
OL-08237,ORD-13348,CUST-0998,PROD-037,2025-09-17,2,23.39,0.1,42.1
OL-08238,ORD-13349,CUST-0999,PROD-019,2025-03-14,4,21.71,0.1,78.16
OL-08239,ORD-13349,CUST-0999,PROD-016,2025-03-14,4,189.62,0.1,682.63
OL-08240,ORD-13350,CUST-0999,PROD-032,2025-04-17,1,129.73,0.15,110.27
OL-08241,ORD-13351,CUST-0999,PROD-024,2025-08-21,3,38.87,0.1,104.95
OL-08242,ORD-13351,CUST-0999,PROD-019,2025-08-21,4,21.71,0.05,82.5
OL-08243,ORD-13351,CUST-0999,PROD-036,2025-08-21,3,97.89,0.15,249.62
OL-08244,ORD-13352,CUST-1000,PROD-028,2025-07-06,4,65.64,0,262.56
OL-08245,ORD-13353,CUST-1000,PROD-027,2025-10-30,2,52.67,0,105.34
OL-08246,ORD-13353,CUST-1000,PROD-032,2025-10-30,3,129.73,0.1,350.27
OL-08247,ORD-13353,CUST-1000,PROD-008,2025-10-30,2,342.59,0,685.18
OL-08248,ORD-13354,CUST-1001,PROD-029,2024-04-09,4,32.8,0,131.2
OL-08249,ORD-13354,CUST-1001,PROD-028,2024-04-09,5,65.64,0.15,278.97
OL-08250,ORD-13355,CUST-1002,PROD-025,2024-04-18,3,25.5,0,76.5
OL-08251,ORD-13356,CUST-1002,PROD-010,2025-06-07,2,121.48,0.15,206.52
OL-08252,ORD-13356,CUST-1002,PROD-032,2025-06-07,4,129.73,0.05,492.97
OL-08253,ORD-13357,CUST-1002,PROD-005,2024-11-03,3,843.32,0,2529.96
OL-08254,ORD-13357,CUST-1002,PROD-019,2024-11-03,2,21.71,0,43.42
OL-08255,ORD-13358,CUST-1002,PROD-004,2024-06-24,3,921.23,0.1,2487.32
OL-08256,ORD-13358,CUST-1002,PROD-022,2024-06-24,2,27.82,0.2,44.51
OL-08257,ORD-13358,CUST-1002,PROD-019,2024-06-24,3,21.71,0,65.13
OL-08258,ORD-13358,CUST-1002,PROD-024,2024-06-24,3,38.87,0.1,104.95
OL-08259,ORD-13359,CUST-1002,PROD-028,2024-10-22,4,65.64,0.1,236.3
OL-08260,ORD-13359,CUST-1002,PROD-012,2024-10-22,2,109.67,0,219.34
OL-08261,ORD-13359,CUST-1002,PROD-008,2024-10-22,3,342.59,0.2,822.22
OL-08262,ORD-13360,CUST-1002,PROD-027,2025-08-21,5,52.67,0,263.35
OL-08263,ORD-13360,CUST-1002,PROD-033,2025-08-21,1,70.03,0,70.03
OL-08264,ORD-13360,CUST-1002,PROD-004,2025-08-21,5,921.23,0,4606.15
OL-08265,ORD-13360,CUST-1002,PROD-036,2025-08-21,1,97.89,0.1,88.1
OL-08266,ORD-13361,CUST-1003,PROD-019,2024-05-30,2,21.71,0,43.42
OL-08267,ORD-13362,CUST-1003,PROD-024,2025-02-11,3,38.87,0.15,99.12
OL-08268,ORD-13363,CUST-1003,PROD-011,2025-02-10,5,103.76,0,518.8
OL-08269,ORD-13363,CUST-1003,PROD-006,2025-02-10,2,689.21,0.05,1309.5
OL-08270,ORD-13363,CUST-1003,PROD-030,2025-02-10,5,33.74,0.05,160.27
OL-08271,ORD-13364,CUST-1003,PROD-016,2025-09-11,1,189.62,0.15,161.18
OL-08272,ORD-13365,CUST-1003,PROD-003,2025-05-28,5,722.82,0,3614.1
OL-08273,ORD-13365,CUST-1003,PROD-034,2025-05-28,1,79.8,0,79.8
OL-08274,ORD-13365,CUST-1003,PROD-037,2025-05-28,1,23.39,0,23.39
OL-08275,ORD-13365,CUST-1003,PROD-033,2025-05-28,3,70.03,0.2,168.07
OL-08276,ORD-13366,CUST-1003,PROD-006,2025-07-09,3,689.21,0.2,1654.1
OL-08277,ORD-13366,CUST-1003,PROD-007,2025-07-09,2,511.33,0,1022.66
OL-08278,ORD-13367,CUST-1003,PROD-026,2024-07-06,1,54.35,0,54.35
OL-08279,ORD-13367,CUST-1003,PROD-019,2024-07-06,5,21.71,0.15,92.27
OL-08280,ORD-13368,CUST-1003,PROD-014,2024-09-19,4,487.6,0,1950.4
OL-08281,ORD-13368,CUST-1003,PROD-037,2024-09-19,4,23.39,0.1,84.2
OL-08282,ORD-13369,CUST-1003,PROD-001,2024-07-05,5,1226.38,0.1,5518.71
OL-08283,ORD-13369,CUST-1003,PROD-016,2024-07-05,4,189.62,0.1,682.63
OL-08284,ORD-13370,CUST-1003,PROD-036,2024-09-08,5,97.89,0.1,440.5
OL-08285,ORD-13371,CUST-1003,PROD-019,2024-09-30,1,21.71,0.2,17.37
OL-08286,ORD-13371,CUST-1003,PROD-029,2024-09-30,4,32.8,0.2,104.96
OL-08287,ORD-13371,CUST-1003,PROD-034,2024-09-30,4,79.8,0.05,303.24
OL-08288,ORD-13372,CUST-1003,PROD-018,2025-01-06,1,9.52,0.1,8.57
OL-08289,ORD-13372,CUST-1003,PROD-009,2025-01-06,2,89.78,0,179.56
OL-08290,ORD-13373,CUST-1003,PROD-012,2025-03-03,3,109.67,0,329.01
OL-08291,ORD-13374,CUST-1003,PROD-028,2025-06-29,2,65.64,0.15,111.59
OL-08292,ORD-13374,CUST-1003,PROD-019,2025-06-29,4,21.71,0,86.84
OL-08293,ORD-13374,CUST-1003,PROD-031,2025-06-29,3,164.42,0.2,394.61
OL-08294,ORD-13374,CUST-1003,PROD-018,2025-06-29,1,9.52,0,9.52
OL-08295,ORD-13375,CUST-1003,PROD-011,2025-02-06,5,103.76,0.2,415.04
OL-08296,ORD-13375,CUST-1003,PROD-032,2025-02-06,4,129.73,0.05,492.97
OL-08297,ORD-13376,CUST-1003,PROD-021,2024-10-14,4,38.34,0.05,145.69
OL-08298,ORD-13376,CUST-1003,PROD-034,2024-10-14,3,79.8,0,239.4
OL-08299,ORD-13376,CUST-1003,PROD-006,2024-10-14,5,689.21,0.1,3101.45
OL-08300,ORD-13376,CUST-1003,PROD-036,2024-10-14,2,97.89,0,195.78
OL-08301,ORD-13377,CUST-1004,PROD-006,2025-11-03,5,689.21,0,3446.05
OL-08302,ORD-13377,CUST-1004,PROD-020,2025-11-03,5,37.73,0.1,169.78
OL-08303,ORD-13377,CUST-1004,PROD-017,2025-11-03,3,242.78,0,728.34
OL-08304,ORD-13377,CUST-1004,PROD-025,2025-11-03,1,25.5,0.2,20.4
OL-08305,ORD-13378,CUST-1005,PROD-026,2025-07-28,5,54.35,0,271.75
OL-08306,ORD-13378,CUST-1005,PROD-020,2025-07-28,1,37.73,0,37.73
OL-08307,ORD-13378,CUST-1005,PROD-010,2025-07-28,4,121.48,0.2,388.74
OL-08308,ORD-13378,CUST-1005,PROD-013,2025-07-28,5,134.4,0.2,537.6
OL-08309,ORD-13379,CUST-1005,PROD-018,2025-08-17,1,9.52,0,9.52
OL-08310,ORD-13379,CUST-1005,PROD-025,2025-08-17,5,25.5,0,127.5
OL-08311,ORD-13379,CUST-1005,PROD-027,2025-08-17,2,52.67,0.1,94.81
OL-08312,ORD-13379,CUST-1005,PROD-034,2025-08-17,2,79.8,0,159.6
OL-08313,ORD-13380,CUST-1006,PROD-018,2024-07-25,5,9.52,0.05,45.22
OL-08314,ORD-13380,CUST-1006,PROD-025,2024-07-25,2,25.5,0,51
OL-08315,ORD-13381,CUST-1006,PROD-015,2025-11-14,4,295.3,0,1181.2
OL-08316,ORD-13382,CUST-1006,PROD-036,2024-12-04,1,97.89,0,97.89
OL-08317,ORD-13382,CUST-1006,PROD-018,2024-12-04,5,9.52,0.05,45.22
OL-08318,ORD-13382,CUST-1006,PROD-004,2024-12-04,4,921.23,0,3684.92
OL-08319,ORD-13382,CUST-1006,PROD-025,2024-12-04,5,25.5,0,127.5
OL-08320,ORD-13383,CUST-1006,PROD-004,2025-04-19,3,921.23,0,2763.69
OL-08321,ORD-13383,CUST-1006,PROD-017,2025-04-19,5,242.78,0.05,1153.2
OL-08322,ORD-13384,CUST-1006,PROD-029,2025-07-26,4,32.8,0.1,118.08
OL-08323,ORD-13384,CUST-1006,PROD-026,2025-07-26,4,54.35,0.1,195.66
OL-08324,ORD-13384,CUST-1006,PROD-024,2025-07-26,1,38.87,0,38.87
OL-08325,ORD-13385,CUST-1006,PROD-022,2025-11-05,4,27.82,0.15,94.59
OL-08326,ORD-13385,CUST-1006,PROD-005,2025-11-05,4,843.32,0.15,2867.29
OL-08327,ORD-13385,CUST-1006,PROD-009,2025-11-05,4,89.78,0,359.12
OL-08328,ORD-13386,CUST-1006,PROD-017,2025-07-02,2,242.78,0,485.56
OL-08329,ORD-13386,CUST-1006,PROD-014,2025-07-02,4,487.6,0,1950.4
OL-08330,ORD-13386,CUST-1006,PROD-027,2025-07-02,3,52.67,0.05,150.11
OL-08331,ORD-13387,CUST-1006,PROD-028,2024-10-02,3,65.64,0.2,157.54
OL-08332,ORD-13387,CUST-1006,PROD-023,2024-10-02,3,88.43,0,265.29
OL-08333,ORD-13387,CUST-1006,PROD-013,2024-10-02,1,134.4,0,134.4
OL-08334,ORD-13388,CUST-1007,PROD-006,2024-04-21,4,689.21,0.05,2619
OL-08335,ORD-13388,CUST-1007,PROD-033,2024-04-21,3,70.03,0.05,199.59
OL-08336,ORD-13389,CUST-1007,PROD-024,2025-05-07,2,38.87,0,77.74
OL-08337,ORD-13390,CUST-1007,PROD-006,2024-09-10,3,689.21,0.15,1757.49
OL-08338,ORD-13390,CUST-1007,PROD-037,2024-09-10,1,23.39,0.2,18.71
OL-08339,ORD-13390,CUST-1007,PROD-034,2024-09-10,3,79.8,0.05,227.43
OL-08340,ORD-13391,CUST-1007,PROD-016,2024-11-13,2,189.62,0,379.24
OL-08341,ORD-13392,CUST-1007,PROD-004,2025-07-30,3,921.23,0,2763.69
OL-08342,ORD-13392,CUST-1007,PROD-035,2025-07-30,2,75.75,0.2,121.2
OL-08343,ORD-13392,CUST-1007,PROD-006,2025-07-30,2,689.21,0.15,1171.66
OL-08344,ORD-13393,CUST-1007,PROD-028,2025-02-18,4,65.64,0.15,223.18
OL-08345,ORD-13393,CUST-1007,PROD-027,2025-02-18,5,52.67,0.15,223.85
OL-08346,ORD-13393,CUST-1007,PROD-014,2025-02-18,1,487.6,0.2,390.08
OL-08347,ORD-13393,CUST-1007,PROD-012,2025-02-18,3,109.67,0,329.01
OL-08348,ORD-13394,CUST-1007,PROD-036,2024-08-20,1,97.89,0.05,93
OL-08349,ORD-13394,CUST-1007,PROD-007,2024-08-20,1,511.33,0.15,434.63
OL-08350,ORD-13395,CUST-1007,PROD-032,2025-06-19,1,129.73,0,129.73
OL-08351,ORD-13396,CUST-1007,PROD-009,2024-11-08,5,89.78,0,448.9
OL-08352,ORD-13396,CUST-1007,PROD-006,2024-11-08,3,689.21,0.05,1964.25
OL-08353,ORD-13397,CUST-1008,PROD-027,2025-02-06,3,52.67,0.2,126.41
OL-08354,ORD-13397,CUST-1008,PROD-024,2025-02-06,2,38.87,0.05,73.85
OL-08355,ORD-13397,CUST-1008,PROD-002,2025-02-06,1,505.32,0.15,429.52
OL-08356,ORD-13398,CUST-1008,PROD-028,2025-05-24,3,65.64,0,196.92
OL-08357,ORD-13398,CUST-1008,PROD-007,2025-05-24,3,511.33,0.1,1380.59
OL-08358,ORD-13398,CUST-1008,PROD-008,2025-05-24,2,342.59,0,685.18
OL-08359,ORD-13399,CUST-1008,PROD-031,2025-07-30,4,164.42,0.15,559.03
OL-08360,ORD-13400,CUST-1009,PROD-008,2024-11-12,4,342.59,0,1370.36
OL-08361,ORD-13400,CUST-1009,PROD-015,2024-11-12,1,295.3,0.1,265.77
OL-08362,ORD-13400,CUST-1009,PROD-003,2024-11-12,2,722.82,0,1445.64
OL-08363,ORD-13401,CUST-1009,PROD-036,2025-01-21,2,97.89,0.2,156.62
OL-08364,ORD-13401,CUST-1009,PROD-030,2025-01-21,4,33.74,0,134.96
OL-08365,ORD-13401,CUST-1009,PROD-019,2025-01-21,3,21.71,0.05,61.87
OL-08366,ORD-13401,CUST-1009,PROD-022,2025-01-21,2,27.82,0.2,44.51
OL-08367,ORD-13402,CUST-1010,PROD-019,2024-05-23,2,21.71,0,43.42
OL-08368,ORD-13403,CUST-1010,PROD-029,2025-04-15,2,32.8,0.2,52.48
OL-08369,ORD-13403,CUST-1010,PROD-019,2025-04-15,1,21.71,0,21.71
OL-08370,ORD-13404,CUST-1010,PROD-027,2025-01-04,2,52.67,0,105.34
OL-08371,ORD-13404,CUST-1010,PROD-023,2025-01-04,2,88.43,0.05,168.02
OL-08372,ORD-13404,CUST-1010,PROD-026,2025-01-04,1,54.35,0.05,51.63
OL-08373,ORD-13404,CUST-1010,PROD-003,2025-01-04,3,722.82,0,2168.46
OL-08374,ORD-13405,CUST-1010,PROD-027,2025-02-23,2,52.67,0,105.34
OL-08375,ORD-13406,CUST-1010,PROD-022,2025-01-25,4,27.82,0,111.28
OL-08376,ORD-13406,CUST-1010,PROD-010,2025-01-25,1,121.48,0.15,103.26
OL-08377,ORD-13406,CUST-1010,PROD-027,2025-01-25,2,52.67,0.05,100.07
OL-08378,ORD-13407,CUST-1011,PROD-004,2025-12-09,1,921.23,0,921.23
OL-08379,ORD-13407,CUST-1011,PROD-010,2025-12-09,1,121.48,0,121.48
OL-08380,ORD-13407,CUST-1011,PROD-030,2025-12-09,4,33.74,0.1,121.46
OL-08381,ORD-13407,CUST-1011,PROD-021,2025-12-09,4,38.34,0,153.36
OL-08382,ORD-13408,CUST-1012,PROD-021,2025-07-28,4,38.34,0,153.36
OL-08383,ORD-13409,CUST-1013,PROD-006,2024-12-02,1,689.21,0.2,551.37
OL-08384,ORD-13409,CUST-1013,PROD-034,2024-12-02,4,79.8,0.05,303.24
OL-08385,ORD-13410,CUST-1014,PROD-012,2025-02-05,3,109.67,0.2,263.21
OL-08386,ORD-13410,CUST-1014,PROD-016,2025-02-05,2,189.62,0.1,341.32
OL-08387,ORD-13411,CUST-1015,PROD-015,2024-12-30,3,295.3,0,885.9
OL-08388,ORD-13411,CUST-1015,PROD-002,2024-12-30,5,505.32,0,2526.6
OL-08389,ORD-13412,CUST-1016,PROD-006,2025-05-04,4,689.21,0.2,2205.47
OL-08390,ORD-13412,CUST-1016,PROD-027,2025-05-04,1,52.67,0.05,50.04
OL-08391,ORD-13412,CUST-1016,PROD-022,2025-05-04,5,27.82,0,139.1
OL-08392,ORD-13413,CUST-1016,PROD-007,2025-08-23,2,511.33,0,1022.66
OL-08393,ORD-13413,CUST-1016,PROD-034,2025-08-23,2,79.8,0,159.6
OL-08394,ORD-13414,CUST-1016,PROD-017,2025-08-17,3,242.78,0.15,619.09
OL-08395,ORD-13414,CUST-1016,PROD-027,2025-08-17,1,52.67,0.1,47.4
OL-08396,ORD-13414,CUST-1016,PROD-034,2025-08-17,1,79.8,0,79.8
OL-08397,ORD-13414,CUST-1016,PROD-022,2025-08-17,1,27.82,0,27.82
OL-08398,ORD-13415,CUST-1016,PROD-021,2025-06-23,3,38.34,0.1,103.52
OL-08399,ORD-13416,CUST-1017,PROD-007,2024-03-31,2,511.33,0,1022.66
OL-08400,ORD-13416,CUST-1017,PROD-004,2024-03-31,4,921.23,0.2,2947.94
OL-08401,ORD-13416,CUST-1017,PROD-015,2024-03-31,3,295.3,0.15,753.02
OL-08402,ORD-13417,CUST-1018,PROD-027,2024-11-06,2,52.67,0,105.34
OL-08403,ORD-13417,CUST-1018,PROD-013,2024-11-06,3,134.4,0.05,383.04
OL-08404,ORD-13418,CUST-1018,PROD-020,2025-11-18,1,37.73,0,37.73
OL-08405,ORD-13418,CUST-1018,PROD-013,2025-11-18,5,134.4,0.2,537.6
OL-08406,ORD-13418,CUST-1018,PROD-030,2025-11-18,5,33.74,0,168.7
OL-08407,ORD-13419,CUST-1018,PROD-017,2025-01-21,2,242.78,0,485.56
OL-08408,ORD-13419,CUST-1018,PROD-015,2025-01-21,4,295.3,0,1181.2
OL-08409,ORD-13419,CUST-1018,PROD-029,2025-01-21,3,32.8,0.05,93.48
OL-08410,ORD-13419,CUST-1018,PROD-003,2025-01-21,1,722.82,0,722.82
OL-08411,ORD-13420,CUST-1019,PROD-011,2025-05-09,2,103.76,0.15,176.39
OL-08412,ORD-13420,CUST-1019,PROD-036,2025-05-09,5,97.89,0.15,416.03
OL-08413,ORD-13420,CUST-1019,PROD-015,2025-05-09,4,295.3,0,1181.2
OL-08414,ORD-13421,CUST-1020,PROD-025,2025-08-24,4,25.5,0.05,96.9
OL-08415,ORD-13421,CUST-1020,PROD-034,2025-08-24,5,79.8,0.05,379.05
OL-08416,ORD-13421,CUST-1020,PROD-007,2025-08-24,3,511.33,0,1533.99
OL-08417,ORD-13422,CUST-1021,PROD-032,2024-06-16,2,129.73,0.15,220.54
OL-08418,ORD-13423,CUST-1021,PROD-002,2025-08-01,1,505.32,0.15,429.52
OL-08419,ORD-13423,CUST-1021,PROD-005,2025-08-01,3,843.32,0.15,2150.47
OL-08420,ORD-13424,CUST-1021,PROD-025,2025-01-02,5,25.5,0.2,102
OL-08421,ORD-13425,CUST-1021,PROD-016,2025-04-07,4,189.62,0.1,682.63
OL-08422,ORD-13425,CUST-1021,PROD-005,2025-04-07,2,843.32,0.05,1602.31
OL-08423,ORD-13426,CUST-1021,PROD-002,2024-11-25,1,505.32,0.05,480.05
OL-08424,ORD-13426,CUST-1021,PROD-034,2024-11-25,3,79.8,0.15,203.49
OL-08425,ORD-13426,CUST-1021,PROD-017,2024-11-25,3,242.78,0.2,582.67
OL-08426,ORD-13426,CUST-1021,PROD-020,2024-11-25,3,37.73,0.2,90.55
OL-08427,ORD-13427,CUST-1021,PROD-037,2024-09-15,4,23.39,0,93.56
OL-08428,ORD-13427,CUST-1021,PROD-013,2024-09-15,4,134.4,0.2,430.08
OL-08429,ORD-13427,CUST-1021,PROD-024,2024-09-15,4,38.87,0.2,124.38
OL-08430,ORD-13428,CUST-1021,PROD-037,2025-01-05,3,23.39,0.05,66.66
OL-08431,ORD-13429,CUST-1021,PROD-031,2024-10-01,5,164.42,0.15,698.78
OL-08432,ORD-13430,CUST-1021,PROD-010,2024-12-12,5,121.48,0.15,516.29
OL-08433,ORD-13430,CUST-1021,PROD-012,2024-12-12,2,109.67,0.05,208.37
OL-08434,ORD-13430,CUST-1021,PROD-029,2024-12-12,1,32.8,0.2,26.24
OL-08435,ORD-13430,CUST-1021,PROD-008,2024-12-12,2,342.59,0.2,548.14
OL-08436,ORD-13431,CUST-1022,PROD-005,2024-08-03,5,843.32,0.2,3373.28
OL-08437,ORD-13431,CUST-1022,PROD-008,2024-08-03,1,342.59,0.15,291.2
OL-08438,ORD-13431,CUST-1022,PROD-036,2024-08-03,1,97.89,0,97.89
OL-08439,ORD-13431,CUST-1022,PROD-028,2024-08-03,5,65.64,0.2,262.56
OL-08440,ORD-13432,CUST-1022,PROD-001,2024-12-08,1,1226.38,0.2,981.1
OL-08441,ORD-13432,CUST-1022,PROD-005,2024-12-08,5,843.32,0,4216.6
OL-08442,ORD-13432,CUST-1022,PROD-018,2024-12-08,4,9.52,0,38.08
OL-08443,ORD-13432,CUST-1022,PROD-037,2024-12-08,1,23.39,0.2,18.71
OL-08444,ORD-13433,CUST-1023,PROD-032,2025-05-04,2,129.73,0.1,233.51
OL-08445,ORD-13433,CUST-1023,PROD-026,2025-05-04,1,54.35,0,54.35
OL-08446,ORD-13434,CUST-1024,PROD-030,2025-12-31,3,33.74,0.15,86.04
OL-08447,ORD-13434,CUST-1024,PROD-032,2025-12-31,5,129.73,0.05,616.22
OL-08448,ORD-13434,CUST-1024,PROD-004,2025-12-31,2,921.23,0.15,1566.09
OL-08449,ORD-13434,CUST-1024,PROD-006,2025-12-31,4,689.21,0.1,2481.16
OL-08450,ORD-13435,CUST-1025,PROD-007,2025-12-22,5,511.33,0,2556.65
OL-08451,ORD-13436,CUST-1026,PROD-020,2024-05-23,4,37.73,0,150.92
OL-08452,ORD-13436,CUST-1026,PROD-028,2024-05-23,3,65.64,0.1,177.23
OL-08453,ORD-13436,CUST-1026,PROD-002,2024-05-23,3,505.32,0.05,1440.16
OL-08454,ORD-13436,CUST-1026,PROD-032,2024-05-23,5,129.73,0.15,551.35
OL-08455,ORD-13437,CUST-1026,PROD-010,2024-08-03,3,121.48,0.2,291.55
OL-08456,ORD-13437,CUST-1026,PROD-003,2024-08-03,1,722.82,0,722.82
OL-08457,ORD-13438,CUST-1026,PROD-016,2024-12-12,5,189.62,0.2,758.48
OL-08458,ORD-13438,CUST-1026,PROD-037,2024-12-12,5,23.39,0,116.95
OL-08459,ORD-13438,CUST-1026,PROD-030,2024-12-12,3,33.74,0,101.22
OL-08460,ORD-13438,CUST-1026,PROD-019,2024-12-12,1,21.71,0.05,20.62
OL-08461,ORD-13439,CUST-1026,PROD-028,2024-12-06,4,65.64,0.15,223.18
OL-08462,ORD-13440,CUST-1026,PROD-031,2024-10-21,1,164.42,0.1,147.98
OL-08463,ORD-13440,CUST-1026,PROD-013,2024-10-21,2,134.4,0.15,228.48
OL-08464,ORD-13440,CUST-1026,PROD-024,2024-10-21,1,38.87,0.05,36.93
OL-08465,ORD-13440,CUST-1026,PROD-035,2024-10-21,4,75.75,0,303
OL-08466,ORD-13441,CUST-1027,PROD-019,2024-08-11,3,21.71,0.2,52.1
OL-08467,ORD-13441,CUST-1027,PROD-032,2024-08-11,5,129.73,0.1,583.78
OL-08468,ORD-13441,CUST-1027,PROD-029,2024-08-11,3,32.8,0.15,83.64
OL-08469,ORD-13441,CUST-1027,PROD-016,2024-08-11,5,189.62,0,948.1
OL-08470,ORD-13442,CUST-1027,PROD-024,2024-12-14,5,38.87,0.1,174.91
OL-08471,ORD-13442,CUST-1027,PROD-025,2024-12-14,5,25.5,0.05,121.12
OL-08472,ORD-13443,CUST-1027,PROD-012,2025-09-14,3,109.67,0,329.01
OL-08473,ORD-13444,CUST-1027,PROD-006,2025-09-25,5,689.21,0,3446.05
OL-08474,ORD-13445,CUST-1027,PROD-017,2024-09-26,2,242.78,0.05,461.28
OL-08475,ORD-13445,CUST-1027,PROD-028,2024-09-26,4,65.64,0,262.56
OL-08476,ORD-13445,CUST-1027,PROD-037,2024-09-26,5,23.39,0,116.95
OL-08477,ORD-13445,CUST-1027,PROD-008,2024-09-26,5,342.59,0.05,1627.3
OL-08478,ORD-13446,CUST-1027,PROD-014,2025-06-21,2,487.6,0.15,828.92
OL-08479,ORD-13446,CUST-1027,PROD-024,2025-06-21,1,38.87,0,38.87
OL-08480,ORD-13447,CUST-1027,PROD-016,2025-07-13,5,189.62,0.05,900.69
OL-08481,ORD-13448,CUST-1027,PROD-003,2025-06-07,4,722.82,0.1,2602.15
OL-08482,ORD-13448,CUST-1027,PROD-021,2025-06-07,2,38.34,0.1,69.01
OL-08483,ORD-13449,CUST-1027,PROD-024,2025-10-08,3,38.87,0,116.61
OL-08484,ORD-13449,CUST-1027,PROD-015,2025-10-08,4,295.3,0.15,1004.02
OL-08485,ORD-13449,CUST-1027,PROD-016,2025-10-08,2,189.62,0,379.24
OL-08486,ORD-13449,CUST-1027,PROD-022,2025-10-08,2,27.82,0.1,50.08
OL-08487,ORD-13450,CUST-1027,PROD-036,2025-08-06,4,97.89,0.1,352.4
OL-08488,ORD-13450,CUST-1027,PROD-032,2025-08-06,1,129.73,0,129.73
OL-08489,ORD-13450,CUST-1027,PROD-017,2025-08-06,2,242.78,0.1,437
OL-08490,ORD-13451,CUST-1027,PROD-013,2024-11-14,4,134.4,0,537.6
OL-08491,ORD-13451,CUST-1027,PROD-019,2024-11-14,5,21.71,0,108.55
OL-08492,ORD-13451,CUST-1027,PROD-024,2024-11-14,2,38.87,0,77.74
OL-08493,ORD-13451,CUST-1027,PROD-008,2024-11-14,5,342.59,0,1712.95
OL-08494,ORD-13452,CUST-1027,PROD-030,2024-10-07,1,33.74,0.2,26.99
OL-08495,ORD-13452,CUST-1027,PROD-033,2024-10-07,2,70.03,0.1,126.05
OL-08496,ORD-13452,CUST-1027,PROD-028,2024-10-07,3,65.64,0.15,167.38
OL-08497,ORD-13452,CUST-1027,PROD-022,2024-10-07,4,27.82,0,111.28
OL-08498,ORD-13453,CUST-1027,PROD-021,2025-10-28,3,38.34,0.05,109.27
OL-08499,ORD-13454,CUST-1027,PROD-031,2025-08-15,3,164.42,0,493.26
OL-08500,ORD-13454,CUST-1027,PROD-037,2025-08-15,1,23.39,0,23.39
OL-08501,ORD-13454,CUST-1027,PROD-006,2025-08-15,3,689.21,0,2067.63
OL-08502,ORD-13454,CUST-1027,PROD-030,2025-08-15,3,33.74,0.15,86.04
OL-08503,ORD-13455,CUST-1027,PROD-023,2025-02-05,5,88.43,0.15,375.83
OL-08504,ORD-13455,CUST-1027,PROD-016,2025-02-05,1,189.62,0,189.62
OL-08505,ORD-13456,CUST-1028,PROD-032,2024-03-08,5,129.73,0,648.65
OL-08506,ORD-13456,CUST-1028,PROD-023,2024-03-08,4,88.43,0,353.72
OL-08507,ORD-13456,CUST-1028,PROD-003,2024-03-08,1,722.82,0.1,650.54
OL-08508,ORD-13457,CUST-1028,PROD-013,2024-08-09,4,134.4,0.1,483.84
OL-08509,ORD-13458,CUST-1028,PROD-029,2025-03-17,2,32.8,0.1,59.04
OL-08510,ORD-13458,CUST-1028,PROD-023,2025-03-17,3,88.43,0,265.29
OL-08511,ORD-13458,CUST-1028,PROD-027,2025-03-17,2,52.67,0.1,94.81
OL-08512,ORD-13459,CUST-1028,PROD-035,2024-05-13,5,75.75,0.1,340.88
OL-08513,ORD-13459,CUST-1028,PROD-025,2024-05-13,3,25.5,0,76.5
OL-08514,ORD-13459,CUST-1028,PROD-030,2024-05-13,1,33.74,0.05,32.05
OL-08515,ORD-13459,CUST-1028,PROD-001,2024-05-13,5,1226.38,0.2,4905.52
OL-08516,ORD-13460,CUST-1028,PROD-018,2024-08-09,1,9.52,0.2,7.62
OL-08517,ORD-13460,CUST-1028,PROD-007,2024-08-09,1,511.33,0,511.33
OL-08518,ORD-13461,CUST-1028,PROD-032,2024-08-23,3,129.73,0.1,350.27
OL-08519,ORD-13461,CUST-1028,PROD-031,2024-08-23,2,164.42,0,328.84
OL-08520,ORD-13462,CUST-1028,PROD-008,2024-08-12,1,342.59,0.2,274.07
OL-08521,ORD-13462,CUST-1028,PROD-001,2024-08-12,5,1226.38,0.2,4905.52
OL-08522,ORD-13463,CUST-1028,PROD-008,2024-04-28,3,342.59,0.05,976.38
OL-08523,ORD-13463,CUST-1028,PROD-014,2024-04-28,3,487.6,0,1462.8
OL-08524,ORD-13463,CUST-1028,PROD-010,2024-04-28,5,121.48,0,607.4
OL-08525,ORD-13463,CUST-1028,PROD-016,2024-04-28,5,189.62,0.15,805.88
OL-08526,ORD-13464,CUST-1028,PROD-006,2024-05-01,3,689.21,0.15,1757.49
OL-08527,ORD-13465,CUST-1028,PROD-013,2024-12-03,3,134.4,0.05,383.04
OL-08528,ORD-13466,CUST-1028,PROD-004,2024-09-28,2,921.23,0.05,1750.34
OL-08529,ORD-13466,CUST-1028,PROD-006,2024-09-28,2,689.21,0,1378.42
OL-08530,ORD-13466,CUST-1028,PROD-027,2024-09-28,3,52.67,0,158.01
OL-08531,ORD-13466,CUST-1028,PROD-019,2024-09-28,3,21.71,0.05,61.87
OL-08532,ORD-13467,CUST-1028,PROD-012,2024-06-14,1,109.67,0.2,87.74
OL-08533,ORD-13468,CUST-1028,PROD-017,2024-07-19,2,242.78,0.15,412.73
OL-08534,ORD-13468,CUST-1028,PROD-025,2024-07-19,2,25.5,0.1,45.9
OL-08535,ORD-13468,CUST-1028,PROD-011,2024-07-19,3,103.76,0,311.28
OL-08536,ORD-13469,CUST-1028,PROD-029,2024-11-28,2,32.8,0.15,55.76
OL-08537,ORD-13470,CUST-1029,PROD-018,2025-06-04,4,9.52,0,38.08
OL-08538,ORD-13470,CUST-1029,PROD-025,2025-06-04,5,25.5,0,127.5
OL-08539,ORD-13471,CUST-1030,PROD-031,2025-02-27,1,164.42,0.2,131.54
OL-08540,ORD-13471,CUST-1030,PROD-004,2025-02-27,2,921.23,0.1,1658.21
OL-08541,ORD-13471,CUST-1030,PROD-027,2025-02-27,5,52.67,0.2,210.68
OL-08542,ORD-13472,CUST-1030,PROD-029,2025-04-22,5,32.8,0.2,131.2
OL-08543,ORD-13473,CUST-1030,PROD-026,2025-09-13,2,54.35,0,108.7
OL-08544,ORD-13474,CUST-1030,PROD-017,2025-05-21,1,242.78,0.15,206.36
OL-08545,ORD-13475,CUST-1030,PROD-011,2025-06-12,2,103.76,0,207.52
OL-08546,ORD-13476,CUST-1031,PROD-022,2025-10-09,5,27.82,0,139.1
OL-08547,ORD-13476,CUST-1031,PROD-026,2025-10-09,5,54.35,0,271.75
OL-08548,ORD-13476,CUST-1031,PROD-005,2025-10-09,4,843.32,0,3373.28
OL-08549,ORD-13476,CUST-1031,PROD-025,2025-10-09,1,25.5,0.1,22.95
OL-08550,ORD-13477,CUST-1032,PROD-018,2024-11-29,2,9.52,0.15,16.18
OL-08551,ORD-13477,CUST-1032,PROD-008,2024-11-29,2,342.59,0.05,650.92
OL-08552,ORD-13477,CUST-1032,PROD-013,2024-11-29,4,134.4,0,537.6
OL-08553,ORD-13478,CUST-1032,PROD-009,2025-12-23,5,89.78,0,448.9
OL-08554,ORD-13479,CUST-1033,PROD-022,2024-05-08,4,27.82,0.15,94.59
OL-08555,ORD-13480,CUST-1033,PROD-036,2025-06-15,5,97.89,0,489.45
OL-08556,ORD-13480,CUST-1033,PROD-008,2025-06-15,3,342.59,0.15,873.6
OL-08557,ORD-13480,CUST-1033,PROD-029,2025-06-15,4,32.8,0.1,118.08
OL-08558,ORD-13481,CUST-1034,PROD-022,2025-12-14,2,27.82,0.15,47.29
OL-08559,ORD-13482,CUST-1035,PROD-012,2025-01-06,5,109.67,0.2,438.68
OL-08560,ORD-13482,CUST-1035,PROD-011,2025-01-06,1,103.76,0.15,88.2
OL-08561,ORD-13482,CUST-1035,PROD-006,2025-01-06,1,689.21,0.15,585.83
OL-08562,ORD-13483,CUST-1036,PROD-037,2025-11-18,5,23.39,0,116.95
OL-08563,ORD-13483,CUST-1036,PROD-018,2025-11-18,3,9.52,0,28.56
OL-08564,ORD-13484,CUST-1037,PROD-014,2024-11-13,5,487.6,0,2438
OL-08565,ORD-13485,CUST-1037,PROD-037,2025-11-18,2,23.39,0.05,44.44
OL-08566,ORD-13485,CUST-1037,PROD-013,2025-11-18,3,134.4,0,403.2
OL-08567,ORD-13485,CUST-1037,PROD-008,2025-11-18,1,342.59,0,342.59
OL-08568,ORD-13485,CUST-1037,PROD-019,2025-11-18,2,21.71,0.2,34.74
OL-08569,ORD-13486,CUST-1037,PROD-007,2025-11-26,4,511.33,0,2045.32
OL-08570,ORD-13487,CUST-1038,PROD-010,2025-09-27,1,121.48,0.1,109.33
OL-08571,ORD-13488,CUST-1039,PROD-020,2024-06-03,5,37.73,0.1,169.78
OL-08572,ORD-13488,CUST-1039,PROD-028,2024-06-03,4,65.64,0.05,249.43
OL-08573,ORD-13488,CUST-1039,PROD-033,2024-06-03,3,70.03,0.1,189.08
OL-08574,ORD-13489,CUST-1040,PROD-035,2024-12-12,2,75.75,0.05,143.92
OL-08575,ORD-13490,CUST-1040,PROD-016,2025-04-01,4,189.62,0.05,720.56
OL-08576,ORD-13491,CUST-1041,PROD-007,2025-11-26,3,511.33,0.15,1303.89
OL-08577,ORD-13491,CUST-1041,PROD-027,2025-11-26,5,52.67,0,263.35
OL-08578,ORD-13491,CUST-1041,PROD-020,2025-11-26,3,37.73,0,113.19
OL-08579,ORD-13492,CUST-1042,PROD-036,2024-07-18,1,97.89,0,97.89
OL-08580,ORD-13493,CUST-1042,PROD-004,2024-09-21,3,921.23,0,2763.69
OL-08581,ORD-13493,CUST-1042,PROD-034,2024-09-21,2,79.8,0,159.6
OL-08582,ORD-13494,CUST-1042,PROD-035,2025-02-01,2,75.75,0.1,136.35
OL-08583,ORD-13494,CUST-1042,PROD-011,2025-02-01,3,103.76,0.15,264.59
OL-08584,ORD-13494,CUST-1042,PROD-016,2025-02-01,1,189.62,0.15,161.18
OL-08585,ORD-13494,CUST-1042,PROD-019,2025-02-01,2,21.71,0,43.42
OL-08586,ORD-13495,CUST-1042,PROD-026,2025-10-27,1,54.35,0.15,46.2
OL-08587,ORD-13495,CUST-1042,PROD-012,2025-10-27,2,109.67,0.2,175.47
OL-08588,ORD-13495,CUST-1042,PROD-031,2025-10-27,2,164.42,0,328.84
OL-08589,ORD-13496,CUST-1042,PROD-016,2024-10-12,2,189.62,0.1,341.32
OL-08590,ORD-13496,CUST-1042,PROD-017,2024-10-12,4,242.78,0.05,922.56
OL-08591,ORD-13496,CUST-1042,PROD-011,2024-10-12,1,103.76,0.2,83.01
OL-08592,ORD-13497,CUST-1042,PROD-025,2025-03-19,5,25.5,0.15,108.38
OL-08593,ORD-13497,CUST-1042,PROD-002,2025-03-19,2,505.32,0.15,859.04
OL-08594,ORD-13497,CUST-1042,PROD-020,2025-03-19,5,37.73,0.2,150.92
OL-08595,ORD-13497,CUST-1042,PROD-009,2025-03-19,5,89.78,0.05,426.45
OL-08596,ORD-13498,CUST-1042,PROD-026,2025-06-25,5,54.35,0.15,230.99
OL-08597,ORD-13498,CUST-1042,PROD-031,2025-06-25,4,164.42,0.05,624.8
OL-08598,ORD-13498,CUST-1042,PROD-020,2025-06-25,2,37.73,0,75.46
OL-08599,ORD-13498,CUST-1042,PROD-004,2025-06-25,1,921.23,0.05,875.17
OL-08600,ORD-13499,CUST-1042,PROD-012,2025-06-30,1,109.67,0,109.67
OL-08601,ORD-13499,CUST-1042,PROD-019,2025-06-30,2,21.71,0.15,36.91
OL-08602,ORD-13499,CUST-1042,PROD-004,2025-06-30,1,921.23,0.2,736.98
OL-08603,ORD-13500,CUST-1042,PROD-002,2025-02-07,5,505.32,0.15,2147.61
OL-08604,ORD-13501,CUST-1042,PROD-010,2025-10-17,3,121.48,0,364.44
OL-08605,ORD-13501,CUST-1042,PROD-019,2025-10-17,2,21.71,0.05,41.25
OL-08606,ORD-13501,CUST-1042,PROD-030,2025-10-17,3,33.74,0,101.22
OL-08607,ORD-13501,CUST-1042,PROD-009,2025-10-17,1,89.78,0.05,85.29
OL-08608,ORD-13502,CUST-1042,PROD-012,2025-08-18,4,109.67,0.2,350.94
OL-08609,ORD-13502,CUST-1042,PROD-032,2025-08-18,2,129.73,0.1,233.51
OL-08610,ORD-13503,CUST-1042,PROD-012,2025-05-11,1,109.67,0.2,87.74
OL-08611,ORD-13503,CUST-1042,PROD-015,2025-05-11,5,295.3,0,1476.5
OL-08612,ORD-13503,CUST-1042,PROD-036,2025-05-11,5,97.89,0.1,440.5
OL-08613,ORD-13504,CUST-1043,PROD-013,2025-10-02,4,134.4,0.1,483.84
OL-08614,ORD-13504,CUST-1043,PROD-011,2025-10-02,1,103.76,0.05,98.57
OL-08615,ORD-13504,CUST-1043,PROD-030,2025-10-02,1,33.74,0,33.74
OL-08616,ORD-13504,CUST-1043,PROD-036,2025-10-02,2,97.89,0.15,166.41
OL-08617,ORD-13505,CUST-1044,PROD-030,2025-01-17,5,33.74,0.1,151.83
OL-08618,ORD-13505,CUST-1044,PROD-015,2025-01-17,5,295.3,0,1476.5
OL-08619,ORD-13505,CUST-1044,PROD-006,2025-01-17,5,689.21,0,3446.05
OL-08620,ORD-13506,CUST-1044,PROD-028,2025-03-09,5,65.64,0.1,295.38
OL-08621,ORD-13507,CUST-1044,PROD-013,2025-05-07,3,134.4,0,403.2
OL-08622,ORD-13508,CUST-1044,PROD-004,2025-07-10,1,921.23,0.05,875.17
OL-08623,ORD-13508,CUST-1044,PROD-023,2025-07-10,4,88.43,0,353.72
OL-08624,ORD-13508,CUST-1044,PROD-001,2025-07-10,1,1226.38,0.15,1042.42
OL-08625,ORD-13508,CUST-1044,PROD-031,2025-07-10,5,164.42,0.1,739.89
OL-08626,ORD-13509,CUST-1045,PROD-037,2025-06-14,2,23.39,0.2,37.42
OL-08627,ORD-13509,CUST-1045,PROD-019,2025-06-14,3,21.71,0.05,61.87
OL-08628,ORD-13509,CUST-1045,PROD-026,2025-06-14,4,54.35,0.1,195.66
OL-08629,ORD-13510,CUST-1046,PROD-009,2024-07-05,1,89.78,0.2,71.82
OL-08630,ORD-13510,CUST-1046,PROD-005,2024-07-05,3,843.32,0.1,2276.96
OL-08631,ORD-13510,CUST-1046,PROD-016,2024-07-05,3,189.62,0,568.86
OL-08632,ORD-13510,CUST-1046,PROD-035,2024-07-05,5,75.75,0.2,303
OL-08633,ORD-13511,CUST-1046,PROD-036,2025-09-14,3,97.89,0.15,249.62
OL-08634,ORD-13511,CUST-1046,PROD-018,2025-09-14,2,9.52,0,19.04
OL-08635,ORD-13511,CUST-1046,PROD-023,2025-09-14,3,88.43,0.1,238.76
OL-08636,ORD-13512,CUST-1046,PROD-007,2025-01-06,3,511.33,0.1,1380.59
OL-08637,ORD-13512,CUST-1046,PROD-013,2025-01-06,1,134.4,0,134.4
OL-08638,ORD-13512,CUST-1046,PROD-003,2025-01-06,3,722.82,0,2168.46
OL-08639,ORD-13513,CUST-1046,PROD-014,2025-05-13,1,487.6,0.1,438.84
OL-08640,ORD-13513,CUST-1046,PROD-023,2025-05-13,4,88.43,0.05,336.03
OL-08641,ORD-13513,CUST-1046,PROD-008,2025-05-13,3,342.59,0,1027.77
OL-08642,ORD-13513,CUST-1046,PROD-007,2025-05-13,1,511.33,0.15,434.63
OL-08643,ORD-13514,CUST-1046,PROD-015,2024-11-14,3,295.3,0.15,753.02
OL-08644,ORD-13514,CUST-1046,PROD-026,2024-11-14,1,54.35,0,54.35
OL-08645,ORD-13514,CUST-1046,PROD-023,2024-11-14,1,88.43,0.05,84.01
OL-08646,ORD-13514,CUST-1046,PROD-001,2024-11-14,2,1226.38,0.05,2330.12
OL-08647,ORD-13515,CUST-1046,PROD-010,2025-10-15,3,121.48,0,364.44
OL-08648,ORD-13515,CUST-1046,PROD-016,2025-10-15,4,189.62,0.2,606.78
OL-08649,ORD-13516,CUST-1046,PROD-033,2025-07-14,2,70.03,0,140.06
OL-08650,ORD-13516,CUST-1046,PROD-030,2025-07-14,5,33.74,0,168.7
OL-08651,ORD-13516,CUST-1046,PROD-003,2025-07-14,2,722.82,0.1,1301.08
OL-08652,ORD-13516,CUST-1046,PROD-013,2025-07-14,1,134.4,0.05,127.68
OL-08653,ORD-13517,CUST-1047,PROD-023,2024-01-20,4,88.43,0.15,300.66
OL-08654,ORD-13517,CUST-1047,PROD-020,2024-01-20,3,37.73,0,113.19
OL-08655,ORD-13518,CUST-1047,PROD-005,2025-03-31,2,843.32,0.05,1602.31
OL-08656,ORD-13519,CUST-1048,PROD-028,2024-04-25,2,65.64,0,131.28
OL-08657,ORD-13519,CUST-1048,PROD-016,2024-04-25,1,189.62,0,189.62
OL-08658,ORD-13519,CUST-1048,PROD-032,2024-04-25,5,129.73,0.2,518.92
OL-08659,ORD-13520,CUST-1049,PROD-007,2024-12-12,5,511.33,0.1,2300.99
OL-08660,ORD-13520,CUST-1049,PROD-002,2024-12-12,4,505.32,0,2021.28
OL-08661,ORD-13521,CUST-1049,PROD-028,2025-04-29,3,65.64,0.2,157.54
OL-08662,ORD-13522,CUST-1049,PROD-002,2025-10-20,1,505.32,0.1,454.79
OL-08663,ORD-13522,CUST-1049,PROD-016,2025-10-20,1,189.62,0,189.62
OL-08664,ORD-13522,CUST-1049,PROD-035,2025-10-20,4,75.75,0,303
OL-08665,ORD-13523,CUST-1049,PROD-006,2025-10-03,1,689.21,0.1,620.29
OL-08666,ORD-13523,CUST-1049,PROD-003,2025-10-03,2,722.82,0,1445.64
OL-08667,ORD-13523,CUST-1049,PROD-009,2025-10-03,1,89.78,0.15,76.31
OL-08668,ORD-13524,CUST-1049,PROD-035,2025-05-05,1,75.75,0.05,71.96
OL-08669,ORD-13525,CUST-1049,PROD-034,2025-01-19,4,79.8,0,319.2
OL-08670,ORD-13525,CUST-1049,PROD-017,2025-01-19,4,242.78,0.15,825.45
OL-08671,ORD-13526,CUST-1049,PROD-035,2025-10-04,1,75.75,0,75.75
OL-08672,ORD-13526,CUST-1049,PROD-029,2025-10-04,5,32.8,0.1,147.6
OL-08673,ORD-13526,CUST-1049,PROD-013,2025-10-04,5,134.4,0.05,638.4
OL-08674,ORD-13526,CUST-1049,PROD-012,2025-10-04,1,109.67,0,109.67
OL-08675,ORD-13527,CUST-1049,PROD-002,2025-12-02,2,505.32,0.15,859.04
OL-08676,ORD-13527,CUST-1049,PROD-018,2025-12-02,3,9.52,0.15,24.28
OL-08677,ORD-13528,CUST-1049,PROD-014,2025-09-06,1,487.6,0,487.6
OL-08678,ORD-13528,CUST-1049,PROD-020,2025-09-06,4,37.73,0,150.92
OL-08679,ORD-13528,CUST-1049,PROD-009,2025-09-06,1,89.78,0.2,71.82
OL-08680,ORD-13529,CUST-1049,PROD-019,2025-01-19,4,21.71,0,86.84
OL-08681,ORD-13530,CUST-1049,PROD-019,2025-01-29,1,21.71,0,21.71
OL-08682,ORD-13531,CUST-1049,PROD-022,2025-02-27,3,27.82,0.15,70.94
OL-08683,ORD-13531,CUST-1049,PROD-024,2025-02-27,4,38.87,0.1,139.93
OL-08684,ORD-13532,CUST-1049,PROD-004,2025-05-31,2,921.23,0.15,1566.09
OL-08685,ORD-13532,CUST-1049,PROD-031,2025-05-31,2,164.42,0.15,279.51
OL-08686,ORD-13533,CUST-1049,PROD-028,2025-04-24,1,65.64,0.05,62.36
OL-08687,ORD-13533,CUST-1049,PROD-030,2025-04-24,4,33.74,0.2,107.97
OL-08688,ORD-13533,CUST-1049,PROD-009,2025-04-24,1,89.78,0.15,76.31
OL-08689,ORD-13534,CUST-1049,PROD-036,2025-09-20,4,97.89,0.15,332.83
OL-08690,ORD-13534,CUST-1049,PROD-030,2025-09-20,4,33.74,0,134.96
OL-08691,ORD-13534,CUST-1049,PROD-032,2025-09-20,1,129.73,0,129.73
OL-08692,ORD-13534,CUST-1049,PROD-028,2025-09-20,5,65.64,0.05,311.79
OL-08693,ORD-13535,CUST-1049,PROD-009,2025-08-21,2,89.78,0.1,161.6
OL-08694,ORD-13536,CUST-1050,PROD-035,2025-10-19,5,75.75,0,378.75
OL-08695,ORD-13537,CUST-1051,PROD-011,2025-09-17,4,103.76,0,415.04
OL-08696,ORD-13537,CUST-1051,PROD-003,2025-09-17,1,722.82,0,722.82
OL-08697,ORD-13537,CUST-1051,PROD-018,2025-09-17,3,9.52,0,28.56
OL-08698,ORD-13537,CUST-1051,PROD-033,2025-09-17,5,70.03,0,350.15
OL-08699,ORD-13538,CUST-1052,PROD-033,2025-04-29,3,70.03,0,210.09
OL-08700,ORD-13538,CUST-1052,PROD-006,2025-04-29,5,689.21,0.1,3101.45
OL-08701,ORD-13538,CUST-1052,PROD-030,2025-04-29,1,33.74,0.05,32.05
OL-08702,ORD-13538,CUST-1052,PROD-015,2025-04-29,5,295.3,0.15,1255.02
OL-08703,ORD-13539,CUST-1052,PROD-003,2025-12-06,3,722.82,0.05,2060.04
OL-08704,ORD-13539,CUST-1052,PROD-016,2025-12-06,3,189.62,0.1,511.97
OL-08705,ORD-13539,CUST-1052,PROD-007,2025-12-06,3,511.33,0.1,1380.59
OL-08706,ORD-13540,CUST-1052,PROD-035,2025-08-20,3,75.75,0,227.25
OL-08707,ORD-13541,CUST-1053,PROD-003,2025-03-07,3,722.82,0.2,1734.77
OL-08708,ORD-13541,CUST-1053,PROD-024,2025-03-07,3,38.87,0.1,104.95
OL-08709,ORD-13542,CUST-1053,PROD-012,2025-06-27,1,109.67,0.15,93.22
OL-08710,ORD-13542,CUST-1053,PROD-029,2025-06-27,5,32.8,0,164
OL-08711,ORD-13543,CUST-1053,PROD-027,2025-07-28,2,52.67,0.1,94.81
OL-08712,ORD-13544,CUST-1053,PROD-030,2025-08-29,4,33.74,0.15,114.72
OL-08713,ORD-13544,CUST-1053,PROD-001,2025-08-29,1,1226.38,0.2,981.1
OL-08714,ORD-13544,CUST-1053,PROD-009,2025-08-29,3,89.78,0,269.34
OL-08715,ORD-13544,CUST-1053,PROD-004,2025-08-29,4,921.23,0.1,3316.43
OL-08716,ORD-13545,CUST-1054,PROD-004,2024-03-09,3,921.23,0.15,2349.14
OL-08717,ORD-13545,CUST-1054,PROD-023,2024-03-09,3,88.43,0.15,225.5
OL-08718,ORD-13546,CUST-1054,PROD-021,2024-09-12,3,38.34,0.2,92.02
OL-08719,ORD-13546,CUST-1054,PROD-018,2024-09-12,1,9.52,0.05,9.04
OL-08720,ORD-13547,CUST-1054,PROD-030,2025-04-16,5,33.74,0,168.7
OL-08721,ORD-13547,CUST-1054,PROD-033,2025-04-16,2,70.03,0.2,112.05
OL-08722,ORD-13547,CUST-1054,PROD-034,2025-04-16,1,79.8,0.2,63.84
OL-08723,ORD-13547,CUST-1054,PROD-035,2025-04-16,1,75.75,0.15,64.39
OL-08724,ORD-13548,CUST-1054,PROD-009,2024-04-12,5,89.78,0,448.9
OL-08725,ORD-13548,CUST-1054,PROD-001,2024-04-12,4,1226.38,0.2,3924.42
OL-08726,ORD-13548,CUST-1054,PROD-018,2024-04-12,1,9.52,0,9.52
OL-08727,ORD-13548,CUST-1054,PROD-002,2024-04-12,2,505.32,0,1010.64
OL-08728,ORD-13549,CUST-1054,PROD-029,2024-10-16,3,32.8,0.15,83.64
OL-08729,ORD-13550,CUST-1054,PROD-018,2024-11-30,1,9.52,0,9.52
OL-08730,ORD-13551,CUST-1054,PROD-036,2025-03-14,4,97.89,0,391.56
OL-08731,ORD-13551,CUST-1054,PROD-028,2025-03-14,5,65.64,0.05,311.79
OL-08732,ORD-13551,CUST-1054,PROD-027,2025-03-14,3,52.67,0,158.01
OL-08733,ORD-13552,CUST-1054,PROD-009,2024-06-08,1,89.78,0.15,76.31
OL-08734,ORD-13552,CUST-1054,PROD-019,2024-06-08,3,21.71,0.1,58.62
OL-08735,ORD-13552,CUST-1054,PROD-020,2024-06-08,5,37.73,0.05,179.22
OL-08736,ORD-13552,CUST-1054,PROD-032,2024-06-08,4,129.73,0,518.92
OL-08737,ORD-13553,CUST-1054,PROD-008,2024-05-21,5,342.59,0.05,1627.3
OL-08738,ORD-13554,CUST-1054,PROD-015,2024-11-17,2,295.3,0,590.6
OL-08739,ORD-13555,CUST-1054,PROD-004,2024-09-07,4,921.23,0,3684.92
OL-08740,ORD-13555,CUST-1054,PROD-019,2024-09-07,2,21.71,0,43.42
OL-08741,ORD-13555,CUST-1054,PROD-015,2024-09-07,4,295.3,0.15,1004.02
OL-08742,ORD-13555,CUST-1054,PROD-002,2024-09-07,4,505.32,0.2,1617.02
OL-08743,ORD-13556,CUST-1054,PROD-017,2024-12-20,5,242.78,0,1213.9
OL-08744,ORD-13556,CUST-1054,PROD-004,2024-12-20,4,921.23,0.05,3500.67
OL-08745,ORD-13556,CUST-1054,PROD-014,2024-12-20,5,487.6,0.1,2194.2
OL-08746,ORD-13556,CUST-1054,PROD-015,2024-12-20,5,295.3,0.1,1328.85
OL-08747,ORD-13557,CUST-1055,PROD-017,2024-11-25,5,242.78,0,1213.9
OL-08748,ORD-13557,CUST-1055,PROD-026,2024-11-25,3,54.35,0.05,154.9
OL-08749,ORD-13558,CUST-1055,PROD-034,2024-12-21,2,79.8,0,159.6
OL-08750,ORD-13558,CUST-1055,PROD-008,2024-12-21,1,342.59,0.1,308.33
OL-08751,ORD-13558,CUST-1055,PROD-007,2024-12-21,4,511.33,0.2,1636.26
OL-08752,ORD-13559,CUST-1055,PROD-009,2025-05-06,1,89.78,0.2,71.82
OL-08753,ORD-13559,CUST-1055,PROD-016,2025-05-06,3,189.62,0,568.86
OL-08754,ORD-13560,CUST-1055,PROD-024,2025-11-27,2,38.87,0.05,73.85
OL-08755,ORD-13560,CUST-1055,PROD-007,2025-11-27,3,511.33,0.1,1380.59
OL-08756,ORD-13560,CUST-1055,PROD-033,2025-11-27,1,70.03,0.2,56.02
OL-08757,ORD-13560,CUST-1055,PROD-008,2025-11-27,4,342.59,0,1370.36
OL-08758,ORD-13561,CUST-1055,PROD-018,2024-12-21,4,9.52,0,38.08
OL-08759,ORD-13561,CUST-1055,PROD-016,2024-12-21,2,189.62,0.15,322.35
OL-08760,ORD-13562,CUST-1056,PROD-025,2024-03-06,1,25.5,0.2,20.4
OL-08761,ORD-13562,CUST-1056,PROD-031,2024-03-06,3,164.42,0,493.26
OL-08762,ORD-13562,CUST-1056,PROD-019,2024-03-06,4,21.71,0,86.84
OL-08763,ORD-13563,CUST-1056,PROD-010,2024-08-29,2,121.48,0,242.96
OL-08764,ORD-13564,CUST-1056,PROD-017,2024-04-27,1,242.78,0.1,218.5
OL-08765,ORD-13564,CUST-1056,PROD-007,2024-04-27,1,511.33,0.15,434.63
OL-08766,ORD-13564,CUST-1056,PROD-005,2024-04-27,2,843.32,0,1686.64
OL-08767,ORD-13565,CUST-1057,PROD-032,2025-06-21,1,129.73,0,129.73
OL-08768,ORD-13566,CUST-1058,PROD-004,2025-12-14,3,921.23,0.2,2210.95
OL-08769,ORD-13566,CUST-1058,PROD-003,2025-12-14,2,722.82,0,1445.64
OL-08770,ORD-13567,CUST-1059,PROD-017,2024-03-10,4,242.78,0.15,825.45
OL-08771,ORD-13567,CUST-1059,PROD-011,2024-03-10,2,103.76,0.15,176.39
OL-08772,ORD-13567,CUST-1059,PROD-028,2024-03-10,3,65.64,0.2,157.54
OL-08773,ORD-13568,CUST-1059,PROD-009,2024-07-05,1,89.78,0,89.78
OL-08774,ORD-13568,CUST-1059,PROD-021,2024-07-05,4,38.34,0,153.36
OL-08775,ORD-13568,CUST-1059,PROD-028,2024-07-05,3,65.64,0.15,167.38
OL-08776,ORD-13569,CUST-1059,PROD-018,2025-04-20,1,9.52,0.1,8.57
OL-08777,ORD-13569,CUST-1059,PROD-010,2025-04-20,3,121.48,0.2,291.55
OL-08778,ORD-13569,CUST-1059,PROD-027,2025-04-20,3,52.67,0,158.01
OL-08779,ORD-13570,CUST-1059,PROD-021,2024-07-10,5,38.34,0,191.7
OL-08780,ORD-13570,CUST-1059,PROD-035,2024-07-10,5,75.75,0,378.75
OL-08781,ORD-13570,CUST-1059,PROD-010,2024-07-10,1,121.48,0.1,109.33
OL-08782,ORD-13570,CUST-1059,PROD-026,2024-07-10,1,54.35,0,54.35
OL-08783,ORD-13571,CUST-1059,PROD-003,2025-06-03,2,722.82,0,1445.64
OL-08784,ORD-13571,CUST-1059,PROD-012,2025-06-03,3,109.67,0.1,296.11
OL-08785,ORD-13571,CUST-1059,PROD-013,2025-06-03,3,134.4,0.1,362.88
OL-08786,ORD-13572,CUST-1060,PROD-033,2024-04-17,3,70.03,0.15,178.58
OL-08787,ORD-13572,CUST-1060,PROD-004,2024-04-17,2,921.23,0.1,1658.21
OL-08788,ORD-13572,CUST-1060,PROD-014,2024-04-17,5,487.6,0,2438
OL-08789,ORD-13573,CUST-1060,PROD-032,2024-10-21,3,129.73,0,389.19
OL-08790,ORD-13574,CUST-1060,PROD-033,2025-07-22,3,70.03,0,210.09
OL-08791,ORD-13574,CUST-1060,PROD-006,2025-07-22,3,689.21,0,2067.63
OL-08792,ORD-13574,CUST-1060,PROD-029,2025-07-22,3,32.8,0,98.4
OL-08793,ORD-13574,CUST-1060,PROD-014,2025-07-22,3,487.6,0.15,1243.38
OL-08794,ORD-13575,CUST-1060,PROD-032,2025-04-26,3,129.73,0.1,350.27
OL-08795,ORD-13575,CUST-1060,PROD-031,2025-04-26,4,164.42,0,657.68
OL-08796,ORD-13575,CUST-1060,PROD-017,2025-04-26,5,242.78,0,1213.9
OL-08797,ORD-13575,CUST-1060,PROD-019,2025-04-26,1,21.71,0,21.71
OL-08798,ORD-13576,CUST-1060,PROD-004,2024-12-06,4,921.23,0.1,3316.43
OL-08799,ORD-13576,CUST-1060,PROD-028,2024-12-06,5,65.64,0.2,262.56
OL-08800,ORD-13576,CUST-1060,PROD-001,2024-12-06,5,1226.38,0,6131.9
OL-08801,ORD-13577,CUST-1060,PROD-035,2024-11-17,4,75.75,0,303
OL-08802,ORD-13577,CUST-1060,PROD-028,2024-11-17,3,65.64,0.2,157.54
OL-08803,ORD-13577,CUST-1060,PROD-009,2024-11-17,2,89.78,0.05,170.58
OL-08804,ORD-13578,CUST-1060,PROD-036,2024-12-24,3,97.89,0.15,249.62
OL-08805,ORD-13578,CUST-1060,PROD-023,2024-12-24,4,88.43,0,353.72
OL-08806,ORD-13579,CUST-1061,PROD-009,2024-06-13,1,89.78,0,89.78
OL-08807,ORD-13580,CUST-1061,PROD-002,2025-09-24,3,505.32,0,1515.96
OL-08808,ORD-13580,CUST-1061,PROD-030,2025-09-24,3,33.74,0.15,86.04
OL-08809,ORD-13580,CUST-1061,PROD-011,2025-09-24,2,103.76,0.1,186.77
OL-08810,ORD-13581,CUST-1061,PROD-006,2025-02-05,4,689.21,0,2756.84
OL-08811,ORD-13582,CUST-1061,PROD-010,2025-04-17,4,121.48,0,485.92
OL-08812,ORD-13582,CUST-1061,PROD-017,2025-04-17,4,242.78,0.1,874.01
OL-08813,ORD-13583,CUST-1061,PROD-009,2024-09-09,3,89.78,0,269.34
OL-08814,ORD-13583,CUST-1061,PROD-024,2024-09-09,1,38.87,0.15,33.04
OL-08815,ORD-13583,CUST-1061,PROD-007,2024-09-09,4,511.33,0.2,1636.26
OL-08816,ORD-13583,CUST-1061,PROD-031,2024-09-09,1,164.42,0,164.42
OL-08817,ORD-13584,CUST-1061,PROD-004,2024-09-03,2,921.23,0.15,1566.09
OL-08818,ORD-13584,CUST-1061,PROD-015,2024-09-03,5,295.3,0.1,1328.85
OL-08819,ORD-13584,CUST-1061,PROD-020,2024-09-03,5,37.73,0,188.65
OL-08820,ORD-13585,CUST-1061,PROD-010,2025-10-26,5,121.48,0,607.4
OL-08821,ORD-13585,CUST-1061,PROD-030,2025-10-26,2,33.74,0.15,57.36
OL-08822,ORD-13585,CUST-1061,PROD-036,2025-10-26,2,97.89,0.05,185.99
OL-08823,ORD-13586,CUST-1061,PROD-017,2024-08-13,3,242.78,0.1,655.51
OL-08824,ORD-13586,CUST-1061,PROD-037,2024-08-13,3,23.39,0.15,59.64
OL-08825,ORD-13586,CUST-1061,PROD-027,2024-08-13,5,52.67,0,263.35
OL-08826,ORD-13586,CUST-1061,PROD-022,2024-08-13,4,27.82,0.15,94.59
OL-08827,ORD-13587,CUST-1061,PROD-012,2025-03-14,4,109.67,0.15,372.88
OL-08828,ORD-13588,CUST-1061,PROD-032,2024-10-04,3,129.73,0.15,330.81
OL-08829,ORD-13589,CUST-1061,PROD-029,2025-07-05,5,32.8,0,164
OL-08830,ORD-13589,CUST-1061,PROD-007,2025-07-05,2,511.33,0.2,818.13
OL-08831,ORD-13590,CUST-1061,PROD-002,2024-09-10,5,505.32,0,2526.6
OL-08832,ORD-13590,CUST-1061,PROD-011,2024-09-10,4,103.76,0.2,332.03
OL-08833,ORD-13590,CUST-1061,PROD-014,2024-09-10,2,487.6,0.05,926.44
OL-08834,ORD-13591,CUST-1061,PROD-030,2025-01-12,4,33.74,0.2,107.97
OL-08835,ORD-13592,CUST-1061,PROD-018,2024-11-13,1,9.52,0,9.52
OL-08836,ORD-13593,CUST-1061,PROD-022,2025-07-05,2,27.82,0.1,50.08
OL-08837,ORD-13593,CUST-1061,PROD-024,2025-07-05,4,38.87,0,155.48
OL-08838,ORD-13593,CUST-1061,PROD-007,2025-07-05,5,511.33,0,2556.65
OL-08839,ORD-13593,CUST-1061,PROD-006,2025-07-05,1,689.21,0,689.21
OL-08840,ORD-13594,CUST-1061,PROD-009,2024-12-24,2,89.78,0.1,161.6
OL-08841,ORD-13595,CUST-1062,PROD-003,2024-05-13,3,722.82,0.15,1843.19
OL-08842,ORD-13595,CUST-1062,PROD-031,2024-05-13,3,164.42,0.1,443.93
OL-08843,ORD-13596,CUST-1062,PROD-034,2024-11-26,4,79.8,0.2,255.36
OL-08844,ORD-13596,CUST-1062,PROD-009,2024-11-26,4,89.78,0.05,341.16
OL-08845,ORD-13597,CUST-1062,PROD-012,2025-01-29,3,109.67,0,329.01
OL-08846,ORD-13597,CUST-1062,PROD-014,2025-01-29,2,487.6,0.2,780.16
OL-08847,ORD-13597,CUST-1062,PROD-021,2025-01-29,4,38.34,0,153.36
OL-08848,ORD-13598,CUST-1062,PROD-029,2025-06-06,2,32.8,0.1,59.04
OL-08849,ORD-13598,CUST-1062,PROD-034,2025-06-06,4,79.8,0.2,255.36
OL-08850,ORD-13599,CUST-1062,PROD-006,2025-06-14,1,689.21,0,689.21
OL-08851,ORD-13599,CUST-1062,PROD-023,2025-06-14,1,88.43,0,88.43
OL-08852,ORD-13600,CUST-1062,PROD-032,2024-12-08,4,129.73,0.2,415.14
OL-08853,ORD-13601,CUST-1062,PROD-017,2024-08-20,2,242.78,0.15,412.73
OL-08854,ORD-13602,CUST-1062,PROD-034,2025-04-13,4,79.8,0.2,255.36
OL-08855,ORD-13602,CUST-1062,PROD-025,2025-04-13,3,25.5,0,76.5
OL-08856,ORD-13602,CUST-1062,PROD-037,2025-04-13,4,23.39,0,93.56
OL-08857,ORD-13603,CUST-1062,PROD-031,2024-11-28,1,164.42,0,164.42
OL-08858,ORD-13603,CUST-1062,PROD-016,2024-11-28,2,189.62,0,379.24
OL-08859,ORD-13603,CUST-1062,PROD-008,2024-11-28,5,342.59,0.1,1541.65
OL-08860,ORD-13604,CUST-1062,PROD-005,2025-03-10,4,843.32,0,3373.28
OL-08861,ORD-13604,CUST-1062,PROD-036,2025-03-10,1,97.89,0.15,83.21
OL-08862,ORD-13605,CUST-1062,PROD-004,2025-07-16,2,921.23,0.05,1750.34
OL-08863,ORD-13605,CUST-1062,PROD-031,2025-07-16,4,164.42,0.2,526.14
OL-08864,ORD-13605,CUST-1062,PROD-014,2025-07-16,2,487.6,0,975.2
OL-08865,ORD-13606,CUST-1062,PROD-013,2024-08-02,5,134.4,0,672
OL-08866,ORD-13606,CUST-1062,PROD-018,2024-08-02,1,9.52,0.2,7.62
OL-08867,ORD-13606,CUST-1062,PROD-006,2024-08-02,2,689.21,0.15,1171.66
OL-08868,ORD-13606,CUST-1062,PROD-020,2024-08-02,4,37.73,0.15,128.28
OL-08869,ORD-13607,CUST-1062,PROD-002,2025-09-07,4,505.32,0.1,1819.15
OL-08870,ORD-13607,CUST-1062,PROD-034,2025-09-07,1,79.8,0,79.8
OL-08871,ORD-13607,CUST-1062,PROD-010,2025-09-07,5,121.48,0,607.4
OL-08872,ORD-13608,CUST-1062,PROD-012,2025-01-24,5,109.67,0.15,466.1
OL-08873,ORD-13608,CUST-1062,PROD-002,2025-01-24,4,505.32,0,2021.28
OL-08874,ORD-13609,CUST-1062,PROD-008,2025-08-17,5,342.59,0.2,1370.36
OL-08875,ORD-13609,CUST-1062,PROD-034,2025-08-17,3,79.8,0,239.4
OL-08876,ORD-13610,CUST-1062,PROD-021,2024-08-28,4,38.34,0.2,122.69
OL-08877,ORD-13610,CUST-1062,PROD-037,2024-08-28,1,23.39,0,23.39
OL-08878,ORD-13611,CUST-1062,PROD-005,2024-09-25,5,843.32,0.2,3373.28
OL-08879,ORD-13611,CUST-1062,PROD-021,2024-09-25,5,38.34,0.1,172.53
OL-08880,ORD-13612,CUST-1062,PROD-023,2025-06-01,4,88.43,0.2,282.98
OL-08881,ORD-13612,CUST-1062,PROD-008,2025-06-01,5,342.59,0,1712.95
OL-08882,ORD-13612,CUST-1062,PROD-030,2025-06-01,2,33.74,0,67.48
OL-08883,ORD-13612,CUST-1062,PROD-024,2025-06-01,2,38.87,0,77.74
OL-08884,ORD-13613,CUST-1062,PROD-028,2025-07-21,1,65.64,0.1,59.08
OL-08885,ORD-13614,CUST-1062,PROD-030,2024-10-19,3,33.74,0,101.22
OL-08886,ORD-13615,CUST-1062,PROD-008,2024-08-22,1,342.59,0.05,325.46
OL-08887,ORD-13615,CUST-1062,PROD-015,2024-08-22,5,295.3,0.15,1255.02
OL-08888,ORD-13615,CUST-1062,PROD-002,2024-08-22,5,505.32,0.05,2400.27
OL-08889,ORD-13616,CUST-1062,PROD-034,2025-02-04,3,79.8,0.15,203.49
OL-08890,ORD-13616,CUST-1062,PROD-032,2025-02-04,5,129.73,0,648.65
OL-08891,ORD-13616,CUST-1062,PROD-021,2025-02-04,1,38.34,0.1,34.51
OL-08892,ORD-13617,CUST-1062,PROD-020,2024-11-17,3,37.73,0,113.19
OL-08893,ORD-13618,CUST-1062,PROD-012,2024-10-26,5,109.67,0,548.35
OL-08894,ORD-13618,CUST-1062,PROD-016,2024-10-26,4,189.62,0,758.48
OL-08895,ORD-13618,CUST-1062,PROD-026,2024-10-26,4,54.35,0,217.4
OL-08896,ORD-13618,CUST-1062,PROD-027,2024-10-26,5,52.67,0.05,250.18
OL-08897,ORD-13619,CUST-1062,PROD-035,2024-11-17,1,75.75,0,75.75
OL-08898,ORD-13620,CUST-1062,PROD-003,2025-06-24,2,722.82,0.15,1228.79
OL-08899,ORD-13620,CUST-1062,PROD-020,2025-06-24,5,37.73,0,188.65
OL-08900,ORD-13621,CUST-1062,PROD-003,2025-06-23,2,722.82,0,1445.64
OL-08901,ORD-13621,CUST-1062,PROD-017,2025-06-23,4,242.78,0.05,922.56
OL-08902,ORD-13621,CUST-1062,PROD-026,2025-06-23,3,54.35,0.15,138.59
OL-08903,ORD-13622,CUST-1062,PROD-013,2024-09-04,1,134.4,0.05,127.68
OL-08904,ORD-13622,CUST-1062,PROD-037,2024-09-04,4,23.39,0.05,88.88
OL-08905,ORD-13622,CUST-1062,PROD-019,2024-09-04,3,21.71,0,65.13
OL-08906,ORD-13623,CUST-1062,PROD-037,2025-01-09,3,23.39,0.05,66.66
OL-08907,ORD-13623,CUST-1062,PROD-033,2025-01-09,3,70.03,0.1,189.08
OL-08908,ORD-13623,CUST-1062,PROD-024,2025-01-09,1,38.87,0.2,31.1
OL-08909,ORD-13623,CUST-1062,PROD-035,2025-01-09,1,75.75,0,75.75
OL-08910,ORD-13624,CUST-1062,PROD-030,2024-12-16,1,33.74,0.1,30.37
OL-08911,ORD-13624,CUST-1062,PROD-010,2024-12-16,4,121.48,0.1,437.33
OL-08912,ORD-13624,CUST-1062,PROD-028,2024-12-16,2,65.64,0.15,111.59
OL-08913,ORD-13624,CUST-1062,PROD-019,2024-12-16,5,21.71,0.05,103.12
OL-08914,ORD-13625,CUST-1062,PROD-014,2025-02-27,1,487.6,0,487.6
OL-08915,ORD-13625,CUST-1062,PROD-030,2025-02-27,2,33.74,0,67.48
OL-08916,ORD-13625,CUST-1062,PROD-031,2025-02-27,5,164.42,0,822.1
OL-08917,ORD-13626,CUST-1062,PROD-028,2025-08-20,3,65.64,0,196.92
OL-08918,ORD-13627,CUST-1062,PROD-017,2025-05-09,4,242.78,0.1,874.01
OL-08919,ORD-13627,CUST-1062,PROD-016,2025-05-09,1,189.62,0,189.62
OL-08920,ORD-13628,CUST-1063,PROD-019,2024-07-11,1,21.71,0.05,20.62
OL-08921,ORD-13629,CUST-1063,PROD-025,2025-06-12,1,25.5,0.2,20.4
OL-08922,ORD-13629,CUST-1063,PROD-023,2025-06-12,5,88.43,0.2,353.72
OL-08923,ORD-13630,CUST-1063,PROD-026,2025-03-11,5,54.35,0,271.75
OL-08924,ORD-13630,CUST-1063,PROD-012,2025-03-11,1,109.67,0.2,87.74
OL-08925,ORD-13630,CUST-1063,PROD-028,2025-03-11,2,65.64,0.15,111.59
OL-08926,ORD-13631,CUST-1063,PROD-031,2025-11-23,3,164.42,0.2,394.61
OL-08927,ORD-13631,CUST-1063,PROD-014,2025-11-23,4,487.6,0,1950.4
OL-08928,ORD-13632,CUST-1063,PROD-025,2024-10-06,1,25.5,0,25.5
OL-08929,ORD-13632,CUST-1063,PROD-031,2024-10-06,2,164.42,0,328.84
OL-08930,ORD-13632,CUST-1063,PROD-012,2024-10-06,1,109.67,0.1,98.7
OL-08931,ORD-13633,CUST-1063,PROD-030,2025-08-29,3,33.74,0.2,80.98
OL-08932,ORD-13633,CUST-1063,PROD-033,2025-08-29,5,70.03,0,350.15
OL-08933,ORD-13633,CUST-1063,PROD-037,2025-08-29,3,23.39,0,70.17
OL-08934,ORD-13634,CUST-1063,PROD-012,2024-10-06,4,109.67,0,438.68
OL-08935,ORD-13634,CUST-1063,PROD-022,2024-10-06,1,27.82,0.1,25.04
OL-08936,ORD-13634,CUST-1063,PROD-025,2024-10-06,5,25.5,0.2,102
OL-08937,ORD-13635,CUST-1063,PROD-022,2025-07-31,4,27.82,0.2,89.02
OL-08938,ORD-13636,CUST-1063,PROD-027,2025-04-27,2,52.67,0,105.34
OL-08939,ORD-13636,CUST-1063,PROD-003,2025-04-27,2,722.82,0,1445.64
OL-08940,ORD-13637,CUST-1063,PROD-026,2024-09-01,2,54.35,0,108.7
OL-08941,ORD-13637,CUST-1063,PROD-022,2024-09-01,5,27.82,0.1,125.19
OL-08942,ORD-13638,CUST-1063,PROD-035,2025-01-07,4,75.75,0.2,242.4
OL-08943,ORD-13638,CUST-1063,PROD-018,2025-01-07,1,9.52,0.05,9.04
OL-08944,ORD-13638,CUST-1063,PROD-029,2025-01-07,1,32.8,0,32.8
OL-08945,ORD-13638,CUST-1063,PROD-002,2025-01-07,4,505.32,0,2021.28
OL-08946,ORD-13639,CUST-1064,PROD-007,2025-02-08,1,511.33,0,511.33
OL-08947,ORD-13639,CUST-1064,PROD-018,2025-02-08,3,9.52,0.15,24.28
OL-08948,ORD-13639,CUST-1064,PROD-016,2025-02-08,5,189.62,0,948.1
OL-08949,ORD-13639,CUST-1064,PROD-029,2025-02-08,4,32.8,0,131.2
OL-08950,ORD-13640,CUST-1065,PROD-013,2025-12-31,4,134.4,0,537.6
OL-08951,ORD-13640,CUST-1065,PROD-025,2025-12-31,4,25.5,0,102
OL-08952,ORD-13640,CUST-1065,PROD-036,2025-12-31,5,97.89,0.15,416.03
OL-08953,ORD-13641,CUST-1066,PROD-006,2025-04-29,4,689.21,0.15,2343.31
OL-08954,ORD-13641,CUST-1066,PROD-023,2025-04-29,4,88.43,0.2,282.98
OL-08955,ORD-13642,CUST-1066,PROD-021,2025-10-15,3,38.34,0,115.02
OL-08956,ORD-13643,CUST-1067,PROD-028,2024-02-05,3,65.64,0.2,157.54
OL-08957,ORD-13643,CUST-1067,PROD-008,2024-02-05,5,342.59,0.15,1456.01
OL-08958,ORD-13643,CUST-1067,PROD-034,2024-02-05,4,79.8,0,319.2
OL-08959,ORD-13643,CUST-1067,PROD-010,2024-02-05,1,121.48,0,121.48
OL-08960,ORD-13644,CUST-1067,PROD-033,2024-05-18,3,70.03,0,210.09
OL-08961,ORD-13644,CUST-1067,PROD-024,2024-05-18,5,38.87,0.1,174.91
OL-08962,ORD-13644,CUST-1067,PROD-015,2024-05-18,5,295.3,0.05,1402.67
OL-08963,ORD-13644,CUST-1067,PROD-005,2024-05-18,2,843.32,0.05,1602.31
OL-08964,ORD-13645,CUST-1068,PROD-037,2025-06-08,2,23.39,0,46.78
OL-08965,ORD-13645,CUST-1068,PROD-012,2025-06-08,2,109.67,0.15,186.44
OL-08966,ORD-13645,CUST-1068,PROD-006,2025-06-08,2,689.21,0.1,1240.58
OL-08967,ORD-13646,CUST-1069,PROD-008,2025-10-20,5,342.59,0.2,1370.36
OL-08968,ORD-13646,CUST-1069,PROD-021,2025-10-20,1,38.34,0,38.34
OL-08969,ORD-13647,CUST-1070,PROD-014,2025-10-21,2,487.6,0.15,828.92
OL-08970,ORD-13648,CUST-1071,PROD-018,2025-10-06,3,9.52,0.05,27.13
OL-08971,ORD-13648,CUST-1071,PROD-033,2025-10-06,4,70.03,0.2,224.1
OL-08972,ORD-13648,CUST-1071,PROD-017,2025-10-06,4,242.78,0,971.12
OL-08973,ORD-13649,CUST-1072,PROD-008,2025-12-23,4,342.59,0,1370.36
OL-08974,ORD-13649,CUST-1072,PROD-030,2025-12-23,3,33.74,0,101.22
OL-08975,ORD-13649,CUST-1072,PROD-025,2025-12-23,4,25.5,0.1,91.8
OL-08976,ORD-13650,CUST-1073,PROD-037,2025-11-02,1,23.39,0.05,22.22
OL-08977,ORD-13650,CUST-1073,PROD-006,2025-11-02,3,689.21,0,2067.63
OL-08978,ORD-13651,CUST-1074,PROD-032,2025-03-31,4,129.73,0.15,441.08
OL-08979,ORD-13651,CUST-1074,PROD-029,2025-03-31,4,32.8,0.05,124.64
OL-08980,ORD-13651,CUST-1074,PROD-026,2025-03-31,4,54.35,0.2,173.92
OL-08981,ORD-13651,CUST-1074,PROD-024,2025-03-31,3,38.87,0.05,110.78
OL-08982,ORD-13652,CUST-1075,PROD-036,2025-12-10,3,97.89,0,293.67
OL-08983,ORD-13653,CUST-1075,PROD-009,2025-12-29,3,89.78,0,269.34
OL-08984,ORD-13653,CUST-1075,PROD-028,2025-12-29,2,65.64,0,131.28
OL-08985,ORD-13653,CUST-1075,PROD-020,2025-12-29,4,37.73,0,150.92
OL-08986,ORD-13654,CUST-1076,PROD-034,2025-04-30,4,79.8,0,319.2
OL-08987,ORD-13654,CUST-1076,PROD-009,2025-04-30,4,89.78,0,359.12
OL-08988,ORD-13654,CUST-1076,PROD-036,2025-04-30,3,97.89,0.15,249.62
OL-08989,ORD-13654,CUST-1076,PROD-033,2025-04-30,3,70.03,0,210.09
OL-08990,ORD-13655,CUST-1076,PROD-028,2025-08-08,1,65.64,0.15,55.79
OL-08991,ORD-13656,CUST-1077,PROD-003,2024-12-08,5,722.82,0.2,2891.28
OL-08992,ORD-13656,CUST-1077,PROD-027,2024-12-08,5,52.67,0.05,250.18
OL-08993,ORD-13656,CUST-1077,PROD-011,2024-12-08,2,103.76,0.15,176.39
OL-08994,ORD-13657,CUST-1077,PROD-018,2025-09-18,4,9.52,0,38.08
OL-08995,ORD-13657,CUST-1077,PROD-003,2025-09-18,3,722.82,0.05,2060.04
OL-08996,ORD-13657,CUST-1077,PROD-004,2025-09-18,4,921.23,0,3684.92
OL-08997,ORD-13657,CUST-1077,PROD-025,2025-09-18,5,25.5,0,127.5
OL-08998,ORD-13658,CUST-1077,PROD-006,2025-04-27,2,689.21,0,1378.42
OL-08999,ORD-13658,CUST-1077,PROD-017,2025-04-27,2,242.78,0,485.56
OL-09000,ORD-13659,CUST-1078,PROD-037,2025-04-17,2,23.39,0.2,37.42
OL-09001,ORD-13659,CUST-1078,PROD-016,2025-04-17,1,189.62,0,189.62
OL-09002,ORD-13660,CUST-1078,PROD-033,2025-06-26,3,70.03,0.15,178.58
OL-09003,ORD-13661,CUST-1078,PROD-023,2025-05-12,3,88.43,0,265.29
OL-09004,ORD-13661,CUST-1078,PROD-017,2025-05-12,5,242.78,0.05,1153.2
OL-09005,ORD-13661,CUST-1078,PROD-033,2025-05-12,3,70.03,0,210.09
OL-09006,ORD-13661,CUST-1078,PROD-035,2025-05-12,2,75.75,0.15,128.78
OL-09007,ORD-13662,CUST-1078,PROD-010,2025-09-27,1,121.48,0,121.48
OL-09008,ORD-13662,CUST-1078,PROD-037,2025-09-27,1,23.39,0,23.39
OL-09009,ORD-13662,CUST-1078,PROD-026,2025-09-27,2,54.35,0.05,103.27
OL-09010,ORD-13663,CUST-1079,PROD-023,2025-12-13,2,88.43,0,176.86
OL-09011,ORD-13663,CUST-1079,PROD-030,2025-12-13,1,33.74,0.05,32.05
OL-09012,ORD-13663,CUST-1079,PROD-034,2025-12-13,5,79.8,0.1,359.1
OL-09013,ORD-13664,CUST-1080,PROD-006,2025-12-26,4,689.21,0.05,2619
OL-09014,ORD-13664,CUST-1080,PROD-016,2025-12-26,5,189.62,0.05,900.69
OL-09015,ORD-13664,CUST-1080,PROD-022,2025-12-26,2,27.82,0.15,47.29
OL-09016,ORD-13664,CUST-1080,PROD-023,2025-12-26,2,88.43,0.2,141.49
OL-09017,ORD-13665,CUST-1081,PROD-035,2025-11-10,1,75.75,0.05,71.96
OL-09018,ORD-13665,CUST-1081,PROD-028,2025-11-10,5,65.64,0,328.2
OL-09019,ORD-13665,CUST-1081,PROD-017,2025-11-10,3,242.78,0.15,619.09
OL-09020,ORD-13666,CUST-1082,PROD-008,2025-12-25,5,342.59,0.1,1541.65
OL-09021,ORD-13667,CUST-1083,PROD-028,2025-09-28,2,65.64,0,131.28
OL-09022,ORD-13668,CUST-1084,PROD-031,2025-06-20,5,164.42,0,822.1
OL-09023,ORD-13668,CUST-1084,PROD-027,2025-06-20,4,52.67,0.2,168.54
OL-09024,ORD-13668,CUST-1084,PROD-011,2025-06-20,5,103.76,0,518.8
OL-09025,ORD-13669,CUST-1084,PROD-034,2025-09-13,5,79.8,0.05,379.05
OL-09026,ORD-13669,CUST-1084,PROD-024,2025-09-13,2,38.87,0.05,73.85
OL-09027,ORD-13669,CUST-1084,PROD-008,2025-09-13,4,342.59,0.1,1233.32
OL-09028,ORD-13669,CUST-1084,PROD-032,2025-09-13,5,129.73,0,648.65
OL-09029,ORD-13670,CUST-1084,PROD-009,2025-08-20,4,89.78,0.2,287.3
OL-09030,ORD-13671,CUST-1084,PROD-021,2025-08-13,2,38.34,0.2,61.34
OL-09031,ORD-13672,CUST-1084,PROD-035,2025-07-09,2,75.75,0,151.5
OL-09032,ORD-13672,CUST-1084,PROD-030,2025-07-09,2,33.74,0,67.48
OL-09033,ORD-13673,CUST-1085,PROD-005,2024-10-21,3,843.32,0,2529.96
OL-09034,ORD-13673,CUST-1085,PROD-037,2024-10-21,4,23.39,0,93.56
OL-09035,ORD-13673,CUST-1085,PROD-003,2024-10-21,3,722.82,0.2,1734.77
OL-09036,ORD-13674,CUST-1085,PROD-027,2025-11-10,1,52.67,0,52.67
OL-09037,ORD-13674,CUST-1085,PROD-012,2025-11-10,4,109.67,0,438.68
OL-09038,ORD-13674,CUST-1085,PROD-010,2025-11-10,4,121.48,0.05,461.62
OL-09039,ORD-13675,CUST-1085,PROD-014,2025-02-24,1,487.6,0.1,438.84
OL-09040,ORD-13675,CUST-1085,PROD-023,2025-02-24,2,88.43,0,176.86
OL-09041,ORD-13676,CUST-1085,PROD-025,2025-02-09,3,25.5,0,76.5
OL-09042,ORD-13676,CUST-1085,PROD-009,2025-02-09,5,89.78,0,448.9
OL-09043,ORD-13677,CUST-1085,PROD-016,2025-03-26,1,189.62,0.15,161.18
OL-09044,ORD-13678,CUST-1085,PROD-021,2025-07-16,1,38.34,0.15,32.59
OL-09045,ORD-13678,CUST-1085,PROD-034,2025-07-16,3,79.8,0,239.4
OL-09046,ORD-13678,CUST-1085,PROD-019,2025-07-16,1,21.71,0,21.71
OL-09047,ORD-13679,CUST-1086,PROD-013,2025-10-21,4,134.4,0,537.6
OL-09048,ORD-13679,CUST-1086,PROD-023,2025-10-21,3,88.43,0,265.29
OL-09049,ORD-13679,CUST-1086,PROD-004,2025-10-21,5,921.23,0,4606.15
OL-09050,ORD-13680,CUST-1087,PROD-012,2025-04-24,1,109.67,0.2,87.74
OL-09051,ORD-13680,CUST-1087,PROD-033,2025-04-24,5,70.03,0.15,297.63
OL-09052,ORD-13681,CUST-1088,PROD-002,2024-10-01,1,505.32,0,505.32
OL-09053,ORD-13681,CUST-1088,PROD-009,2024-10-01,2,89.78,0,179.56
OL-09054,ORD-13681,CUST-1088,PROD-017,2024-10-01,1,242.78,0.1,218.5
OL-09055,ORD-13681,CUST-1088,PROD-018,2024-10-01,1,9.52,0.05,9.04
OL-09056,ORD-13682,CUST-1089,PROD-036,2024-04-10,2,97.89,0,195.78
OL-09057,ORD-13683,CUST-1089,PROD-016,2025-04-06,4,189.62,0.15,644.71
OL-09058,ORD-13683,CUST-1089,PROD-009,2025-04-06,2,89.78,0.05,170.58
OL-09059,ORD-13683,CUST-1089,PROD-032,2025-04-06,4,129.73,0,518.92
OL-09060,ORD-13684,CUST-1089,PROD-029,2024-10-17,4,32.8,0,131.2
OL-09061,ORD-13684,CUST-1089,PROD-026,2024-10-17,4,54.35,0,217.4
OL-09062,ORD-13684,CUST-1089,PROD-005,2024-10-17,4,843.32,0,3373.28
OL-09063,ORD-13685,CUST-1089,PROD-020,2024-10-14,3,37.73,0.05,107.53
OL-09064,ORD-13685,CUST-1089,PROD-036,2024-10-14,1,97.89,0,97.89
OL-09065,ORD-13685,CUST-1089,PROD-007,2024-10-14,4,511.33,0.05,1943.05
OL-09066,ORD-13686,CUST-1089,PROD-022,2024-11-30,2,27.82,0.1,50.08
OL-09067,ORD-13687,CUST-1089,PROD-018,2024-08-14,4,9.52,0.15,32.37
OL-09068,ORD-13687,CUST-1089,PROD-012,2024-08-14,1,109.67,0.2,87.74
OL-09069,ORD-13688,CUST-1089,PROD-023,2024-07-05,1,88.43,0.15,75.17
OL-09070,ORD-13689,CUST-1089,PROD-017,2024-06-14,2,242.78,0.1,437
OL-09071,ORD-13689,CUST-1089,PROD-015,2024-06-14,1,295.3,0.05,280.54
OL-09072,ORD-13690,CUST-1089,PROD-035,2024-07-14,3,75.75,0.2,181.8
OL-09073,ORD-13690,CUST-1089,PROD-022,2024-07-14,4,27.82,0.05,105.72
OL-09074,ORD-13690,CUST-1089,PROD-033,2024-07-14,2,70.03,0,140.06
OL-09075,ORD-13690,CUST-1089,PROD-012,2024-07-14,5,109.67,0,548.35
OL-09076,ORD-13691,CUST-1089,PROD-003,2025-06-24,4,722.82,0,2891.28
OL-09077,ORD-13691,CUST-1089,PROD-015,2025-06-24,5,295.3,0,1476.5
OL-09078,ORD-13692,CUST-1089,PROD-023,2024-07-09,3,88.43,0.05,252.03
OL-09079,ORD-13692,CUST-1089,PROD-016,2024-07-09,1,189.62,0,189.62
OL-09080,ORD-13692,CUST-1089,PROD-037,2024-07-09,2,23.39,0,46.78
OL-09081,ORD-13692,CUST-1089,PROD-024,2024-07-09,1,38.87,0.05,36.93
OL-09082,ORD-13693,CUST-1089,PROD-012,2025-08-19,4,109.67,0.2,350.94
OL-09083,ORD-13693,CUST-1089,PROD-003,2025-08-19,3,722.82,0.1,1951.61
OL-09084,ORD-13694,CUST-1089,PROD-001,2024-06-09,3,1226.38,0.2,2943.31
OL-09085,ORD-13695,CUST-1089,PROD-026,2024-08-31,2,54.35,0.05,103.27
OL-09086,ORD-13695,CUST-1089,PROD-017,2024-08-31,3,242.78,0,728.34
OL-09087,ORD-13696,CUST-1089,PROD-011,2024-08-31,4,103.76,0.1,373.54
OL-09088,ORD-13696,CUST-1089,PROD-037,2024-08-31,1,23.39,0,23.39
OL-09089,ORD-13697,CUST-1089,PROD-001,2024-07-09,4,1226.38,0.15,4169.69
OL-09090,ORD-13697,CUST-1089,PROD-004,2024-07-09,2,921.23,0,1842.46
OL-09091,ORD-13698,CUST-1089,PROD-026,2025-08-08,2,54.35,0.05,103.27
OL-09092,ORD-13698,CUST-1089,PROD-033,2025-08-08,5,70.03,0,350.15
OL-09093,ORD-13698,CUST-1089,PROD-016,2025-08-08,5,189.62,0.05,900.69
OL-09094,ORD-13698,CUST-1089,PROD-021,2025-08-08,5,38.34,0,191.7
OL-09095,ORD-13699,CUST-1089,PROD-007,2025-04-02,5,511.33,0.2,2045.32
OL-09096,ORD-13699,CUST-1089,PROD-004,2025-04-02,3,921.23,0,2763.69
OL-09097,ORD-13699,CUST-1089,PROD-014,2025-04-02,1,487.6,0,487.6
OL-09098,ORD-13699,CUST-1089,PROD-013,2025-04-02,1,134.4,0.1,120.96
OL-09099,ORD-13700,CUST-1089,PROD-028,2024-05-17,2,65.64,0.15,111.59
OL-09100,ORD-13701,CUST-1089,PROD-033,2024-07-05,4,70.03,0,280.12
OL-09101,ORD-13701,CUST-1089,PROD-028,2024-07-05,3,65.64,0.05,187.07
OL-09102,ORD-13701,CUST-1089,PROD-031,2024-07-05,3,164.42,0.1,443.93
OL-09103,ORD-13702,CUST-1089,PROD-031,2024-11-22,2,164.42,0.1,295.96
OL-09104,ORD-13703,CUST-1089,PROD-030,2025-03-27,3,33.74,0,101.22
OL-09105,ORD-13703,CUST-1089,PROD-002,2025-03-27,4,505.32,0.15,1718.09
OL-09106,ORD-13703,CUST-1089,PROD-016,2025-03-27,2,189.62,0,379.24
OL-09107,ORD-13704,CUST-1089,PROD-025,2024-07-28,5,25.5,0,127.5
OL-09108,ORD-13704,CUST-1089,PROD-023,2024-07-28,1,88.43,0,88.43
OL-09109,ORD-13704,CUST-1089,PROD-027,2024-07-28,3,52.67,0.15,134.31
OL-09110,ORD-13705,CUST-1089,PROD-022,2024-11-21,4,27.82,0,111.28
OL-09111,ORD-13705,CUST-1089,PROD-008,2024-11-21,4,342.59,0,1370.36
OL-09112,ORD-13706,CUST-1089,PROD-033,2024-10-02,3,70.03,0,210.09
OL-09113,ORD-13707,CUST-1089,PROD-026,2025-06-02,5,54.35,0,271.75
OL-09114,ORD-13707,CUST-1089,PROD-037,2025-06-02,5,23.39,0.05,111.1
OL-09115,ORD-13707,CUST-1089,PROD-025,2025-06-02,3,25.5,0.2,61.2
OL-09116,ORD-13707,CUST-1089,PROD-023,2025-06-02,4,88.43,0,353.72
OL-09117,ORD-13708,CUST-1089,PROD-015,2024-05-16,3,295.3,0,885.9
OL-09118,ORD-13708,CUST-1089,PROD-029,2024-05-16,2,32.8,0.1,59.04
OL-09119,ORD-13709,CUST-1089,PROD-018,2025-06-30,1,9.52,0,9.52
OL-09120,ORD-13709,CUST-1089,PROD-034,2025-06-30,5,79.8,0,399
OL-09121,ORD-13709,CUST-1089,PROD-017,2025-06-30,2,242.78,0,485.56
OL-09122,ORD-13709,CUST-1089,PROD-009,2025-06-30,3,89.78,0,269.34
OL-09123,ORD-13710,CUST-1089,PROD-022,2025-05-04,5,27.82,0.15,118.23
OL-09124,ORD-13710,CUST-1089,PROD-023,2025-05-04,3,88.43,0.2,212.23
OL-09125,ORD-13710,CUST-1089,PROD-031,2025-05-04,2,164.42,0.05,312.4
OL-09126,ORD-13711,CUST-1089,PROD-015,2025-03-19,4,295.3,0.05,1122.14
OL-09127,ORD-13711,CUST-1089,PROD-032,2025-03-19,1,129.73,0,129.73
OL-09128,ORD-13712,CUST-1089,PROD-010,2024-05-30,2,121.48,0,242.96
OL-09129,ORD-13712,CUST-1089,PROD-028,2024-05-30,2,65.64,0.1,118.15
OL-09130,ORD-13712,CUST-1089,PROD-020,2024-05-30,4,37.73,0,150.92
OL-09131,ORD-13713,CUST-1089,PROD-015,2025-01-29,4,295.3,0,1181.2
OL-09132,ORD-13714,CUST-1089,PROD-008,2024-07-25,5,342.59,0.2,1370.36
OL-09133,ORD-13714,CUST-1089,PROD-002,2024-07-25,2,505.32,0,1010.64
OL-09134,ORD-13715,CUST-1089,PROD-020,2025-03-17,5,37.73,0,188.65
OL-09135,ORD-13715,CUST-1089,PROD-013,2025-03-17,2,134.4,0.1,241.92
OL-09136,ORD-13716,CUST-1089,PROD-003,2025-03-17,5,722.82,0.05,3433.39
OL-09137,ORD-13716,CUST-1089,PROD-006,2025-03-17,2,689.21,0.1,1240.58
OL-09138,ORD-13716,CUST-1089,PROD-020,2025-03-17,3,37.73,0,113.19
OL-09139,ORD-13717,CUST-1089,PROD-022,2024-12-16,4,27.82,0.1,100.15
OL-09140,ORD-13717,CUST-1089,PROD-013,2024-12-16,2,134.4,0.15,228.48
OL-09141,ORD-13717,CUST-1089,PROD-004,2024-12-16,3,921.23,0.2,2210.95
OL-09142,ORD-13717,CUST-1089,PROD-035,2024-12-16,4,75.75,0.05,287.85
OL-09143,ORD-13718,CUST-1089,PROD-004,2024-12-15,4,921.23,0.1,3316.43
OL-09144,ORD-13719,CUST-1090,PROD-020,2024-01-16,4,37.73,0.05,143.37
OL-09145,ORD-13719,CUST-1090,PROD-026,2024-01-16,5,54.35,0,271.75
OL-09146,ORD-13719,CUST-1090,PROD-028,2024-01-16,5,65.64,0,328.2
OL-09147,ORD-13720,CUST-1090,PROD-037,2024-09-08,3,23.39,0,70.17
OL-09148,ORD-13721,CUST-1091,PROD-033,2025-10-26,5,70.03,0,350.15
OL-09149,ORD-13721,CUST-1091,PROD-011,2025-10-26,3,103.76,0.1,280.15
OL-09150,ORD-13721,CUST-1091,PROD-023,2025-10-26,2,88.43,0,176.86
OL-09151,ORD-13721,CUST-1091,PROD-002,2025-10-26,4,505.32,0,2021.28
OL-09152,ORD-13722,CUST-1092,PROD-025,2025-12-20,2,25.5,0,51
OL-09153,ORD-13722,CUST-1092,PROD-037,2025-12-20,2,23.39,0,46.78
OL-09154,ORD-13723,CUST-1093,PROD-032,2025-06-25,3,129.73,0.15,330.81
OL-09155,ORD-13723,CUST-1093,PROD-016,2025-06-25,4,189.62,0.1,682.63
OL-09156,ORD-13724,CUST-1094,PROD-031,2025-06-03,3,164.42,0.05,468.6
OL-09157,ORD-13724,CUST-1094,PROD-004,2025-06-03,2,921.23,0,1842.46
OL-09158,ORD-13725,CUST-1095,PROD-017,2025-11-26,4,242.78,0.05,922.56
OL-09159,ORD-13725,CUST-1095,PROD-028,2025-11-26,1,65.64,0,65.64
OL-09160,ORD-13726,CUST-1096,PROD-025,2025-12-09,1,25.5,0.05,24.22
OL-09161,ORD-13726,CUST-1096,PROD-006,2025-12-09,5,689.21,0.05,3273.75
OL-09162,ORD-13726,CUST-1096,PROD-035,2025-12-09,2,75.75,0.1,136.35
OL-09163,ORD-13727,CUST-1097,PROD-034,2024-03-25,3,79.8,0.1,215.46
OL-09164,ORD-13727,CUST-1097,PROD-031,2024-03-25,3,164.42,0,493.26
OL-09165,ORD-13727,CUST-1097,PROD-011,2024-03-25,2,103.76,0.15,176.39
OL-09166,ORD-13727,CUST-1097,PROD-018,2024-03-25,5,9.52,0,47.6
OL-09167,ORD-13728,CUST-1098,PROD-021,2025-08-13,3,38.34,0,115.02
OL-09168,ORD-13728,CUST-1098,PROD-027,2025-08-13,1,52.67,0.2,42.14
OL-09169,ORD-13728,CUST-1098,PROD-006,2025-08-13,5,689.21,0.1,3101.45
OL-09170,ORD-13728,CUST-1098,PROD-015,2025-08-13,2,295.3,0.15,502.01
OL-09171,ORD-13729,CUST-1099,PROD-007,2024-12-23,2,511.33,0.1,920.39
OL-09172,ORD-13729,CUST-1099,PROD-035,2024-12-23,1,75.75,0,75.75
OL-09173,ORD-13730,CUST-1099,PROD-018,2025-07-28,4,9.52,0.1,34.27
OL-09174,ORD-13730,CUST-1099,PROD-031,2025-07-28,1,164.42,0.2,131.54
OL-09175,ORD-13731,CUST-1099,PROD-032,2025-03-17,5,129.73,0.1,583.78
OL-09176,ORD-13731,CUST-1099,PROD-016,2025-03-17,1,189.62,0,189.62
OL-09177,ORD-13732,CUST-1100,PROD-011,2024-10-14,1,103.76,0.05,98.57
OL-09178,ORD-13732,CUST-1100,PROD-002,2024-10-14,2,505.32,0,1010.64
OL-09179,ORD-13733,CUST-1100,PROD-012,2025-07-12,2,109.67,0,219.34
OL-09180,ORD-13733,CUST-1100,PROD-002,2025-07-12,5,505.32,0,2526.6
OL-09181,ORD-13733,CUST-1100,PROD-001,2025-07-12,3,1226.38,0,3679.14
OL-09182,ORD-13734,CUST-1100,PROD-013,2025-02-16,2,134.4,0.2,215.04
OL-09183,ORD-13735,CUST-1101,PROD-014,2024-12-28,5,487.6,0.1,2194.2
OL-09184,ORD-13735,CUST-1101,PROD-005,2024-12-28,2,843.32,0,1686.64
OL-09185,ORD-13735,CUST-1101,PROD-019,2024-12-28,2,21.71,0.05,41.25
OL-09186,ORD-13735,CUST-1101,PROD-001,2024-12-28,1,1226.38,0,1226.38
OL-09187,ORD-13736,CUST-1102,PROD-036,2024-04-20,5,97.89,0.05,464.98
OL-09188,ORD-13737,CUST-1102,PROD-003,2025-01-07,2,722.82,0.1,1301.08
OL-09189,ORD-13737,CUST-1102,PROD-008,2025-01-07,3,342.59,0.1,924.99
OL-09190,ORD-13738,CUST-1102,PROD-007,2024-05-14,4,511.33,0.15,1738.52
OL-09191,ORD-13738,CUST-1102,PROD-030,2024-05-14,3,33.74,0.05,96.16
OL-09192,ORD-13739,CUST-1102,PROD-001,2025-08-10,1,1226.38,0.15,1042.42
OL-09193,ORD-13740,CUST-1102,PROD-030,2024-06-27,4,33.74,0.2,107.97
OL-09194,ORD-13741,CUST-1102,PROD-012,2024-10-27,3,109.67,0.1,296.11
OL-09195,ORD-13741,CUST-1102,PROD-019,2024-10-27,2,21.71,0,43.42
OL-09196,ORD-13742,CUST-1102,PROD-008,2024-08-24,3,342.59,0.15,873.6
OL-09197,ORD-13742,CUST-1102,PROD-024,2024-08-24,4,38.87,0,155.48
OL-09198,ORD-13742,CUST-1102,PROD-005,2024-08-24,4,843.32,0.1,3035.95
OL-09199,ORD-13742,CUST-1102,PROD-021,2024-08-24,1,38.34,0,38.34
OL-09200,ORD-13743,CUST-1102,PROD-036,2024-12-29,4,97.89,0,391.56
OL-09201,ORD-13744,CUST-1102,PROD-010,2024-07-12,3,121.48,0,364.44
OL-09202,ORD-13744,CUST-1102,PROD-035,2024-07-12,1,75.75,0.1,68.17
OL-09203,ORD-13744,CUST-1102,PROD-012,2024-07-12,2,109.67,0.15,186.44
OL-09204,ORD-13744,CUST-1102,PROD-003,2024-07-12,5,722.82,0,3614.1
OL-09205,ORD-13745,CUST-1102,PROD-019,2025-07-19,1,21.71,0,21.71
OL-09206,ORD-13745,CUST-1102,PROD-037,2025-07-19,2,23.39,0,46.78
OL-09207,ORD-13746,CUST-1102,PROD-001,2024-07-01,2,1226.38,0,2452.76
OL-09208,ORD-13746,CUST-1102,PROD-002,2024-07-01,1,505.32,0.1,454.79
OL-09209,ORD-13746,CUST-1102,PROD-024,2024-07-01,2,38.87,0,77.74
OL-09210,ORD-13746,CUST-1102,PROD-014,2024-07-01,3,487.6,0,1462.8
OL-09211,ORD-13747,CUST-1102,PROD-025,2025-05-04,1,25.5,0,25.5
OL-09212,ORD-13747,CUST-1102,PROD-011,2025-05-04,1,103.76,0,103.76
OL-09213,ORD-13747,CUST-1102,PROD-024,2025-05-04,1,38.87,0,38.87
OL-09214,ORD-13747,CUST-1102,PROD-010,2025-05-04,4,121.48,0.05,461.62
OL-09215,ORD-13748,CUST-1102,PROD-019,2025-02-17,2,21.71,0,43.42
OL-09216,ORD-13748,CUST-1102,PROD-011,2025-02-17,4,103.76,0.05,394.29
OL-09217,ORD-13748,CUST-1102,PROD-034,2025-02-17,1,79.8,0,79.8
OL-09218,ORD-13749,CUST-1102,PROD-026,2025-05-23,4,54.35,0.1,195.66
OL-09219,ORD-13750,CUST-1102,PROD-028,2024-06-30,4,65.64,0.2,210.05
OL-09220,ORD-13751,CUST-1102,PROD-009,2025-07-03,1,89.78,0,89.78
OL-09221,ORD-13751,CUST-1102,PROD-001,2025-07-03,2,1226.38,0.1,2207.48
OL-09222,ORD-13751,CUST-1102,PROD-012,2025-07-03,4,109.67,0.2,350.94
OL-09223,ORD-13751,CUST-1102,PROD-021,2025-07-03,3,38.34,0.2,92.02
OL-09224,ORD-13752,CUST-1102,PROD-029,2024-07-30,2,32.8,0,65.6
OL-09225,ORD-13752,CUST-1102,PROD-015,2024-07-30,5,295.3,0.1,1328.85
OL-09226,ORD-13752,CUST-1102,PROD-002,2024-07-30,3,505.32,0,1515.96
OL-09227,ORD-13752,CUST-1102,PROD-011,2024-07-30,4,103.76,0.15,352.78
OL-09228,ORD-13753,CUST-1102,PROD-014,2025-06-22,1,487.6,0,487.6
OL-09229,ORD-13753,CUST-1102,PROD-002,2025-06-22,2,505.32,0,1010.64
OL-09230,ORD-13753,CUST-1102,PROD-019,2025-06-22,5,21.71,0.1,97.7
OL-09231,ORD-13754,CUST-1102,PROD-004,2024-09-25,3,921.23,0,2763.69
OL-09232,ORD-13755,CUST-1102,PROD-021,2024-12-20,3,38.34,0.1,103.52
OL-09233,ORD-13755,CUST-1102,PROD-001,2024-12-20,3,1226.38,0,3679.14
OL-09234,ORD-13755,CUST-1102,PROD-034,2024-12-20,5,79.8,0,399
OL-09235,ORD-13756,CUST-1102,PROD-029,2024-12-02,5,32.8,0,164
OL-09236,ORD-13756,CUST-1102,PROD-004,2024-12-02,4,921.23,0.05,3500.67
OL-09237,ORD-13756,CUST-1102,PROD-015,2024-12-02,5,295.3,0.05,1402.67
OL-09238,ORD-13756,CUST-1102,PROD-032,2024-12-02,1,129.73,0.15,110.27
OL-09239,ORD-13757,CUST-1102,PROD-002,2024-05-08,4,505.32,0,2021.28
OL-09240,ORD-13757,CUST-1102,PROD-029,2024-05-08,3,32.8,0.2,78.72
OL-09241,ORD-13758,CUST-1102,PROD-033,2024-05-25,3,70.03,0.15,178.58
OL-09242,ORD-13758,CUST-1102,PROD-015,2024-05-25,1,295.3,0,295.3
OL-09243,ORD-13758,CUST-1102,PROD-021,2024-05-25,4,38.34,0,153.36
OL-09244,ORD-13759,CUST-1102,PROD-030,2024-12-17,2,33.74,0.15,57.36
OL-09245,ORD-13759,CUST-1102,PROD-029,2024-12-17,2,32.8,0.1,59.04
OL-09246,ORD-13760,CUST-1102,PROD-008,2024-08-08,5,342.59,0,1712.95
OL-09247,ORD-13761,CUST-1102,PROD-024,2024-07-10,1,38.87,0,38.87
OL-09248,ORD-13762,CUST-1102,PROD-005,2025-05-24,3,843.32,0,2529.96
OL-09249,ORD-13762,CUST-1102,PROD-013,2025-05-24,4,134.4,0,537.6
OL-09250,ORD-13763,CUST-1103,PROD-035,2024-07-31,3,75.75,0,227.25
OL-09251,ORD-13763,CUST-1103,PROD-002,2024-07-31,2,505.32,0,1010.64
OL-09252,ORD-13763,CUST-1103,PROD-005,2024-07-31,1,843.32,0.05,801.15
OL-09253,ORD-13763,CUST-1103,PROD-003,2024-07-31,3,722.82,0,2168.46
OL-09254,ORD-13764,CUST-1103,PROD-018,2024-09-17,4,9.52,0,38.08
OL-09255,ORD-13764,CUST-1103,PROD-031,2024-09-17,4,164.42,0,657.68
OL-09256,ORD-13764,CUST-1103,PROD-005,2024-09-17,5,843.32,0,4216.6
OL-09257,ORD-13764,CUST-1103,PROD-006,2024-09-17,4,689.21,0.1,2481.16
OL-09258,ORD-13765,CUST-1103,PROD-013,2025-03-26,1,134.4,0.05,127.68
OL-09259,ORD-13765,CUST-1103,PROD-006,2025-03-26,5,689.21,0,3446.05
OL-09260,ORD-13765,CUST-1103,PROD-011,2025-03-26,3,103.76,0.15,264.59
OL-09261,ORD-13765,CUST-1103,PROD-017,2025-03-26,3,242.78,0.1,655.51
OL-09262,ORD-13766,CUST-1103,PROD-016,2025-07-31,5,189.62,0.15,805.88
OL-09263,ORD-13767,CUST-1103,PROD-037,2025-05-08,1,23.39,0,23.39
OL-09264,ORD-13768,CUST-1103,PROD-022,2024-10-05,4,27.82,0.05,105.72
OL-09265,ORD-13768,CUST-1103,PROD-027,2024-10-05,4,52.67,0.05,200.15
OL-09266,ORD-13768,CUST-1103,PROD-032,2024-10-05,1,129.73,0.1,116.76
OL-09267,ORD-13769,CUST-1103,PROD-009,2025-10-29,4,89.78,0.15,305.25
OL-09268,ORD-13769,CUST-1103,PROD-018,2025-10-29,1,9.52,0,9.52
OL-09269,ORD-13769,CUST-1103,PROD-037,2025-10-29,4,23.39,0,93.56
OL-09270,ORD-13770,CUST-1103,PROD-007,2025-06-01,4,511.33,0,2045.32
OL-09271,ORD-13770,CUST-1103,PROD-029,2025-06-01,3,32.8,0,98.4
OL-09272,ORD-13771,CUST-1103,PROD-030,2025-12-05,2,33.74,0.1,60.73
OL-09273,ORD-13771,CUST-1103,PROD-003,2025-12-05,1,722.82,0,722.82
OL-09274,ORD-13771,CUST-1103,PROD-009,2025-12-05,3,89.78,0,269.34
OL-09275,ORD-13771,CUST-1103,PROD-010,2025-12-05,3,121.48,0.05,346.22
OL-09276,ORD-13772,CUST-1103,PROD-029,2025-04-30,2,32.8,0,65.6
OL-09277,ORD-13772,CUST-1103,PROD-030,2025-04-30,2,33.74,0.15,57.36
OL-09278,ORD-13773,CUST-1103,PROD-023,2024-10-30,5,88.43,0.15,375.83
OL-09279,ORD-13774,CUST-1103,PROD-035,2025-08-03,5,75.75,0.1,340.88
OL-09280,ORD-13774,CUST-1103,PROD-018,2025-08-03,5,9.52,0.05,45.22
OL-09281,ORD-13775,CUST-1103,PROD-024,2025-09-20,4,38.87,0,155.48
OL-09282,ORD-13775,CUST-1103,PROD-033,2025-09-20,4,70.03,0,280.12
OL-09283,ORD-13776,CUST-1103,PROD-014,2025-06-28,4,487.6,0.15,1657.84
OL-09284,ORD-13776,CUST-1103,PROD-022,2025-06-28,1,27.82,0,27.82
OL-09285,ORD-13777,CUST-1103,PROD-002,2025-08-08,5,505.32,0.05,2400.27
OL-09286,ORD-13777,CUST-1103,PROD-016,2025-08-08,4,189.62,0,758.48
OL-09287,ORD-13777,CUST-1103,PROD-037,2025-08-08,5,23.39,0.2,93.56
OL-09288,ORD-13778,CUST-1103,PROD-025,2025-05-12,3,25.5,0,76.5
OL-09289,ORD-13778,CUST-1103,PROD-019,2025-05-12,2,21.71,0.15,36.91
OL-09290,ORD-13778,CUST-1103,PROD-035,2025-05-12,4,75.75,0,303
OL-09291,ORD-13779,CUST-1103,PROD-021,2025-06-10,3,38.34,0,115.02
OL-09292,ORD-13779,CUST-1103,PROD-026,2025-06-10,2,54.35,0.1,97.83
OL-09293,ORD-13780,CUST-1104,PROD-030,2025-06-25,4,33.74,0,134.96
OL-09294,ORD-13780,CUST-1104,PROD-026,2025-06-25,3,54.35,0.2,130.44
OL-09295,ORD-13780,CUST-1104,PROD-011,2025-06-25,2,103.76,0.2,166.02
OL-09296,ORD-13780,CUST-1104,PROD-010,2025-06-25,2,121.48,0.2,194.37
OL-09297,ORD-13781,CUST-1104,PROD-025,2025-12-16,2,25.5,0,51
OL-09298,ORD-13782,CUST-1105,PROD-028,2025-06-19,1,65.64,0,65.64
OL-09299,ORD-13782,CUST-1105,PROD-013,2025-06-19,3,134.4,0.15,342.72
OL-09300,ORD-13782,CUST-1105,PROD-016,2025-06-19,2,189.62,0,379.24
OL-09301,ORD-13782,CUST-1105,PROD-018,2025-06-19,3,9.52,0.05,27.13
OL-09302,ORD-13783,CUST-1107,PROD-012,2025-12-21,4,109.67,0,438.68
OL-09303,ORD-13783,CUST-1107,PROD-027,2025-12-21,5,52.67,0.1,237.02
OL-09304,ORD-13783,CUST-1107,PROD-014,2025-12-21,4,487.6,0,1950.4
OL-09305,ORD-13784,CUST-1108,PROD-024,2024-04-29,1,38.87,0,38.87
OL-09306,ORD-13784,CUST-1108,PROD-030,2024-04-29,3,33.74,0,101.22
OL-09307,ORD-13785,CUST-1108,PROD-008,2024-11-16,3,342.59,0.2,822.22
OL-09308,ORD-13785,CUST-1108,PROD-020,2024-11-16,3,37.73,0,113.19
OL-09309,ORD-13785,CUST-1108,PROD-014,2024-11-16,1,487.6,0,487.6
OL-09310,ORD-13786,CUST-1108,PROD-022,2024-07-06,5,27.82,0,139.1
OL-09311,ORD-13786,CUST-1108,PROD-017,2024-07-06,4,242.78,0.15,825.45
OL-09312,ORD-13786,CUST-1108,PROD-037,2024-07-06,3,23.39,0,70.17
OL-09313,ORD-13786,CUST-1108,PROD-019,2024-07-06,1,21.71,0.15,18.45
OL-09314,ORD-13787,CUST-1108,PROD-012,2025-02-21,2,109.67,0.1,197.41
OL-09315,ORD-13787,CUST-1108,PROD-020,2025-02-21,1,37.73,0,37.73
OL-09316,ORD-13787,CUST-1108,PROD-025,2025-02-21,1,25.5,0,25.5
OL-09317,ORD-13788,CUST-1108,PROD-008,2025-03-29,4,342.59,0,1370.36
OL-09318,ORD-13789,CUST-1108,PROD-012,2025-06-03,2,109.67,0.1,197.41
OL-09319,ORD-13789,CUST-1108,PROD-017,2025-06-03,5,242.78,0.1,1092.51
OL-09320,ORD-13789,CUST-1108,PROD-025,2025-06-03,4,25.5,0,102
OL-09321,ORD-13789,CUST-1108,PROD-019,2025-06-03,3,21.71,0.05,61.87
OL-09322,ORD-13790,CUST-1108,PROD-021,2025-05-21,5,38.34,0.1,172.53
OL-09323,ORD-13790,CUST-1108,PROD-014,2025-05-21,5,487.6,0.05,2316.1
OL-09324,ORD-13791,CUST-1108,PROD-024,2024-11-21,2,38.87,0.2,62.19
OL-09325,ORD-13792,CUST-1108,PROD-030,2024-05-15,3,33.74,0.2,80.98
OL-09326,ORD-13793,CUST-1108,PROD-024,2024-07-14,2,38.87,0.2,62.19
OL-09327,ORD-13793,CUST-1108,PROD-005,2024-07-14,3,843.32,0.05,2403.46
OL-09328,ORD-13793,CUST-1108,PROD-034,2024-07-14,5,79.8,0,399
OL-09329,ORD-13794,CUST-1108,PROD-004,2025-08-26,4,921.23,0.2,2947.94
OL-09330,ORD-13794,CUST-1108,PROD-022,2025-08-26,5,27.82,0,139.1
OL-09331,ORD-13795,CUST-1109,PROD-013,2025-11-02,5,134.4,0,672
OL-09332,ORD-13795,CUST-1109,PROD-005,2025-11-02,2,843.32,0,1686.64
OL-09333,ORD-13795,CUST-1109,PROD-002,2025-11-02,4,505.32,0,2021.28
OL-09334,ORD-13796,CUST-1110,PROD-031,2025-08-29,4,164.42,0,657.68
OL-09335,ORD-13796,CUST-1110,PROD-035,2025-08-29,3,75.75,0,227.25
OL-09336,ORD-13797,CUST-1111,PROD-005,2024-07-28,3,843.32,0.15,2150.47
OL-09337,ORD-13798,CUST-1111,PROD-028,2025-03-12,4,65.64,0.15,223.18
OL-09338,ORD-13799,CUST-1111,PROD-008,2025-08-27,2,342.59,0.15,582.4
OL-09339,ORD-13799,CUST-1111,PROD-002,2025-08-27,4,505.32,0,2021.28
OL-09340,ORD-13799,CUST-1111,PROD-025,2025-08-27,5,25.5,0,127.5
OL-09341,ORD-13799,CUST-1111,PROD-027,2025-08-27,2,52.67,0.2,84.27
OL-09342,ORD-13800,CUST-1111,PROD-034,2025-10-25,4,79.8,0.1,287.28
OL-09343,ORD-13801,CUST-1111,PROD-025,2025-08-05,3,25.5,0,76.5
OL-09344,ORD-13802,CUST-1111,PROD-018,2025-03-17,4,9.52,0,38.08
OL-09345,ORD-13803,CUST-1111,PROD-007,2025-02-07,1,511.33,0,511.33
OL-09346,ORD-13804,CUST-1111,PROD-009,2025-01-22,2,89.78,0,179.56
OL-09347,ORD-13805,CUST-1111,PROD-001,2025-03-12,3,1226.38,0.2,2943.31
OL-09348,ORD-13806,CUST-1111,PROD-031,2024-09-07,5,164.42,0.2,657.68
OL-09349,ORD-13806,CUST-1111,PROD-011,2024-09-07,5,103.76,0.1,466.92
OL-09350,ORD-13807,CUST-1111,PROD-009,2025-03-12,2,89.78,0,179.56
OL-09351,ORD-13807,CUST-1111,PROD-008,2025-03-12,5,342.59,0.05,1627.3
OL-09352,ORD-13808,CUST-1111,PROD-017,2025-11-09,5,242.78,0.1,1092.51
OL-09353,ORD-13809,CUST-1111,PROD-024,2025-01-10,4,38.87,0.1,139.93
OL-09354,ORD-13809,CUST-1111,PROD-003,2025-01-10,4,722.82,0.2,2313.02
OL-09355,ORD-13810,CUST-1112,PROD-033,2024-05-09,1,70.03,0.15,59.53
OL-09356,ORD-13810,CUST-1112,PROD-017,2024-05-09,1,242.78,0,242.78
OL-09357,ORD-13810,CUST-1112,PROD-011,2024-05-09,1,103.76,0,103.76
OL-09358,ORD-13810,CUST-1112,PROD-003,2024-05-09,3,722.82,0,2168.46
OL-09359,ORD-13811,CUST-1112,PROD-001,2024-10-02,2,1226.38,0,2452.76
OL-09360,ORD-13811,CUST-1112,PROD-031,2024-10-02,5,164.42,0.05,780.99
OL-09361,ORD-13811,CUST-1112,PROD-015,2024-10-02,1,295.3,0.15,251
OL-09362,ORD-13811,CUST-1112,PROD-032,2024-10-02,3,129.73,0.1,350.27
OL-09363,ORD-13812,CUST-1113,PROD-034,2024-06-17,5,79.8,0.15,339.15
OL-09364,ORD-13812,CUST-1113,PROD-021,2024-06-17,5,38.34,0,191.7
OL-09365,ORD-13813,CUST-1113,PROD-031,2025-02-20,4,164.42,0.15,559.03
OL-09366,ORD-13813,CUST-1113,PROD-028,2025-02-20,5,65.64,0.1,295.38
OL-09367,ORD-13813,CUST-1113,PROD-014,2025-02-20,2,487.6,0.1,877.68
OL-09368,ORD-13814,CUST-1114,PROD-022,2025-10-04,3,27.82,0.05,79.29
OL-09369,ORD-13815,CUST-1115,PROD-035,2025-06-03,4,75.75,0,303
OL-09370,ORD-13815,CUST-1115,PROD-014,2025-06-03,4,487.6,0,1950.4
OL-09371,ORD-13815,CUST-1115,PROD-025,2025-06-03,1,25.5,0,25.5
OL-09372,ORD-13815,CUST-1115,PROD-029,2025-06-03,3,32.8,0.1,88.56
OL-09373,ORD-13816,CUST-1115,PROD-035,2025-10-07,1,75.75,0.2,60.6
OL-09374,ORD-13816,CUST-1115,PROD-007,2025-10-07,3,511.33,0.2,1227.19
OL-09375,ORD-13816,CUST-1115,PROD-021,2025-10-07,2,38.34,0.1,69.01
OL-09376,ORD-13817,CUST-1115,PROD-022,2025-07-16,1,27.82,0.2,22.26
OL-09377,ORD-13817,CUST-1115,PROD-028,2025-07-16,2,65.64,0.1,118.15
OL-09378,ORD-13818,CUST-1115,PROD-025,2025-12-17,2,25.5,0,51
OL-09379,ORD-13818,CUST-1115,PROD-028,2025-12-17,3,65.64,0.15,167.38
OL-09380,ORD-13818,CUST-1115,PROD-001,2025-12-17,4,1226.38,0.05,4660.24
OL-09381,ORD-13818,CUST-1115,PROD-027,2025-12-17,1,52.67,0.05,50.04
OL-09382,ORD-13819,CUST-1115,PROD-011,2025-12-02,1,103.76,0,103.76
OL-09383,ORD-13820,CUST-1115,PROD-009,2025-08-02,2,89.78,0.05,170.58
OL-09384,ORD-13820,CUST-1115,PROD-025,2025-08-02,3,25.5,0.2,61.2
OL-09385,ORD-13820,CUST-1115,PROD-011,2025-08-02,3,103.76,0,311.28
OL-09386,ORD-13821,CUST-1116,PROD-018,2025-02-07,5,9.52,0,47.6
OL-09387,ORD-13821,CUST-1116,PROD-023,2025-02-07,1,88.43,0.1,79.59
OL-09388,ORD-13822,CUST-1116,PROD-021,2025-08-19,3,38.34,0,115.02
OL-09389,ORD-13822,CUST-1116,PROD-026,2025-08-19,3,54.35,0,163.05
OL-09390,ORD-13823,CUST-1117,PROD-031,2025-12-25,5,164.42,0,822.1
OL-09391,ORD-13823,CUST-1117,PROD-030,2025-12-25,1,33.74,0.2,26.99
OL-09392,ORD-13824,CUST-1118,PROD-024,2024-08-19,4,38.87,0.2,124.38
OL-09393,ORD-13824,CUST-1118,PROD-021,2024-08-19,3,38.34,0.1,103.52
OL-09394,ORD-13824,CUST-1118,PROD-030,2024-08-19,3,33.74,0.15,86.04
OL-09395,ORD-13824,CUST-1118,PROD-015,2024-08-19,2,295.3,0,590.6
OL-09396,ORD-13825,CUST-1118,PROD-011,2024-10-11,5,103.76,0.2,415.04
OL-09397,ORD-13825,CUST-1118,PROD-022,2024-10-11,3,27.82,0.05,79.29
OL-09398,ORD-13826,CUST-1118,PROD-006,2025-04-25,4,689.21,0.2,2205.47
OL-09399,ORD-13827,CUST-1118,PROD-011,2025-02-16,5,103.76,0.2,415.04
OL-09400,ORD-13827,CUST-1118,PROD-031,2025-02-16,2,164.42,0.1,295.96
OL-09401,ORD-13828,CUST-1118,PROD-021,2025-01-21,4,38.34,0,153.36
OL-09402,ORD-13828,CUST-1118,PROD-011,2025-01-21,5,103.76,0.1,466.92
OL-09403,ORD-13828,CUST-1118,PROD-014,2025-01-21,5,487.6,0,2438
OL-09404,ORD-13828,CUST-1118,PROD-026,2025-01-21,2,54.35,0,108.7
OL-09405,ORD-13829,CUST-1118,PROD-034,2025-10-27,3,79.8,0,239.4
OL-09406,ORD-13829,CUST-1118,PROD-022,2025-10-27,4,27.82,0,111.28
OL-09407,ORD-13830,CUST-1118,PROD-006,2024-10-03,1,689.21,0,689.21
OL-09408,ORD-13830,CUST-1118,PROD-022,2024-10-03,3,27.82,0,83.46
OL-09409,ORD-13830,CUST-1118,PROD-037,2024-10-03,4,23.39,0.1,84.2
OL-09410,ORD-13831,CUST-1118,PROD-031,2025-09-16,5,164.42,0,822.1
OL-09411,ORD-13831,CUST-1118,PROD-021,2025-09-16,1,38.34,0.15,32.59
OL-09412,ORD-13831,CUST-1118,PROD-015,2025-09-16,2,295.3,0.15,502.01
OL-09413,ORD-13832,CUST-1118,PROD-025,2025-12-29,5,25.5,0,127.5
OL-09414,ORD-13832,CUST-1118,PROD-016,2025-12-29,4,189.62,0,758.48
OL-09415,ORD-13832,CUST-1118,PROD-022,2025-12-29,3,27.82,0,83.46
OL-09416,ORD-13832,CUST-1118,PROD-011,2025-12-29,4,103.76,0.15,352.78
OL-09417,ORD-13833,CUST-1118,PROD-018,2024-11-27,1,9.52,0.1,8.57
OL-09418,ORD-13834,CUST-1118,PROD-002,2025-03-03,2,505.32,0,1010.64
OL-09419,ORD-13834,CUST-1118,PROD-026,2025-03-03,3,54.35,0.05,154.9
OL-09420,ORD-13835,CUST-1118,PROD-034,2024-10-12,5,79.8,0.05,379.05
OL-09421,ORD-13836,CUST-1118,PROD-013,2025-05-30,2,134.4,0.15,228.48
OL-09422,ORD-13836,CUST-1118,PROD-029,2025-05-30,4,32.8,0,131.2
OL-09423,ORD-13836,CUST-1118,PROD-010,2025-05-30,5,121.48,0.2,485.92
OL-09424,ORD-13836,CUST-1118,PROD-034,2025-05-30,2,79.8,0.15,135.66
OL-09425,ORD-13837,CUST-1118,PROD-019,2024-12-23,1,21.71,0.15,18.45
OL-09426,ORD-13838,CUST-1118,PROD-031,2025-07-13,1,164.42,0.2,131.54
OL-09427,ORD-13839,CUST-1118,PROD-004,2025-11-29,1,921.23,0.1,829.11
OL-09428,ORD-13839,CUST-1118,PROD-016,2025-11-29,3,189.62,0,568.86
OL-09429,ORD-13839,CUST-1118,PROD-013,2025-11-29,3,134.4,0,403.2
OL-09430,ORD-13839,CUST-1118,PROD-015,2025-11-29,5,295.3,0.15,1255.02
OL-09431,ORD-13840,CUST-1119,PROD-027,2024-04-25,1,52.67,0.15,44.77
OL-09432,ORD-13840,CUST-1119,PROD-028,2024-04-25,2,65.64,0.15,111.59
OL-09433,ORD-13841,CUST-1119,PROD-006,2024-05-18,4,689.21,0.1,2481.16
OL-09434,ORD-13841,CUST-1119,PROD-015,2024-05-18,5,295.3,0,1476.5
OL-09435,ORD-13842,CUST-1120,PROD-005,2025-12-29,5,843.32,0,4216.6
OL-09436,ORD-13842,CUST-1120,PROD-003,2025-12-29,4,722.82,0.05,2746.72
OL-09437,ORD-13843,CUST-1121,PROD-032,2025-11-09,3,129.73,0.2,311.35
OL-09438,ORD-13843,CUST-1121,PROD-030,2025-11-09,4,33.74,0.05,128.21
OL-09439,ORD-13843,CUST-1121,PROD-016,2025-11-09,3,189.62,0,568.86
OL-09440,ORD-13843,CUST-1121,PROD-027,2025-11-09,3,52.67,0,158.01
OL-09441,ORD-13844,CUST-1122,PROD-014,2025-12-22,3,487.6,0.1,1316.52
OL-09442,ORD-13845,CUST-1123,PROD-017,2025-06-10,1,242.78,0,242.78
OL-09443,ORD-13845,CUST-1123,PROD-013,2025-06-10,1,134.4,0,134.4
OL-09444,ORD-13845,CUST-1123,PROD-023,2025-06-10,4,88.43,0.1,318.35
OL-09445,ORD-13846,CUST-1123,PROD-024,2025-10-07,1,38.87,0.1,34.98
OL-09446,ORD-13846,CUST-1123,PROD-014,2025-10-07,5,487.6,0.15,2072.3
OL-09447,ORD-13846,CUST-1123,PROD-016,2025-10-07,2,189.62,0,379.24
OL-09448,ORD-13847,CUST-1124,PROD-006,2024-11-01,3,689.21,0.15,1757.49
OL-09449,ORD-13847,CUST-1124,PROD-014,2024-11-01,1,487.6,0,487.6
OL-09450,ORD-13848,CUST-1124,PROD-022,2025-10-17,1,27.82,0,27.82
OL-09451,ORD-13848,CUST-1124,PROD-002,2025-10-17,4,505.32,0,2021.28
OL-09452,ORD-13848,CUST-1124,PROD-030,2025-10-17,1,33.74,0.05,32.05
OL-09453,ORD-13849,CUST-1124,PROD-001,2025-01-25,1,1226.38,0,1226.38
OL-09454,ORD-13849,CUST-1124,PROD-025,2025-01-25,1,25.5,0.15,21.68
OL-09455,ORD-13849,CUST-1124,PROD-029,2025-01-25,3,32.8,0,98.4
OL-09456,ORD-13849,CUST-1124,PROD-019,2025-01-25,5,21.71,0.05,103.12
OL-09457,ORD-13850,CUST-1124,PROD-007,2025-06-27,3,511.33,0.1,1380.59
OL-09458,ORD-13850,CUST-1124,PROD-027,2025-06-27,2,52.67,0.15,89.54
OL-09459,ORD-13851,CUST-1124,PROD-030,2025-03-26,1,33.74,0,33.74
OL-09460,ORD-13851,CUST-1124,PROD-016,2025-03-26,5,189.62,0,948.1
OL-09461,ORD-13852,CUST-1124,PROD-037,2024-12-13,3,23.39,0,70.17
OL-09462,ORD-13852,CUST-1124,PROD-021,2024-12-13,1,38.34,0,38.34
OL-09463,ORD-13852,CUST-1124,PROD-031,2024-12-13,2,164.42,0.15,279.51
OL-09464,ORD-13852,CUST-1124,PROD-011,2024-12-13,3,103.76,0.1,280.15
OL-09465,ORD-13853,CUST-1124,PROD-030,2025-09-29,2,33.74,0,67.48
OL-09466,ORD-13853,CUST-1124,PROD-008,2025-09-29,5,342.59,0,1712.95
OL-09467,ORD-13854,CUST-1124,PROD-034,2025-08-17,5,79.8,0.15,339.15
OL-09468,ORD-13854,CUST-1124,PROD-036,2025-08-17,5,97.89,0,489.45
OL-09469,ORD-13854,CUST-1124,PROD-006,2025-08-17,5,689.21,0,3446.05
OL-09470,ORD-13855,CUST-1124,PROD-022,2024-12-28,4,27.82,0.15,94.59
OL-09471,ORD-13855,CUST-1124,PROD-005,2024-12-28,3,843.32,0,2529.96
OL-09472,ORD-13855,CUST-1124,PROD-018,2024-12-28,4,9.52,0,38.08
OL-09473,ORD-13855,CUST-1124,PROD-021,2024-12-28,3,38.34,0,115.02
OL-09474,ORD-13856,CUST-1124,PROD-002,2025-03-17,3,505.32,0,1515.96
OL-09475,ORD-13857,CUST-1124,PROD-020,2025-05-24,5,37.73,0.05,179.22
OL-09476,ORD-13857,CUST-1124,PROD-010,2025-05-24,4,121.48,0.1,437.33
OL-09477,ORD-13858,CUST-1124,PROD-017,2025-05-22,1,242.78,0.1,218.5
OL-09478,ORD-13858,CUST-1124,PROD-032,2025-05-22,5,129.73,0.05,616.22
OL-09479,ORD-13858,CUST-1124,PROD-001,2025-05-22,4,1226.38,0.1,4414.97
OL-09480,ORD-13859,CUST-1124,PROD-003,2025-11-02,4,722.82,0.05,2746.72
OL-09481,ORD-13859,CUST-1124,PROD-008,2025-11-02,1,342.59,0.15,291.2
OL-09482,ORD-13859,CUST-1124,PROD-020,2025-11-02,5,37.73,0.15,160.35
OL-09483,ORD-13860,CUST-1125,PROD-028,2025-04-09,2,65.64,0.2,105.02
OL-09484,ORD-13860,CUST-1125,PROD-032,2025-04-09,3,129.73,0,389.19
OL-09485,ORD-13861,CUST-1126,PROD-004,2025-07-08,3,921.23,0.15,2349.14
OL-09486,ORD-13862,CUST-1126,PROD-031,2025-08-31,3,164.42,0.15,419.27
OL-09487,ORD-13862,CUST-1126,PROD-003,2025-08-31,4,722.82,0,2891.28
OL-09488,ORD-13862,CUST-1126,PROD-032,2025-08-31,2,129.73,0,259.46
OL-09489,ORD-13862,CUST-1126,PROD-016,2025-08-31,4,189.62,0,758.48
OL-09490,ORD-13863,CUST-1126,PROD-001,2025-11-13,1,1226.38,0.05,1165.06
OL-09491,ORD-13863,CUST-1126,PROD-032,2025-11-13,3,129.73,0,389.19
OL-09492,ORD-13863,CUST-1126,PROD-009,2025-11-13,4,89.78,0,359.12
OL-09493,ORD-13864,CUST-1127,PROD-023,2024-09-18,2,88.43,0.2,141.49
OL-09494,ORD-13864,CUST-1127,PROD-019,2024-09-18,2,21.71,0.2,34.74
OL-09495,ORD-13864,CUST-1127,PROD-012,2024-09-18,5,109.67,0.2,438.68
OL-09496,ORD-13864,CUST-1127,PROD-033,2024-09-18,4,70.03,0.05,266.11
OL-09497,ORD-13865,CUST-1128,PROD-006,2024-09-14,4,689.21,0.05,2619
OL-09498,ORD-13865,CUST-1128,PROD-023,2024-09-14,5,88.43,0.1,397.94
OL-09499,ORD-13865,CUST-1128,PROD-004,2024-09-14,1,921.23,0,921.23
OL-09500,ORD-13866,CUST-1128,PROD-008,2025-03-31,4,342.59,0,1370.36
OL-09501,ORD-13866,CUST-1128,PROD-021,2025-03-31,4,38.34,0.05,145.69
OL-09502,ORD-13866,CUST-1128,PROD-024,2025-03-31,5,38.87,0.1,174.91
OL-09503,ORD-13866,CUST-1128,PROD-027,2025-03-31,3,52.67,0,158.01
OL-09504,ORD-13867,CUST-1128,PROD-027,2025-07-15,4,52.67,0,210.68
OL-09505,ORD-13867,CUST-1128,PROD-016,2025-07-15,4,189.62,0.15,644.71
OL-09506,ORD-13868,CUST-1128,PROD-037,2024-10-06,1,23.39,0.15,19.88
OL-09507,ORD-13868,CUST-1128,PROD-024,2024-10-06,4,38.87,0,155.48
OL-09508,ORD-13868,CUST-1128,PROD-021,2024-10-06,1,38.34,0,38.34
OL-09509,ORD-13869,CUST-1129,PROD-027,2024-12-30,2,52.67,0,105.34
OL-09510,ORD-13869,CUST-1129,PROD-013,2024-12-30,3,134.4,0,403.2
OL-09511,ORD-13869,CUST-1129,PROD-012,2024-12-30,5,109.67,0,548.35
OL-09512,ORD-13870,CUST-1129,PROD-026,2025-07-24,2,54.35,0.15,92.39
OL-09513,ORD-13870,CUST-1129,PROD-005,2025-07-24,4,843.32,0.1,3035.95
OL-09514,ORD-13870,CUST-1129,PROD-009,2025-07-24,4,89.78,0.2,287.3
OL-09515,ORD-13870,CUST-1129,PROD-006,2025-07-24,3,689.21,0.1,1860.87
OL-09516,ORD-13871,CUST-1130,PROD-032,2025-12-30,4,129.73,0.1,467.03
OL-09517,ORD-13871,CUST-1130,PROD-036,2025-12-30,5,97.89,0.15,416.03
OL-09518,ORD-13871,CUST-1130,PROD-020,2025-12-30,5,37.73,0.05,179.22
OL-09519,ORD-13871,CUST-1130,PROD-034,2025-12-30,2,79.8,0,159.6
OL-09520,ORD-13872,CUST-1131,PROD-004,2024-12-27,2,921.23,0.05,1750.34
OL-09521,ORD-13872,CUST-1131,PROD-023,2024-12-27,1,88.43,0,88.43
OL-09522,ORD-13873,CUST-1132,PROD-037,2025-03-05,4,23.39,0,93.56
OL-09523,ORD-13873,CUST-1132,PROD-012,2025-03-05,2,109.67,0,219.34
OL-09524,ORD-13873,CUST-1132,PROD-023,2025-03-05,1,88.43,0,88.43
OL-09525,ORD-13873,CUST-1132,PROD-006,2025-03-05,2,689.21,0.05,1309.5
OL-09526,ORD-13874,CUST-1132,PROD-001,2025-08-11,2,1226.38,0,2452.76
OL-09527,ORD-13874,CUST-1132,PROD-008,2025-08-11,5,342.59,0,1712.95
OL-09528,ORD-13874,CUST-1132,PROD-032,2025-08-11,5,129.73,0.2,518.92
OL-09529,ORD-13874,CUST-1132,PROD-025,2025-08-11,5,25.5,0.2,102
OL-09530,ORD-13875,CUST-1132,PROD-030,2025-10-23,5,33.74,0,168.7
OL-09531,ORD-13875,CUST-1132,PROD-002,2025-10-23,3,505.32,0,1515.96
OL-09532,ORD-13876,CUST-1133,PROD-027,2025-02-17,2,52.67,0,105.34
OL-09533,ORD-13877,CUST-1134,PROD-027,2024-06-04,2,52.67,0,105.34
OL-09534,ORD-13878,CUST-1135,PROD-014,2025-05-05,3,487.6,0.05,1389.66
OL-09535,ORD-13878,CUST-1135,PROD-023,2025-05-05,5,88.43,0.15,375.83
OL-09536,ORD-13878,CUST-1135,PROD-032,2025-05-05,3,129.73,0,389.19
OL-09537,ORD-13878,CUST-1135,PROD-030,2025-05-05,5,33.74,0.1,151.83
OL-09538,ORD-13879,CUST-1135,PROD-001,2025-10-25,3,1226.38,0,3679.14
OL-09539,ORD-13880,CUST-1136,PROD-014,2024-09-03,2,487.6,0.05,926.44
OL-09540,ORD-13881,CUST-1137,PROD-014,2025-12-10,2,487.6,0,975.2
OL-09541,ORD-13882,CUST-1138,PROD-029,2025-09-22,4,32.8,0,131.2
OL-09542,ORD-13882,CUST-1138,PROD-020,2025-09-22,3,37.73,0,113.19
OL-09543,ORD-13883,CUST-1139,PROD-022,2024-12-14,1,27.82,0,27.82
OL-09544,ORD-13883,CUST-1139,PROD-027,2024-12-14,5,52.67,0.1,237.02
OL-09545,ORD-13884,CUST-1139,PROD-001,2025-12-17,5,1226.38,0,6131.9
OL-09546,ORD-13884,CUST-1139,PROD-016,2025-12-17,4,189.62,0.2,606.78
OL-09547,ORD-13885,CUST-1140,PROD-033,2024-02-13,1,70.03,0.1,63.03
OL-09548,ORD-13885,CUST-1140,PROD-027,2024-02-13,3,52.67,0,158.01
OL-09549,ORD-13885,CUST-1140,PROD-009,2024-02-13,1,89.78,0.15,76.31
OL-09550,ORD-13886,CUST-1140,PROD-011,2024-04-21,5,103.76,0.2,415.04
OL-09551,ORD-13887,CUST-1140,PROD-032,2024-04-09,4,129.73,0.05,492.97
OL-09552,ORD-13887,CUST-1140,PROD-002,2024-04-09,4,505.32,0,2021.28
OL-09553,ORD-13887,CUST-1140,PROD-014,2024-04-09,4,487.6,0.15,1657.84
OL-09554,ORD-13887,CUST-1140,PROD-026,2024-04-09,5,54.35,0,271.75
OL-09555,ORD-13888,CUST-1140,PROD-033,2024-10-31,2,70.03,0,140.06
OL-09556,ORD-13888,CUST-1140,PROD-005,2024-10-31,4,843.32,0.2,2698.62
OL-09557,ORD-13889,CUST-1140,PROD-022,2024-08-14,2,27.82,0.15,47.29
OL-09558,ORD-13889,CUST-1140,PROD-001,2024-08-14,4,1226.38,0.1,4414.97
OL-09559,ORD-13889,CUST-1140,PROD-013,2024-08-14,1,134.4,0.15,114.24
OL-09560,ORD-13890,CUST-1140,PROD-002,2024-05-27,3,505.32,0,1515.96
OL-09561,ORD-13890,CUST-1140,PROD-015,2024-05-27,3,295.3,0.15,753.02
OL-09562,ORD-13890,CUST-1140,PROD-032,2024-05-27,2,129.73,0.15,220.54
OL-09563,ORD-13891,CUST-1140,PROD-013,2025-03-15,2,134.4,0.15,228.48
OL-09564,ORD-13892,CUST-1141,PROD-009,2024-09-14,4,89.78,0.05,341.16
OL-09565,ORD-13892,CUST-1141,PROD-029,2024-09-14,1,32.8,0.1,29.52
OL-09566,ORD-13892,CUST-1141,PROD-022,2024-09-14,3,27.82,0,83.46
OL-09567,ORD-13893,CUST-1141,PROD-004,2025-11-19,4,921.23,0.1,3316.43
OL-09568,ORD-13893,CUST-1141,PROD-024,2025-11-19,4,38.87,0.1,139.93
OL-09569,ORD-13894,CUST-1141,PROD-005,2024-10-30,2,843.32,0,1686.64
OL-09570,ORD-13894,CUST-1141,PROD-009,2024-10-30,5,89.78,0,448.9
OL-09571,ORD-13894,CUST-1141,PROD-026,2024-10-30,5,54.35,0.1,244.58
OL-09572,ORD-13894,CUST-1141,PROD-022,2024-10-30,1,27.82,0.1,25.04
OL-09573,ORD-13895,CUST-1141,PROD-033,2025-03-30,5,70.03,0.1,315.13
OL-09574,ORD-13895,CUST-1141,PROD-016,2025-03-30,2,189.62,0,379.24
OL-09575,ORD-13896,CUST-1142,PROD-021,2025-04-06,1,38.34,0,38.34
OL-09576,ORD-13897,CUST-1143,PROD-032,2025-05-31,1,129.73,0,129.73
OL-09577,ORD-13897,CUST-1143,PROD-027,2025-05-31,4,52.67,0.15,179.08
OL-09578,ORD-13897,CUST-1143,PROD-018,2025-05-31,1,9.52,0.05,9.04
OL-09579,ORD-13897,CUST-1143,PROD-037,2025-05-31,3,23.39,0.05,66.66
OL-09580,ORD-13898,CUST-1144,PROD-009,2025-02-26,2,89.78,0.15,152.63
OL-09581,ORD-13898,CUST-1144,PROD-033,2025-02-26,4,70.03,0,280.12
OL-09582,ORD-13898,CUST-1144,PROD-011,2025-02-26,5,103.76,0.15,440.98
OL-09583,ORD-13899,CUST-1144,PROD-037,2025-08-27,5,23.39,0,116.95
OL-09584,ORD-13899,CUST-1144,PROD-002,2025-08-27,5,505.32,0.2,2021.28
OL-09585,ORD-13899,CUST-1144,PROD-009,2025-08-27,3,89.78,0.1,242.41
OL-09586,ORD-13900,CUST-1145,PROD-017,2024-04-02,4,242.78,0.05,922.56
OL-09587,ORD-13900,CUST-1145,PROD-021,2024-04-02,4,38.34,0.2,122.69
OL-09588,ORD-13901,CUST-1145,PROD-016,2024-11-05,5,189.62,0.1,853.29
OL-09589,ORD-13902,CUST-1146,PROD-022,2024-07-13,3,27.82,0.1,75.11
OL-09590,ORD-13902,CUST-1146,PROD-002,2024-07-13,3,505.32,0.15,1288.57
OL-09591,ORD-13902,CUST-1146,PROD-003,2024-07-13,4,722.82,0.15,2457.59
OL-09592,ORD-13902,CUST-1146,PROD-006,2024-07-13,4,689.21,0.1,2481.16
OL-09593,ORD-13903,CUST-1146,PROD-014,2024-11-01,3,487.6,0.2,1170.24
OL-09594,ORD-13903,CUST-1146,PROD-037,2024-11-01,5,23.39,0.2,93.56
OL-09595,ORD-13904,CUST-1146,PROD-001,2024-11-01,2,1226.38,0.15,2084.85
OL-09596,ORD-13904,CUST-1146,PROD-008,2024-11-01,4,342.59,0,1370.36
OL-09597,ORD-13904,CUST-1146,PROD-019,2024-11-01,4,21.71,0.05,82.5
OL-09598,ORD-13904,CUST-1146,PROD-006,2024-11-01,1,689.21,0.1,620.29
OL-09599,ORD-13905,CUST-1146,PROD-015,2025-08-28,5,295.3,0.05,1402.67
OL-09600,ORD-13905,CUST-1146,PROD-027,2025-08-28,5,52.67,0,263.35
OL-09601,ORD-13905,CUST-1146,PROD-003,2025-08-28,4,722.82,0,2891.28
OL-09602,ORD-13906,CUST-1146,PROD-002,2024-07-28,2,505.32,0.1,909.58
OL-09603,ORD-13906,CUST-1146,PROD-015,2024-07-28,5,295.3,0,1476.5
OL-09604,ORD-13907,CUST-1146,PROD-011,2025-11-23,1,103.76,0.2,83.01
OL-09605,ORD-13908,CUST-1146,PROD-026,2025-11-07,4,54.35,0,217.4
OL-09606,ORD-13908,CUST-1146,PROD-031,2025-11-07,1,164.42,0,164.42
OL-09607,ORD-13908,CUST-1146,PROD-028,2025-11-07,4,65.64,0,262.56
OL-09608,ORD-13908,CUST-1146,PROD-015,2025-11-07,3,295.3,0.2,708.72
OL-09609,ORD-13909,CUST-1146,PROD-025,2024-12-03,4,25.5,0.05,96.9
OL-09610,ORD-13909,CUST-1146,PROD-024,2024-12-03,1,38.87,0.05,36.93
OL-09611,ORD-13910,CUST-1146,PROD-001,2025-06-20,3,1226.38,0.05,3495.18
OL-09612,ORD-13911,CUST-1146,PROD-032,2025-06-30,5,129.73,0.05,616.22
OL-09613,ORD-13911,CUST-1146,PROD-019,2025-06-30,4,21.71,0.05,82.5
OL-09614,ORD-13911,CUST-1146,PROD-013,2025-06-30,1,134.4,0,134.4
OL-09615,ORD-13912,CUST-1146,PROD-029,2024-12-08,4,32.8,0,131.2
OL-09616,ORD-13912,CUST-1146,PROD-013,2024-12-08,5,134.4,0,672
OL-09617,ORD-13912,CUST-1146,PROD-016,2024-12-08,5,189.62,0.15,805.88
OL-09618,ORD-13912,CUST-1146,PROD-005,2024-12-08,3,843.32,0,2529.96
OL-09619,ORD-13913,CUST-1146,PROD-016,2025-03-02,5,189.62,0.05,900.69
OL-09620,ORD-13913,CUST-1146,PROD-004,2025-03-02,5,921.23,0,4606.15
OL-09621,ORD-13913,CUST-1146,PROD-023,2025-03-02,1,88.43,0.2,70.74
OL-09622,ORD-13913,CUST-1146,PROD-034,2025-03-02,2,79.8,0,159.6
OL-09623,ORD-13914,CUST-1146,PROD-009,2024-11-13,5,89.78,0.2,359.12
OL-09624,ORD-13915,CUST-1146,PROD-027,2024-10-26,4,52.67,0.2,168.54
OL-09625,ORD-13915,CUST-1146,PROD-009,2024-10-26,5,89.78,0,448.9
OL-09626,ORD-13915,CUST-1146,PROD-021,2024-10-26,1,38.34,0.1,34.51
OL-09627,ORD-13915,CUST-1146,PROD-018,2024-10-26,3,9.52,0.1,25.7
OL-09628,ORD-13916,CUST-1146,PROD-001,2024-08-23,4,1226.38,0,4905.52
OL-09629,ORD-13916,CUST-1146,PROD-006,2024-08-23,3,689.21,0.1,1860.87
OL-09630,ORD-13916,CUST-1146,PROD-019,2024-08-23,4,21.71,0.2,69.47
OL-09631,ORD-13917,CUST-1146,PROD-003,2025-08-07,1,722.82,0,722.82
OL-09632,ORD-13918,CUST-1147,PROD-003,2025-12-14,4,722.82,0,2891.28
OL-09633,ORD-13919,CUST-1148,PROD-017,2025-04-12,2,242.78,0.15,412.73
OL-09634,ORD-13919,CUST-1148,PROD-026,2025-04-12,3,54.35,0.15,138.59
OL-09635,ORD-13919,CUST-1148,PROD-029,2025-04-12,4,32.8,0,131.2
OL-09636,ORD-13920,CUST-1148,PROD-037,2025-08-29,5,23.39,0,116.95
OL-09637,ORD-13920,CUST-1148,PROD-015,2025-08-29,1,295.3,0,295.3
OL-09638,ORD-13920,CUST-1148,PROD-003,2025-08-29,1,722.82,0.1,650.54
OL-09639,ORD-13920,CUST-1148,PROD-036,2025-08-29,5,97.89,0,489.45
OL-09640,ORD-13921,CUST-1149,PROD-032,2025-04-16,2,129.73,0,259.46
OL-09641,ORD-13921,CUST-1149,PROD-005,2025-04-16,2,843.32,0,1686.64
OL-09642,ORD-13921,CUST-1149,PROD-034,2025-04-16,3,79.8,0,239.4
OL-09643,ORD-13921,CUST-1149,PROD-015,2025-04-16,2,295.3,0.15,502.01
OL-09644,ORD-13922,CUST-1150,PROD-012,2024-10-10,1,109.67,0,109.67
OL-09645,ORD-13922,CUST-1150,PROD-023,2024-10-10,5,88.43,0.15,375.83
OL-09646,ORD-13922,CUST-1150,PROD-005,2024-10-10,1,843.32,0,843.32
OL-09647,ORD-13923,CUST-1150,PROD-020,2025-11-15,3,37.73,0,113.19
OL-09648,ORD-13923,CUST-1150,PROD-001,2025-11-15,5,1226.38,0,6131.9
OL-09649,ORD-13923,CUST-1150,PROD-037,2025-11-15,1,23.39,0.2,18.71
OL-09650,ORD-13924,CUST-1150,PROD-037,2025-01-25,2,23.39,0.2,37.42
OL-09651,ORD-13924,CUST-1150,PROD-029,2025-01-25,2,32.8,0,65.6
OL-09652,ORD-13924,CUST-1150,PROD-003,2025-01-25,5,722.82,0.1,3252.69
OL-09653,ORD-13925,CUST-1150,PROD-027,2025-10-23,1,52.67,0.15,44.77
OL-09654,ORD-13925,CUST-1150,PROD-030,2025-10-23,4,33.74,0.2,107.97
OL-09655,ORD-13925,CUST-1150,PROD-025,2025-10-23,2,25.5,0.2,40.8
OL-09656,ORD-13925,CUST-1150,PROD-028,2025-10-23,5,65.64,0.1,295.38
OL-09657,ORD-13926,CUST-1151,PROD-013,2024-02-24,3,134.4,0,403.2
OL-09658,ORD-13927,CUST-1151,PROD-037,2025-02-05,5,23.39,0,116.95
OL-09659,ORD-13927,CUST-1151,PROD-031,2025-02-05,5,164.42,0.05,780.99
OL-09660,ORD-13928,CUST-1151,PROD-013,2024-08-04,1,134.4,0.1,120.96
OL-09661,ORD-13928,CUST-1151,PROD-002,2024-08-04,2,505.32,0.05,960.11
OL-09662,ORD-13928,CUST-1151,PROD-034,2024-08-04,2,79.8,0,159.6
OL-09663,ORD-13929,CUST-1151,PROD-029,2025-02-27,2,32.8,0.05,62.32
OL-09664,ORD-13929,CUST-1151,PROD-001,2025-02-27,4,1226.38,0,4905.52
OL-09665,ORD-13930,CUST-1151,PROD-001,2024-11-27,1,1226.38,0,1226.38
OL-09666,ORD-13930,CUST-1151,PROD-031,2024-11-27,3,164.42,0.1,443.93
OL-09667,ORD-13931,CUST-1151,PROD-008,2024-04-20,1,342.59,0.2,274.07
OL-09668,ORD-13931,CUST-1151,PROD-015,2024-04-20,4,295.3,0.1,1063.08
OL-09669,ORD-13931,CUST-1151,PROD-007,2024-04-20,4,511.33,0,2045.32
OL-09670,ORD-13932,CUST-1151,PROD-029,2024-09-01,5,32.8,0,164
OL-09671,ORD-13932,CUST-1151,PROD-026,2024-09-01,5,54.35,0.1,244.58
OL-09672,ORD-13932,CUST-1151,PROD-032,2024-09-01,5,129.73,0,648.65
OL-09673,ORD-13932,CUST-1151,PROD-005,2024-09-01,1,843.32,0.2,674.66
OL-09674,ORD-13933,CUST-1151,PROD-010,2024-07-05,5,121.48,0.05,577.03
OL-09675,ORD-13934,CUST-1151,PROD-018,2024-08-21,5,9.52,0.2,38.08
OL-09676,ORD-13934,CUST-1151,PROD-003,2024-08-21,2,722.82,0,1445.64
OL-09677,ORD-13934,CUST-1151,PROD-023,2024-08-21,1,88.43,0,88.43
OL-09678,ORD-13934,CUST-1151,PROD-033,2024-08-21,4,70.03,0,280.12
OL-09679,ORD-13935,CUST-1152,PROD-032,2025-06-02,5,129.73,0.2,518.92
OL-09680,ORD-13935,CUST-1152,PROD-034,2025-06-02,2,79.8,0,159.6
OL-09681,ORD-13935,CUST-1152,PROD-031,2025-06-02,5,164.42,0.05,780.99
OL-09682,ORD-13935,CUST-1152,PROD-008,2025-06-02,2,342.59,0.05,650.92
OL-09683,ORD-13936,CUST-1152,PROD-030,2025-11-29,4,33.74,0,134.96
OL-09684,ORD-13936,CUST-1152,PROD-005,2025-11-29,5,843.32,0.2,3373.28
OL-09685,ORD-13936,CUST-1152,PROD-013,2025-11-29,4,134.4,0.05,510.72
OL-09686,ORD-13937,CUST-1153,PROD-007,2024-10-30,2,511.33,0.05,971.53
OL-09687,ORD-13937,CUST-1153,PROD-020,2024-10-30,3,37.73,0.2,90.55
OL-09688,ORD-13937,CUST-1153,PROD-021,2024-10-30,2,38.34,0,76.68
OL-09689,ORD-13938,CUST-1153,PROD-020,2025-06-29,2,37.73,0.2,60.37
OL-09690,ORD-13938,CUST-1153,PROD-034,2025-06-29,3,79.8,0,239.4
OL-09691,ORD-13938,CUST-1153,PROD-035,2025-06-29,4,75.75,0.15,257.55
OL-09692,ORD-13939,CUST-1154,PROD-008,2024-05-31,5,342.59,0,1712.95
OL-09693,ORD-13940,CUST-1154,PROD-007,2025-10-13,1,511.33,0,511.33
OL-09694,ORD-13941,CUST-1154,PROD-031,2025-06-26,3,164.42,0,493.26
OL-09695,ORD-13941,CUST-1154,PROD-016,2025-06-26,3,189.62,0.05,540.42
OL-09696,ORD-13941,CUST-1154,PROD-015,2025-06-26,4,295.3,0,1181.2
OL-09697,ORD-13941,CUST-1154,PROD-035,2025-06-26,4,75.75,0.05,287.85
OL-09698,ORD-13942,CUST-1154,PROD-004,2024-07-03,1,921.23,0.1,829.11
OL-09699,ORD-13942,CUST-1154,PROD-027,2024-07-03,5,52.67,0,263.35
OL-09700,ORD-13942,CUST-1154,PROD-035,2024-07-03,5,75.75,0.15,321.94
OL-09701,ORD-13943,CUST-1154,PROD-015,2024-09-30,3,295.3,0.05,841.61
OL-09702,ORD-13944,CUST-1154,PROD-012,2024-11-27,4,109.67,0,438.68
OL-09703,ORD-13945,CUST-1154,PROD-004,2025-03-02,4,921.23,0,3684.92
OL-09704,ORD-13945,CUST-1154,PROD-016,2025-03-02,2,189.62,0.2,303.39
OL-09705,ORD-13945,CUST-1154,PROD-020,2025-03-02,2,37.73,0.2,60.37
OL-09706,ORD-13945,CUST-1154,PROD-023,2025-03-02,5,88.43,0.1,397.94
OL-09707,ORD-13946,CUST-1154,PROD-020,2024-08-31,2,37.73,0,75.46
OL-09708,ORD-13946,CUST-1154,PROD-024,2024-08-31,3,38.87,0.05,110.78
OL-09709,ORD-13947,CUST-1154,PROD-005,2024-07-12,4,843.32,0.2,2698.62
OL-09710,ORD-13947,CUST-1154,PROD-021,2024-07-12,5,38.34,0.15,162.95
OL-09711,ORD-13947,CUST-1154,PROD-022,2024-07-12,2,27.82,0.05,52.86
OL-09712,ORD-13948,CUST-1155,PROD-013,2025-07-19,2,134.4,0,268.8
OL-09713,ORD-13949,CUST-1156,PROD-030,2025-08-18,4,33.74,0,134.96
OL-09714,ORD-13949,CUST-1156,PROD-006,2025-08-18,5,689.21,0.15,2929.14
OL-09715,ORD-13950,CUST-1157,PROD-033,2025-09-04,5,70.03,0.05,332.64
OL-09716,ORD-13950,CUST-1157,PROD-025,2025-09-04,3,25.5,0.05,72.67
OL-09717,ORD-13951,CUST-1158,PROD-014,2024-03-04,1,487.6,0,487.6
OL-09718,ORD-13951,CUST-1158,PROD-031,2024-03-04,5,164.42,0,822.1
OL-09719,ORD-13952,CUST-1158,PROD-031,2025-02-15,2,164.42,0.05,312.4
OL-09720,ORD-13952,CUST-1158,PROD-036,2025-02-15,5,97.89,0,489.45
OL-09721,ORD-13952,CUST-1158,PROD-029,2025-02-15,5,32.8,0.2,131.2
OL-09722,ORD-13953,CUST-1158,PROD-010,2024-06-23,2,121.48,0.15,206.52
OL-09723,ORD-13954,CUST-1158,PROD-006,2025-01-05,2,689.21,0.1,1240.58
OL-09724,ORD-13954,CUST-1158,PROD-012,2025-01-05,1,109.67,0.2,87.74
OL-09725,ORD-13954,CUST-1158,PROD-015,2025-01-05,4,295.3,0,1181.2
OL-09726,ORD-13955,CUST-1158,PROD-017,2024-09-13,5,242.78,0,1213.9
OL-09727,ORD-13955,CUST-1158,PROD-007,2024-09-13,3,511.33,0,1533.99
OL-09728,ORD-13956,CUST-1158,PROD-005,2024-09-23,3,843.32,0.1,2276.96
OL-09729,ORD-13956,CUST-1158,PROD-035,2024-09-23,5,75.75,0,378.75
OL-09730,ORD-13956,CUST-1158,PROD-011,2024-09-23,1,103.76,0,103.76
OL-09731,ORD-13957,CUST-1158,PROD-004,2025-04-15,2,921.23,0,1842.46
OL-09732,ORD-13958,CUST-1158,PROD-002,2024-10-10,2,505.32,0.1,909.58
OL-09733,ORD-13958,CUST-1158,PROD-013,2024-10-10,2,134.4,0.05,255.36
OL-09734,ORD-13959,CUST-1158,PROD-021,2024-11-17,5,38.34,0,191.7
OL-09735,ORD-13959,CUST-1158,PROD-020,2024-11-17,3,37.73,0.05,107.53
OL-09736,ORD-13960,CUST-1158,PROD-024,2025-01-09,5,38.87,0.1,174.91
OL-09737,ORD-13960,CUST-1158,PROD-029,2025-01-09,4,32.8,0.15,111.52
OL-09738,ORD-13960,CUST-1158,PROD-007,2025-01-09,2,511.33,0,1022.66
OL-09739,ORD-13960,CUST-1158,PROD-028,2025-01-09,2,65.64,0,131.28
OL-09740,ORD-13961,CUST-1158,PROD-004,2025-04-22,2,921.23,0.2,1473.97
OL-09741,ORD-13961,CUST-1158,PROD-034,2025-04-22,5,79.8,0.05,379.05
OL-09742,ORD-13961,CUST-1158,PROD-027,2025-04-22,5,52.67,0,263.35
OL-09743,ORD-13962,CUST-1158,PROD-014,2024-10-02,4,487.6,0,1950.4
OL-09744,ORD-13962,CUST-1158,PROD-020,2024-10-02,5,37.73,0.2,150.92
OL-09745,ORD-13962,CUST-1158,PROD-029,2024-10-02,5,32.8,0,164
OL-09746,ORD-13963,CUST-1158,PROD-037,2024-07-04,2,23.39,0.2,37.42
OL-09747,ORD-13964,CUST-1158,PROD-012,2024-09-20,4,109.67,0.15,372.88
OL-09748,ORD-13964,CUST-1158,PROD-034,2024-09-20,2,79.8,0.05,151.62
OL-09749,ORD-13964,CUST-1158,PROD-019,2024-09-20,2,21.71,0,43.42
OL-09750,ORD-13964,CUST-1158,PROD-026,2024-09-20,4,54.35,0,217.4
OL-09751,ORD-13965,CUST-1158,PROD-036,2024-07-21,3,97.89,0.05,278.99
OL-09752,ORD-13966,CUST-1158,PROD-031,2024-04-09,2,164.42,0.15,279.51
OL-09753,ORD-13967,CUST-1158,PROD-033,2024-10-06,2,70.03,0,140.06
OL-09754,ORD-13967,CUST-1158,PROD-001,2024-10-06,4,1226.38,0,4905.52
OL-09755,ORD-13968,CUST-1159,PROD-033,2025-11-14,3,70.03,0.2,168.07
OL-09756,ORD-13969,CUST-1160,PROD-019,2024-12-07,2,21.71,0,43.42
OL-09757,ORD-13969,CUST-1160,PROD-037,2024-12-07,2,23.39,0.2,37.42
OL-09758,ORD-13969,CUST-1160,PROD-006,2024-12-07,1,689.21,0,689.21
OL-09759,ORD-13969,CUST-1160,PROD-028,2024-12-07,1,65.64,0,65.64
OL-09760,ORD-13970,CUST-1161,PROD-025,2025-07-17,4,25.5,0,102
OL-09761,ORD-13971,CUST-1162,PROD-012,2024-11-02,3,109.67,0.2,263.21
OL-09762,ORD-13971,CUST-1162,PROD-010,2024-11-02,3,121.48,0,364.44
OL-09763,ORD-13971,CUST-1162,PROD-034,2024-11-02,1,79.8,0,79.8
OL-09764,ORD-13971,CUST-1162,PROD-018,2024-11-02,1,9.52,0.1,8.57
OL-09765,ORD-13972,CUST-1163,PROD-030,2025-10-08,2,33.74,0.1,60.73
OL-09766,ORD-13972,CUST-1163,PROD-025,2025-10-08,3,25.5,0,76.5
OL-09767,ORD-13972,CUST-1163,PROD-010,2025-10-08,1,121.48,0.15,103.26
OL-09768,ORD-13973,CUST-1163,PROD-034,2025-10-23,1,79.8,0.05,75.81
OL-09769,ORD-13973,CUST-1163,PROD-028,2025-10-23,4,65.64,0.15,223.18
OL-09770,ORD-13973,CUST-1163,PROD-006,2025-10-23,1,689.21,0.15,585.83
OL-09771,ORD-13974,CUST-1164,PROD-012,2025-12-19,4,109.67,0,438.68
OL-09772,ORD-13975,CUST-1165,PROD-007,2025-01-13,4,511.33,0,2045.32
OL-09773,ORD-13976,CUST-1166,PROD-013,2025-04-07,4,134.4,0.2,430.08
OL-09774,ORD-13976,CUST-1166,PROD-033,2025-04-07,2,70.03,0,140.06
OL-09775,ORD-13976,CUST-1166,PROD-007,2025-04-07,3,511.33,0,1533.99
OL-09776,ORD-13977,CUST-1166,PROD-025,2025-05-04,3,25.5,0.05,72.67
OL-09777,ORD-13977,CUST-1166,PROD-032,2025-05-04,2,129.73,0.2,207.57
OL-09778,ORD-13977,CUST-1166,PROD-035,2025-05-04,2,75.75,0,151.5
OL-09779,ORD-13977,CUST-1166,PROD-019,2025-05-04,4,21.71,0,86.84
OL-09780,ORD-13978,CUST-1166,PROD-018,2025-05-20,2,9.52,0.2,15.23
OL-09781,ORD-13978,CUST-1166,PROD-010,2025-05-20,5,121.48,0.1,546.66
OL-09782,ORD-13979,CUST-1166,PROD-018,2025-07-30,4,9.52,0,38.08
OL-09783,ORD-13979,CUST-1166,PROD-017,2025-07-30,1,242.78,0.15,206.36
OL-09784,ORD-13979,CUST-1166,PROD-001,2025-07-30,1,1226.38,0.15,1042.42
OL-09785,ORD-13980,CUST-1166,PROD-034,2025-12-15,1,79.8,0,79.8
OL-09786,ORD-13980,CUST-1166,PROD-024,2025-12-15,2,38.87,0.15,66.08
OL-09787,ORD-13981,CUST-1167,PROD-002,2024-06-22,1,505.32,0,505.32
OL-09788,ORD-13981,CUST-1167,PROD-028,2024-06-22,5,65.64,0,328.2
OL-09789,ORD-13981,CUST-1167,PROD-029,2024-06-22,2,32.8,0,65.6
OL-09790,ORD-13982,CUST-1167,PROD-008,2025-06-08,1,342.59,0,342.59
OL-09791,ORD-13982,CUST-1167,PROD-032,2025-06-08,4,129.73,0.1,467.03
OL-09792,ORD-13983,CUST-1167,PROD-023,2025-07-31,2,88.43,0.1,159.17
OL-09793,ORD-13983,CUST-1167,PROD-017,2025-07-31,5,242.78,0.15,1031.82
OL-09794,ORD-13983,CUST-1167,PROD-005,2025-07-31,2,843.32,0,1686.64
OL-09795,ORD-13984,CUST-1167,PROD-011,2025-07-27,2,103.76,0.1,186.77
OL-09796,ORD-13984,CUST-1167,PROD-001,2025-07-27,5,1226.38,0,6131.9
OL-09797,ORD-13985,CUST-1167,PROD-004,2025-01-05,5,921.23,0.2,3684.92
OL-09798,ORD-13985,CUST-1167,PROD-033,2025-01-05,3,70.03,0,210.09
OL-09799,ORD-13986,CUST-1167,PROD-026,2024-09-01,2,54.35,0.05,103.27
OL-09800,ORD-13986,CUST-1167,PROD-036,2024-09-01,5,97.89,0.05,464.98
OL-09801,ORD-13986,CUST-1167,PROD-001,2024-09-01,2,1226.38,0,2452.76
OL-09802,ORD-13986,CUST-1167,PROD-008,2024-09-01,1,342.59,0.2,274.07
OL-09803,ORD-13987,CUST-1167,PROD-031,2024-12-21,2,164.42,0.15,279.51
OL-09804,ORD-13988,CUST-1167,PROD-005,2024-09-14,2,843.32,0,1686.64
OL-09805,ORD-13988,CUST-1167,PROD-015,2024-09-14,2,295.3,0.2,472.48
OL-09806,ORD-13988,CUST-1167,PROD-019,2024-09-14,2,21.71,0,43.42
OL-09807,ORD-13989,CUST-1167,PROD-032,2024-07-30,5,129.73,0.05,616.22
OL-09808,ORD-13989,CUST-1167,PROD-017,2024-07-30,2,242.78,0.2,388.45
OL-09809,ORD-13990,CUST-1167,PROD-033,2024-11-06,3,70.03,0,210.09
OL-09810,ORD-13990,CUST-1167,PROD-019,2024-11-06,2,21.71,0.05,41.25
OL-09811,ORD-13991,CUST-1167,PROD-023,2025-05-31,2,88.43,0.2,141.49
OL-09812,ORD-13991,CUST-1167,PROD-017,2025-05-31,5,242.78,0.2,971.12
OL-09813,ORD-13991,CUST-1167,PROD-014,2025-05-31,3,487.6,0.15,1243.38
OL-09814,ORD-13991,CUST-1167,PROD-018,2025-05-31,5,9.52,0,47.6
OL-09815,ORD-13992,CUST-1167,PROD-002,2024-10-12,4,505.32,0.15,1718.09
OL-09816,ORD-13992,CUST-1167,PROD-034,2024-10-12,3,79.8,0.2,191.52
OL-09817,ORD-13993,CUST-1167,PROD-036,2024-08-25,2,97.89,0.1,176.2
OL-09818,ORD-13993,CUST-1167,PROD-027,2024-08-25,1,52.67,0.1,47.4
OL-09819,ORD-13993,CUST-1167,PROD-016,2024-08-25,3,189.62,0.2,455.09
OL-09820,ORD-13994,CUST-1167,PROD-004,2024-07-17,4,921.23,0.15,3132.18
OL-09821,ORD-13994,CUST-1167,PROD-018,2024-07-17,1,9.52,0,9.52
OL-09822,ORD-13994,CUST-1167,PROD-033,2024-07-17,5,70.03,0,350.15
OL-09823,ORD-13995,CUST-1168,PROD-008,2024-11-20,2,342.59,0.05,650.92
OL-09824,ORD-13995,CUST-1168,PROD-036,2024-11-20,4,97.89,0,391.56
OL-09825,ORD-13995,CUST-1168,PROD-009,2024-11-20,1,89.78,0,89.78
OL-09826,ORD-13996,CUST-1168,PROD-031,2025-10-15,3,164.42,0,493.26
OL-09827,ORD-13997,CUST-1168,PROD-037,2025-04-15,4,23.39,0,93.56
OL-09828,ORD-13997,CUST-1168,PROD-015,2025-04-15,4,295.3,0,1181.2
OL-09829,ORD-13997,CUST-1168,PROD-007,2025-04-15,1,511.33,0,511.33
OL-09830,ORD-13997,CUST-1168,PROD-005,2025-04-15,2,843.32,0.15,1433.64
OL-09831,ORD-13998,CUST-1168,PROD-026,2025-04-15,3,54.35,0.1,146.75
OL-09832,ORD-13998,CUST-1168,PROD-034,2025-04-15,4,79.8,0,319.2
OL-09833,ORD-13998,CUST-1168,PROD-033,2025-04-15,4,70.03,0.2,224.1
OL-09834,ORD-13999,CUST-1168,PROD-019,2025-03-21,4,21.71,0,86.84
OL-09835,ORD-13999,CUST-1168,PROD-018,2025-03-21,4,9.52,0,38.08
OL-09836,ORD-13999,CUST-1168,PROD-025,2025-03-21,2,25.5,0.05,48.45
OL-09837,ORD-13999,CUST-1168,PROD-026,2025-03-21,4,54.35,0.15,184.79
OL-09838,ORD-14000,CUST-1169,PROD-031,2024-11-08,2,164.42,0,328.84
OL-09839,ORD-14000,CUST-1169,PROD-017,2024-11-08,5,242.78,0,1213.9
OL-09840,ORD-14000,CUST-1169,PROD-007,2024-11-08,5,511.33,0,2556.65
OL-09841,ORD-14001,CUST-1170,PROD-034,2025-02-16,3,79.8,0.2,191.52
OL-09842,ORD-14001,CUST-1170,PROD-014,2025-02-16,2,487.6,0.2,780.16
OL-09843,ORD-14001,CUST-1170,PROD-033,2025-02-16,5,70.03,0.15,297.63
OL-09844,ORD-14001,CUST-1170,PROD-010,2025-02-16,5,121.48,0.15,516.29
OL-09845,ORD-14002,CUST-1170,PROD-020,2025-07-25,2,37.73,0.1,67.91
OL-09846,ORD-14003,CUST-1171,PROD-008,2024-01-28,2,342.59,0.05,650.92
OL-09847,ORD-14003,CUST-1171,PROD-026,2024-01-28,5,54.35,0.2,217.4
OL-09848,ORD-14003,CUST-1171,PROD-002,2024-01-28,3,505.32,0.05,1440.16
OL-09849,ORD-14004,CUST-1171,PROD-009,2024-09-25,5,89.78,0,448.9
OL-09850,ORD-14004,CUST-1171,PROD-028,2024-09-25,5,65.64,0,328.2
OL-09851,ORD-14004,CUST-1171,PROD-027,2024-09-25,2,52.67,0.15,89.54
OL-09852,ORD-14005,CUST-1171,PROD-028,2025-02-26,2,65.64,0.05,124.72
OL-09853,ORD-14006,CUST-1171,PROD-030,2024-10-10,3,33.74,0,101.22
OL-09854,ORD-14007,CUST-1171,PROD-016,2024-06-25,3,189.62,0,568.86
OL-09855,ORD-14008,CUST-1171,PROD-018,2024-10-19,5,9.52,0,47.6
OL-09856,ORD-14008,CUST-1171,PROD-011,2024-10-19,1,103.76,0,103.76
OL-09857,ORD-14008,CUST-1171,PROD-033,2024-10-19,5,70.03,0.2,280.12
OL-09858,ORD-14008,CUST-1171,PROD-015,2024-10-19,3,295.3,0,885.9
OL-09859,ORD-14009,CUST-1171,PROD-009,2024-12-15,5,89.78,0.15,381.56
OL-09860,ORD-14009,CUST-1171,PROD-026,2024-12-15,5,54.35,0,271.75
OL-09861,ORD-14009,CUST-1171,PROD-003,2024-12-15,2,722.82,0,1445.64
OL-09862,ORD-14010,CUST-1172,PROD-016,2025-12-01,1,189.62,0,189.62
OL-09863,ORD-14010,CUST-1172,PROD-019,2025-12-01,5,21.71,0.2,86.84
OL-09864,ORD-14010,CUST-1172,PROD-002,2025-12-01,5,505.32,0.05,2400.27
OL-09865,ORD-14010,CUST-1172,PROD-006,2025-12-01,3,689.21,0.05,1964.25
OL-09866,ORD-14011,CUST-1173,PROD-013,2025-04-05,3,134.4,0.2,322.56
OL-09867,ORD-14011,CUST-1173,PROD-029,2025-04-05,5,32.8,0.1,147.6
OL-09868,ORD-14011,CUST-1173,PROD-030,2025-04-05,1,33.74,0.1,30.37
OL-09869,ORD-14011,CUST-1173,PROD-003,2025-04-05,4,722.82,0.05,2746.72
OL-09870,ORD-14012,CUST-1174,PROD-024,2024-04-15,5,38.87,0.05,184.63
OL-09871,ORD-14012,CUST-1174,PROD-025,2024-04-15,4,25.5,0,102
OL-09872,ORD-14012,CUST-1174,PROD-022,2024-04-15,5,27.82,0.05,132.14
OL-09873,ORD-14013,CUST-1174,PROD-013,2024-06-17,3,134.4,0,403.2
OL-09874,ORD-14014,CUST-1175,PROD-014,2024-09-26,1,487.6,0.1,438.84
OL-09875,ORD-14014,CUST-1175,PROD-026,2024-09-26,1,54.35,0,54.35
OL-09876,ORD-14014,CUST-1175,PROD-035,2024-09-26,1,75.75,0.15,64.39
OL-09877,ORD-14014,CUST-1175,PROD-007,2024-09-26,4,511.33,0,2045.32
OL-09878,ORD-14015,CUST-1175,PROD-014,2025-05-18,2,487.6,0.2,780.16
OL-09879,ORD-14015,CUST-1175,PROD-003,2025-05-18,1,722.82,0.15,614.4
OL-09880,ORD-14015,CUST-1175,PROD-031,2025-05-18,5,164.42,0.15,698.78
OL-09881,ORD-14016,CUST-1175,PROD-030,2025-11-21,5,33.74,0,168.7
OL-09882,ORD-14016,CUST-1175,PROD-005,2025-11-21,4,843.32,0,3373.28
OL-09883,ORD-14016,CUST-1175,PROD-028,2025-11-21,5,65.64,0.05,311.79
OL-09884,ORD-14016,CUST-1175,PROD-037,2025-11-21,2,23.39,0,46.78
OL-09885,ORD-14017,CUST-1175,PROD-020,2025-05-09,1,37.73,0,37.73
OL-09886,ORD-14017,CUST-1175,PROD-005,2025-05-09,3,843.32,0.1,2276.96
OL-09887,ORD-14018,CUST-1175,PROD-029,2025-12-24,4,32.8,0,131.2
OL-09888,ORD-14018,CUST-1175,PROD-036,2025-12-24,2,97.89,0.05,185.99
OL-09889,ORD-14018,CUST-1175,PROD-027,2025-12-24,3,52.67,0.2,126.41
OL-09890,ORD-14019,CUST-1175,PROD-036,2025-06-12,5,97.89,0,489.45
OL-09891,ORD-14019,CUST-1175,PROD-005,2025-06-12,5,843.32,0.2,3373.28
OL-09892,ORD-14020,CUST-1175,PROD-032,2024-12-10,5,129.73,0.15,551.35
OL-09893,ORD-14020,CUST-1175,PROD-036,2024-12-10,5,97.89,0.1,440.5
OL-09894,ORD-14021,CUST-1175,PROD-017,2025-04-16,5,242.78,0,1213.9
OL-09895,ORD-14021,CUST-1175,PROD-037,2025-04-16,5,23.39,0.05,111.1
OL-09896,ORD-14022,CUST-1176,PROD-007,2024-07-05,3,511.33,0,1533.99
OL-09897,ORD-14022,CUST-1176,PROD-023,2024-07-05,2,88.43,0.05,168.02
OL-09898,ORD-14022,CUST-1176,PROD-036,2024-07-05,2,97.89,0,195.78
OL-09899,ORD-14023,CUST-1176,PROD-014,2025-07-16,2,487.6,0,975.2
OL-09900,ORD-14023,CUST-1176,PROD-030,2025-07-16,5,33.74,0,168.7
OL-09901,ORD-14023,CUST-1176,PROD-027,2025-07-16,3,52.67,0.1,142.21
OL-09902,ORD-14024,CUST-1176,PROD-002,2025-02-11,5,505.32,0.2,2021.28
OL-09903,ORD-14024,CUST-1176,PROD-032,2025-02-11,3,129.73,0,389.19
OL-09904,ORD-14024,CUST-1176,PROD-008,2025-02-11,5,342.59,0.15,1456.01
OL-09905,ORD-14024,CUST-1176,PROD-028,2025-02-11,1,65.64,0,65.64
OL-09906,ORD-14025,CUST-1176,PROD-001,2025-08-07,1,1226.38,0.2,981.1
OL-09907,ORD-14025,CUST-1176,PROD-004,2025-08-07,4,921.23,0,3684.92
OL-09908,ORD-14025,CUST-1176,PROD-018,2025-08-07,4,9.52,0,38.08
OL-09909,ORD-14026,CUST-1176,PROD-008,2024-10-04,4,342.59,0,1370.36
OL-09910,ORD-14026,CUST-1176,PROD-004,2024-10-04,1,921.23,0.05,875.17
OL-09911,ORD-14027,CUST-1176,PROD-011,2025-08-17,5,103.76,0.1,466.92
OL-09912,ORD-14027,CUST-1176,PROD-027,2025-08-17,3,52.67,0.15,134.31
OL-09913,ORD-14027,CUST-1176,PROD-034,2025-08-17,3,79.8,0,239.4
OL-09914,ORD-14027,CUST-1176,PROD-012,2025-08-17,4,109.67,0,438.68
OL-09915,ORD-14028,CUST-1177,PROD-017,2024-03-01,5,242.78,0,1213.9
OL-09916,ORD-14028,CUST-1177,PROD-032,2024-03-01,3,129.73,0,389.19
OL-09917,ORD-14028,CUST-1177,PROD-037,2024-03-01,5,23.39,0.05,111.1
OL-09918,ORD-14029,CUST-1177,PROD-027,2025-03-04,3,52.67,0.05,150.11
OL-09919,ORD-14029,CUST-1177,PROD-021,2025-03-04,3,38.34,0.1,103.52
OL-09920,ORD-14030,CUST-1177,PROD-036,2025-06-20,1,97.89,0.2,78.31
OL-09921,ORD-14030,CUST-1177,PROD-016,2025-06-20,3,189.62,0,568.86
OL-09922,ORD-14030,CUST-1177,PROD-031,2025-06-20,5,164.42,0.15,698.78
OL-09923,ORD-14030,CUST-1177,PROD-005,2025-06-20,2,843.32,0,1686.64
OL-09924,ORD-14031,CUST-1177,PROD-028,2025-02-10,4,65.64,0.05,249.43
OL-09925,ORD-14032,CUST-1177,PROD-013,2024-05-16,1,134.4,0.05,127.68
OL-09926,ORD-14032,CUST-1177,PROD-026,2024-05-16,3,54.35,0,163.05
OL-09927,ORD-14032,CUST-1177,PROD-001,2024-05-16,1,1226.38,0,1226.38
OL-09928,ORD-14033,CUST-1177,PROD-023,2024-04-16,1,88.43,0,88.43
OL-09929,ORD-14033,CUST-1177,PROD-025,2024-04-16,3,25.5,0,76.5
OL-09930,ORD-14034,CUST-1177,PROD-027,2024-06-26,4,52.67,0.2,168.54
OL-09931,ORD-14035,CUST-1177,PROD-023,2024-11-24,4,88.43,0,353.72
OL-09932,ORD-14035,CUST-1177,PROD-010,2024-11-24,2,121.48,0.05,230.81
OL-09933,ORD-14035,CUST-1177,PROD-031,2024-11-24,5,164.42,0.15,698.78
OL-09934,ORD-14035,CUST-1177,PROD-001,2024-11-24,4,1226.38,0,4905.52
OL-09935,ORD-14036,CUST-1177,PROD-014,2024-10-26,3,487.6,0,1462.8
OL-09936,ORD-14036,CUST-1177,PROD-021,2024-10-26,4,38.34,0,153.36
OL-09937,ORD-14036,CUST-1177,PROD-001,2024-10-26,5,1226.38,0.15,5212.12
OL-09938,ORD-14036,CUST-1177,PROD-027,2024-10-26,5,52.67,0,263.35
OL-09939,ORD-14037,CUST-1177,PROD-014,2025-03-03,1,487.6,0.05,463.22
OL-09940,ORD-14037,CUST-1177,PROD-033,2025-03-03,4,70.03,0.05,266.11
OL-09941,ORD-14037,CUST-1177,PROD-036,2025-03-03,4,97.89,0,391.56
OL-09942,ORD-14038,CUST-1177,PROD-029,2025-07-06,2,32.8,0.15,55.76
OL-09943,ORD-14038,CUST-1177,PROD-003,2025-07-06,3,722.82,0,2168.46
OL-09944,ORD-14039,CUST-1177,PROD-026,2024-07-20,2,54.35,0.1,97.83
OL-09945,ORD-14040,CUST-1178,PROD-033,2024-12-30,3,70.03,0.05,199.59
OL-09946,ORD-14040,CUST-1178,PROD-020,2024-12-30,2,37.73,0,75.46
OL-09947,ORD-14040,CUST-1178,PROD-027,2024-12-30,4,52.67,0,210.68
OL-09948,ORD-14041,CUST-1179,PROD-025,2025-11-18,2,25.5,0.15,43.35
OL-09949,ORD-14041,CUST-1179,PROD-030,2025-11-18,1,33.74,0.15,28.68
OL-09950,ORD-14041,CUST-1179,PROD-033,2025-11-18,2,70.03,0.05,133.06
OL-09951,ORD-14042,CUST-1180,PROD-007,2025-10-17,2,511.33,0.05,971.53
OL-09952,ORD-14042,CUST-1180,PROD-021,2025-10-17,1,38.34,0,38.34
OL-09953,ORD-14042,CUST-1180,PROD-023,2025-10-17,3,88.43,0,265.29
OL-09954,ORD-14042,CUST-1180,PROD-003,2025-10-17,5,722.82,0.2,2891.28
OL-09955,ORD-14043,CUST-1181,PROD-009,2025-11-18,2,89.78,0.2,143.65
OL-09956,ORD-14044,CUST-1182,PROD-028,2024-10-30,4,65.64,0.05,249.43
OL-09957,ORD-14045,CUST-1182,PROD-021,2025-06-24,2,38.34,0,76.68
OL-09958,ORD-14045,CUST-1182,PROD-019,2025-06-24,2,21.71,0.15,36.91
OL-09959,ORD-14045,CUST-1182,PROD-001,2025-06-24,1,1226.38,0.15,1042.42
OL-09960,ORD-14045,CUST-1182,PROD-015,2025-06-24,4,295.3,0.1,1063.08
OL-09961,ORD-14046,CUST-1182,PROD-022,2025-04-05,2,27.82,0.1,50.08
OL-09962,ORD-14046,CUST-1182,PROD-015,2025-04-05,4,295.3,0,1181.2
OL-09963,ORD-14047,CUST-1183,PROD-024,2024-11-09,5,38.87,0,194.35
OL-09964,ORD-14048,CUST-1183,PROD-022,2025-03-26,4,27.82,0,111.28
OL-09965,ORD-14049,CUST-1183,PROD-015,2025-02-27,4,295.3,0.2,944.96
OL-09966,ORD-14050,CUST-1184,PROD-019,2024-11-08,2,21.71,0.05,41.25
OL-09967,ORD-14050,CUST-1184,PROD-023,2024-11-08,1,88.43,0,88.43
OL-09968,ORD-14050,CUST-1184,PROD-022,2024-11-08,1,27.82,0,27.82
OL-09969,ORD-14050,CUST-1184,PROD-024,2024-11-08,4,38.87,0,155.48
OL-09970,ORD-14051,CUST-1184,PROD-024,2025-12-04,3,38.87,0,116.61
OL-09971,ORD-14051,CUST-1184,PROD-032,2025-12-04,5,129.73,0,648.65
OL-09972,ORD-14051,CUST-1184,PROD-001,2025-12-04,1,1226.38,0.1,1103.74
OL-09973,ORD-14052,CUST-1184,PROD-018,2025-06-15,2,9.52,0,19.04
OL-09974,ORD-14052,CUST-1184,PROD-019,2025-06-15,5,21.71,0.1,97.7
OL-09975,ORD-14052,CUST-1184,PROD-006,2025-06-15,5,689.21,0.1,3101.45
OL-09976,ORD-14052,CUST-1184,PROD-009,2025-06-15,4,89.78,0.15,305.25
OL-09977,ORD-14053,CUST-1184,PROD-036,2025-02-19,4,97.89,0,391.56
OL-09978,ORD-14053,CUST-1184,PROD-026,2025-02-19,3,54.35,0.05,154.9
OL-09979,ORD-14053,CUST-1184,PROD-010,2025-02-19,1,121.48,0,121.48
OL-09980,ORD-14054,CUST-1184,PROD-022,2025-06-07,1,27.82,0,27.82
OL-09981,ORD-14054,CUST-1184,PROD-023,2025-06-07,1,88.43,0.05,84.01
OL-09982,ORD-14055,CUST-1185,PROD-024,2024-11-09,5,38.87,0,194.35
OL-09983,ORD-14055,CUST-1185,PROD-005,2024-11-09,5,843.32,0,4216.6
OL-09984,ORD-14055,CUST-1185,PROD-013,2024-11-09,2,134.4,0,268.8
OL-09985,ORD-14055,CUST-1185,PROD-031,2024-11-09,2,164.42,0.05,312.4
OL-09986,ORD-14056,CUST-1186,PROD-018,2024-09-14,3,9.52,0.1,25.7
OL-09987,ORD-14056,CUST-1186,PROD-017,2024-09-14,1,242.78,0.15,206.36
OL-09988,ORD-14057,CUST-1186,PROD-028,2024-11-01,3,65.64,0.05,187.07
OL-09989,ORD-14057,CUST-1186,PROD-011,2024-11-01,1,103.76,0.05,98.57
OL-09990,ORD-14057,CUST-1186,PROD-008,2024-11-01,3,342.59,0.15,873.6
OL-09991,ORD-14057,CUST-1186,PROD-013,2024-11-01,4,134.4,0,537.6
OL-09992,ORD-14058,CUST-1186,PROD-028,2025-03-11,2,65.64,0,131.28
OL-09993,ORD-14058,CUST-1186,PROD-022,2025-03-11,2,27.82,0,55.64
OL-09994,ORD-14059,CUST-1186,PROD-029,2025-12-06,1,32.8,0,32.8
OL-09995,ORD-14059,CUST-1186,PROD-003,2025-12-06,1,722.82,0,722.82
OL-09996,ORD-14059,CUST-1186,PROD-033,2025-12-06,5,70.03,0.15,297.63
OL-09997,ORD-14060,CUST-1186,PROD-029,2024-11-23,5,32.8,0.1,147.6
OL-09998,ORD-14060,CUST-1186,PROD-005,2024-11-23,5,843.32,0,4216.6
OL-09999,ORD-14061,CUST-1186,PROD-016,2024-10-21,5,189.62,0.15,805.88
OL-10000,ORD-14061,CUST-1186,PROD-029,2024-10-21,1,32.8,0.2,26.24
OL-10001,ORD-14061,CUST-1186,PROD-020,2024-10-21,2,37.73,0.05,71.69
OL-10002,ORD-14062,CUST-1186,PROD-032,2025-06-19,5,129.73,0,648.65
OL-10003,ORD-14063,CUST-1186,PROD-034,2024-10-03,1,79.8,0,79.8
OL-10004,ORD-14064,CUST-1186,PROD-022,2025-06-19,5,27.82,0,139.1
OL-10005,ORD-14065,CUST-1186,PROD-018,2025-07-05,1,9.52,0,9.52
OL-10006,ORD-14066,CUST-1186,PROD-002,2025-01-17,5,505.32,0.2,2021.28
OL-10007,ORD-14066,CUST-1186,PROD-022,2025-01-17,1,27.82,0.15,23.65
OL-10008,ORD-14066,CUST-1186,PROD-003,2025-01-17,1,722.82,0,722.82
OL-10009,ORD-14067,CUST-1186,PROD-022,2025-04-09,4,27.82,0.2,89.02
OL-10010,ORD-14067,CUST-1186,PROD-034,2025-04-09,5,79.8,0.1,359.1
OL-10011,ORD-14068,CUST-1186,PROD-007,2024-10-18,1,511.33,0,511.33
OL-10012,ORD-14068,CUST-1186,PROD-016,2024-10-18,4,189.62,0.15,644.71
OL-10013,ORD-14069,CUST-1186,PROD-027,2025-04-29,1,52.67,0,52.67
OL-10014,ORD-14069,CUST-1186,PROD-002,2025-04-29,3,505.32,0.05,1440.16
OL-10015,ORD-14069,CUST-1186,PROD-009,2025-04-29,4,89.78,0.2,287.3
OL-10016,ORD-14070,CUST-1186,PROD-010,2025-05-03,2,121.48,0.15,206.52
OL-10017,ORD-14070,CUST-1186,PROD-033,2025-05-03,3,70.03,0.1,189.08
OL-10018,ORD-14070,CUST-1186,PROD-008,2025-05-03,5,342.59,0.2,1370.36
OL-10019,ORD-14071,CUST-1186,PROD-011,2025-01-04,5,103.76,0.1,466.92
OL-10020,ORD-14071,CUST-1186,PROD-004,2025-01-04,5,921.23,0.2,3684.92
OL-10021,ORD-14071,CUST-1186,PROD-030,2025-01-04,3,33.74,0.1,91.1
OL-10022,ORD-14071,CUST-1186,PROD-018,2025-01-04,3,9.52,0.1,25.7
OL-10023,ORD-14072,CUST-1186,PROD-025,2024-11-06,5,25.5,0,127.5
OL-10024,ORD-14072,CUST-1186,PROD-001,2024-11-06,1,1226.38,0,1226.38
OL-10025,ORD-14073,CUST-1186,PROD-017,2025-01-21,4,242.78,0,971.12
OL-10026,ORD-14074,CUST-1186,PROD-032,2025-04-30,4,129.73,0,518.92
OL-10027,ORD-14074,CUST-1186,PROD-008,2025-04-30,4,342.59,0.2,1096.29
OL-10028,ORD-14074,CUST-1186,PROD-027,2025-04-30,5,52.67,0.15,223.85
OL-10029,ORD-14075,CUST-1186,PROD-002,2024-11-17,5,505.32,0.1,2273.94
OL-10030,ORD-14075,CUST-1186,PROD-019,2024-11-17,3,21.71,0.2,52.1
OL-10031,ORD-14076,CUST-1186,PROD-016,2024-10-28,4,189.62,0,758.48
OL-10032,ORD-14076,CUST-1186,PROD-033,2024-10-28,1,70.03,0.05,66.53
OL-10033,ORD-14076,CUST-1186,PROD-037,2024-10-28,3,23.39,0,70.17
OL-10034,ORD-14077,CUST-1186,PROD-010,2024-10-19,2,121.48,0.2,194.37
OL-10035,ORD-14077,CUST-1186,PROD-037,2024-10-19,2,23.39,0.2,37.42
OL-10036,ORD-14077,CUST-1186,PROD-021,2024-10-19,2,38.34,0,76.68
OL-10037,ORD-14077,CUST-1186,PROD-013,2024-10-19,4,134.4,0,537.6
OL-10038,ORD-14078,CUST-1187,PROD-025,2025-07-25,4,25.5,0,102
OL-10039,ORD-14078,CUST-1187,PROD-017,2025-07-25,2,242.78,0.15,412.73
OL-10040,ORD-14078,CUST-1187,PROD-007,2025-07-25,5,511.33,0,2556.65
OL-10041,ORD-14078,CUST-1187,PROD-012,2025-07-25,3,109.67,0.05,312.56
OL-10042,ORD-14079,CUST-1187,PROD-035,2025-12-15,5,75.75,0.15,321.94
OL-10043,ORD-14079,CUST-1187,PROD-026,2025-12-15,1,54.35,0.15,46.2
OL-10044,ORD-14079,CUST-1187,PROD-008,2025-12-15,3,342.59,0.2,822.22
OL-10045,ORD-14080,CUST-1188,PROD-020,2024-10-05,5,37.73,0,188.65
OL-10046,ORD-14080,CUST-1188,PROD-003,2024-10-05,3,722.82,0,2168.46
OL-10047,ORD-14081,CUST-1189,PROD-010,2024-10-24,5,121.48,0,607.4
OL-10048,ORD-14081,CUST-1189,PROD-031,2024-10-24,5,164.42,0.1,739.89
OL-10049,ORD-14081,CUST-1189,PROD-033,2024-10-24,5,70.03,0,350.15
OL-10050,ORD-14082,CUST-1189,PROD-001,2025-09-05,5,1226.38,0.05,5825.31
OL-10051,ORD-14082,CUST-1189,PROD-028,2025-09-05,3,65.64,0.05,187.07
OL-10052,ORD-14083,CUST-1190,PROD-012,2025-11-26,5,109.67,0.05,520.93
OL-10053,ORD-14083,CUST-1190,PROD-024,2025-11-26,2,38.87,0.05,73.85
OL-10054,ORD-14084,CUST-1191,PROD-009,2025-12-18,4,89.78,0.1,323.21
OL-10055,ORD-14084,CUST-1191,PROD-016,2025-12-18,2,189.62,0,379.24
OL-10056,ORD-14085,CUST-1192,PROD-031,2025-07-08,2,164.42,0,328.84
OL-10057,ORD-14085,CUST-1192,PROD-022,2025-07-08,1,27.82,0.1,25.04
OL-10058,ORD-14086,CUST-1192,PROD-022,2025-11-05,1,27.82,0,27.82
OL-10059,ORD-14086,CUST-1192,PROD-031,2025-11-05,2,164.42,0.1,295.96
OL-10060,ORD-14086,CUST-1192,PROD-036,2025-11-05,1,97.89,0,97.89
OL-10061,ORD-14087,CUST-1193,PROD-006,2024-02-02,5,689.21,0,3446.05
OL-10062,ORD-14087,CUST-1193,PROD-002,2024-02-02,3,505.32,0.2,1212.77
OL-10063,ORD-14087,CUST-1193,PROD-027,2024-02-02,1,52.67,0,52.67
OL-10064,ORD-14087,CUST-1193,PROD-009,2024-02-02,4,89.78,0.15,305.25
OL-10065,ORD-14088,CUST-1193,PROD-018,2025-03-12,3,9.52,0.15,24.28
OL-10066,ORD-14088,CUST-1193,PROD-030,2025-03-12,2,33.74,0,67.48
OL-10067,ORD-14088,CUST-1193,PROD-015,2025-03-12,1,295.3,0.2,236.24
OL-10068,ORD-14089,CUST-1193,PROD-016,2025-01-11,2,189.62,0,379.24
OL-10069,ORD-14089,CUST-1193,PROD-005,2025-01-11,2,843.32,0.15,1433.64
OL-10070,ORD-14089,CUST-1193,PROD-002,2025-01-11,1,505.32,0.2,404.26
OL-10071,ORD-14090,CUST-1194,PROD-028,2025-02-05,4,65.64,0.05,249.43
OL-10072,ORD-14090,CUST-1194,PROD-030,2025-02-05,4,33.74,0.15,114.72
OL-10073,ORD-14090,CUST-1194,PROD-037,2025-02-05,3,23.39,0.05,66.66
OL-10074,ORD-14090,CUST-1194,PROD-004,2025-02-05,4,921.23,0.15,3132.18
OL-10075,ORD-14091,CUST-1195,PROD-007,2025-11-02,1,511.33,0.15,434.63
OL-10076,ORD-14092,CUST-1196,PROD-019,2025-06-10,1,21.71,0.1,19.54
OL-10077,ORD-14093,CUST-1196,PROD-016,2025-10-20,2,189.62,0.05,360.28
OL-10078,ORD-14093,CUST-1196,PROD-030,2025-10-20,1,33.74,0.2,26.99
OL-10079,ORD-14093,CUST-1196,PROD-036,2025-10-20,1,97.89,0.15,83.21
OL-10080,ORD-14094,CUST-1197,PROD-031,2025-02-26,3,164.42,0,493.26
OL-10081,ORD-14094,CUST-1197,PROD-023,2025-02-26,2,88.43,0,176.86
OL-10082,ORD-14094,CUST-1197,PROD-015,2025-02-26,2,295.3,0.1,531.54
OL-10083,ORD-14094,CUST-1197,PROD-013,2025-02-26,2,134.4,0.1,241.92
OL-10084,ORD-14095,CUST-1197,PROD-017,2025-05-18,3,242.78,0.2,582.67
OL-10085,ORD-14095,CUST-1197,PROD-009,2025-05-18,4,89.78,0.05,341.16
OL-10086,ORD-14096,CUST-1197,PROD-030,2025-10-29,3,33.74,0.05,96.16
OL-10087,ORD-14096,CUST-1197,PROD-017,2025-10-29,3,242.78,0,728.34
OL-10088,ORD-14097,CUST-1197,PROD-034,2025-06-05,5,79.8,0,399
OL-10089,ORD-14098,CUST-1197,PROD-007,2025-06-16,3,511.33,0.1,1380.59
OL-10090,ORD-14099,CUST-1197,PROD-003,2025-08-18,5,722.82,0,3614.1
OL-10091,ORD-14099,CUST-1197,PROD-015,2025-08-18,5,295.3,0.2,1181.2
OL-10092,ORD-14099,CUST-1197,PROD-025,2025-08-18,4,25.5,0.15,86.7
OL-10093,ORD-14099,CUST-1197,PROD-013,2025-08-18,5,134.4,0.05,638.4
OL-10094,ORD-14100,CUST-1197,PROD-012,2025-12-15,4,109.67,0,438.68
OL-10095,ORD-14100,CUST-1197,PROD-002,2025-12-15,5,505.32,0.2,2021.28
OL-10096,ORD-14100,CUST-1197,PROD-019,2025-12-15,5,21.71,0,108.55
OL-10097,ORD-14101,CUST-1197,PROD-029,2025-09-17,4,32.8,0.1,118.08
OL-10098,ORD-14101,CUST-1197,PROD-031,2025-09-17,2,164.42,0.15,279.51
OL-10099,ORD-14101,CUST-1197,PROD-004,2025-09-17,5,921.23,0,4606.15
OL-10100,ORD-14102,CUST-1197,PROD-016,2025-12-07,2,189.62,0,379.24
OL-10101,ORD-14102,CUST-1197,PROD-009,2025-12-07,3,89.78,0.05,255.87
OL-10102,ORD-14102,CUST-1197,PROD-004,2025-12-07,1,921.23,0.2,736.98
OL-10103,ORD-14103,CUST-1197,PROD-019,2025-10-13,1,21.71,0.1,19.54
OL-10104,ORD-14103,CUST-1197,PROD-027,2025-10-13,5,52.67,0.1,237.02
OL-10105,ORD-14103,CUST-1197,PROD-029,2025-10-13,4,32.8,0,131.2
OL-10106,ORD-14103,CUST-1197,PROD-034,2025-10-13,4,79.8,0.15,271.32
OL-10107,ORD-14104,CUST-1198,PROD-037,2025-10-13,5,23.39,0.15,99.41
OL-10108,ORD-14104,CUST-1198,PROD-021,2025-10-13,3,38.34,0.2,92.02
OL-10109,ORD-14105,CUST-1199,PROD-005,2024-06-13,5,843.32,0,4216.6
OL-10110,ORD-14105,CUST-1199,PROD-008,2024-06-13,4,342.59,0,1370.36
OL-10111,ORD-14106,CUST-1199,PROD-004,2024-10-23,4,921.23,0,3684.92
OL-10112,ORD-14106,CUST-1199,PROD-006,2024-10-23,4,689.21,0.05,2619
OL-10113,ORD-14106,CUST-1199,PROD-018,2024-10-23,5,9.52,0.05,45.22
OL-10114,ORD-14107,CUST-1199,PROD-013,2024-09-06,3,134.4,0.2,322.56
OL-10115,ORD-14107,CUST-1199,PROD-033,2024-09-06,5,70.03,0.1,315.13
OL-10116,ORD-14107,CUST-1199,PROD-025,2024-09-06,4,25.5,0.15,86.7
OL-10117,ORD-14107,CUST-1199,PROD-023,2024-09-06,4,88.43,0.1,318.35
OL-10118,ORD-14108,CUST-1199,PROD-036,2024-08-10,1,97.89,0.1,88.1
OL-10119,ORD-14108,CUST-1199,PROD-010,2024-08-10,1,121.48,0,121.48
OL-10120,ORD-14108,CUST-1199,PROD-009,2024-08-10,1,89.78,0,89.78
OL-10121,ORD-14108,CUST-1199,PROD-002,2024-08-10,3,505.32,0,1515.96
OL-10122,ORD-14109,CUST-1199,PROD-027,2025-03-13,3,52.67,0,158.01
OL-10123,ORD-14109,CUST-1199,PROD-004,2025-03-13,3,921.23,0.05,2625.51
OL-10124,ORD-14109,CUST-1199,PROD-026,2025-03-13,3,54.35,0.1,146.75
OL-10125,ORD-14109,CUST-1199,PROD-012,2025-03-13,3,109.67,0,329.01
OL-10126,ORD-14110,CUST-1199,PROD-037,2024-11-04,4,23.39,0.05,88.88
OL-10127,ORD-14111,CUST-1199,PROD-033,2024-08-17,1,70.03,0,70.03
OL-10128,ORD-14112,CUST-1199,PROD-023,2025-06-28,2,88.43,0,176.86
OL-10129,ORD-14112,CUST-1199,PROD-033,2025-06-28,2,70.03,0.15,119.05
OL-10130,ORD-14112,CUST-1199,PROD-031,2025-06-28,2,164.42,0.05,312.4
OL-10131,ORD-14113,CUST-1199,PROD-026,2025-09-10,2,54.35,0.1,97.83
OL-10132,ORD-14113,CUST-1199,PROD-028,2025-09-10,3,65.64,0.2,157.54
OL-10133,ORD-14113,CUST-1199,PROD-023,2025-09-10,5,88.43,0,442.15
OL-10134,ORD-14114,CUST-1199,PROD-023,2025-09-07,1,88.43,0.05,84.01
OL-10135,ORD-14115,CUST-1199,PROD-010,2024-08-30,2,121.48,0.2,194.37
OL-10136,ORD-14115,CUST-1199,PROD-022,2024-08-30,3,27.82,0,83.46
OL-10137,ORD-14115,CUST-1199,PROD-005,2024-08-30,2,843.32,0,1686.64
OL-10138,ORD-14115,CUST-1199,PROD-012,2024-08-30,2,109.67,0.05,208.37
OL-10139,ORD-14116,CUST-1200,PROD-029,2025-03-04,4,32.8,0,131.2
OL-10140,ORD-14116,CUST-1200,PROD-031,2025-03-04,3,164.42,0.15,419.27
OL-10141,ORD-14116,CUST-1200,PROD-032,2025-03-04,2,129.73,0.05,246.49
OL-10142,ORD-14117,CUST-1201,PROD-035,2025-05-27,1,75.75,0,75.75
OL-10143,ORD-14117,CUST-1201,PROD-031,2025-05-27,1,164.42,0,164.42
OL-10144,ORD-14117,CUST-1201,PROD-021,2025-05-27,3,38.34,0.15,97.77
OL-10145,ORD-14118,CUST-1202,PROD-006,2024-03-22,4,689.21,0,2756.84
OL-10146,ORD-14118,CUST-1202,PROD-017,2024-03-22,2,242.78,0.2,388.45
OL-10147,ORD-14118,CUST-1202,PROD-001,2024-03-22,5,1226.38,0,6131.9
OL-10148,ORD-14118,CUST-1202,PROD-031,2024-03-22,4,164.42,0,657.68
OL-10149,ORD-14119,CUST-1203,PROD-031,2025-11-26,3,164.42,0.05,468.6
OL-10150,ORD-14120,CUST-1204,PROD-032,2024-04-09,1,129.73,0.05,123.24
OL-10151,ORD-14120,CUST-1204,PROD-018,2024-04-09,1,9.52,0.2,7.62
OL-10152,ORD-14120,CUST-1204,PROD-031,2024-04-09,2,164.42,0,328.84
OL-10153,ORD-14120,CUST-1204,PROD-010,2024-04-09,2,121.48,0,242.96
OL-10154,ORD-14121,CUST-1204,PROD-033,2024-11-09,2,70.03,0,140.06
OL-10155,ORD-14121,CUST-1204,PROD-016,2024-11-09,2,189.62,0.05,360.28
OL-10156,ORD-14121,CUST-1204,PROD-004,2024-11-09,5,921.23,0,4606.15
OL-10157,ORD-14121,CUST-1204,PROD-014,2024-11-09,2,487.6,0,975.2
OL-10158,ORD-14122,CUST-1204,PROD-025,2024-10-07,1,25.5,0.05,24.22
OL-10159,ORD-14122,CUST-1204,PROD-032,2024-10-07,5,129.73,0.2,518.92
OL-10160,ORD-14122,CUST-1204,PROD-014,2024-10-07,1,487.6,0.15,414.46
OL-10161,ORD-14122,CUST-1204,PROD-021,2024-10-07,1,38.34,0.15,32.59
OL-10162,ORD-14123,CUST-1205,PROD-034,2025-10-27,5,79.8,0,399
OL-10163,ORD-14123,CUST-1205,PROD-015,2025-10-27,4,295.3,0.2,944.96
OL-10164,ORD-14124,CUST-1206,PROD-005,2025-10-27,3,843.32,0.1,2276.96
OL-10165,ORD-14124,CUST-1206,PROD-012,2025-10-27,5,109.67,0,548.35
OL-10166,ORD-14124,CUST-1206,PROD-025,2025-10-27,4,25.5,0.15,86.7
OL-10167,ORD-14124,CUST-1206,PROD-006,2025-10-27,2,689.21,0,1378.42
OL-10168,ORD-14125,CUST-1207,PROD-012,2024-07-30,3,109.67,0,329.01
OL-10169,ORD-14125,CUST-1207,PROD-029,2024-07-30,2,32.8,0.1,59.04
OL-10170,ORD-14125,CUST-1207,PROD-022,2024-07-30,1,27.82,0.1,25.04
OL-10171,ORD-14125,CUST-1207,PROD-026,2024-07-30,3,54.35,0,163.05
OL-10172,ORD-14126,CUST-1207,PROD-026,2025-07-02,1,54.35,0.15,46.2
OL-10173,ORD-14126,CUST-1207,PROD-014,2025-07-02,4,487.6,0,1950.4
OL-10174,ORD-14126,CUST-1207,PROD-002,2025-07-02,4,505.32,0,2021.28
OL-10175,ORD-14127,CUST-1207,PROD-004,2025-08-13,3,921.23,0.15,2349.14
OL-10176,ORD-14128,CUST-1207,PROD-017,2024-09-22,4,242.78,0.2,776.9
OL-10177,ORD-14128,CUST-1207,PROD-004,2024-09-22,1,921.23,0.2,736.98
OL-10178,ORD-14128,CUST-1207,PROD-029,2024-09-22,3,32.8,0.2,78.72
OL-10179,ORD-14128,CUST-1207,PROD-033,2024-09-22,5,70.03,0,350.15
OL-10180,ORD-14129,CUST-1207,PROD-024,2024-09-29,4,38.87,0.15,132.16
OL-10181,ORD-14129,CUST-1207,PROD-013,2024-09-29,2,134.4,0.1,241.92
OL-10182,ORD-14130,CUST-1207,PROD-011,2025-03-14,5,103.76,0.15,440.98
OL-10183,ORD-14130,CUST-1207,PROD-031,2025-03-14,5,164.42,0.05,780.99
OL-10184,ORD-14130,CUST-1207,PROD-021,2025-03-14,4,38.34,0.05,145.69
OL-10185,ORD-14131,CUST-1207,PROD-022,2025-04-11,3,27.82,0,83.46
OL-10186,ORD-14132,CUST-1207,PROD-031,2025-05-05,1,164.42,0,164.42
OL-10187,ORD-14133,CUST-1207,PROD-007,2025-08-04,2,511.33,0.2,818.13
OL-10188,ORD-14133,CUST-1207,PROD-021,2025-08-04,4,38.34,0,153.36
OL-10189,ORD-14133,CUST-1207,PROD-019,2025-08-04,1,21.71,0.15,18.45
OL-10190,ORD-14133,CUST-1207,PROD-036,2025-08-04,2,97.89,0.1,176.2
OL-10191,ORD-14134,CUST-1208,PROD-007,2025-09-17,2,511.33,0.05,971.53
OL-10192,ORD-14134,CUST-1208,PROD-014,2025-09-17,5,487.6,0.1,2194.2
OL-10193,ORD-14135,CUST-1209,PROD-027,2025-12-26,1,52.67,0,52.67
OL-10194,ORD-14135,CUST-1209,PROD-002,2025-12-26,4,505.32,0.2,1617.02
OL-10195,ORD-14135,CUST-1209,PROD-011,2025-12-26,5,103.76,0.2,415.04
OL-10196,ORD-14136,CUST-1210,PROD-024,2024-12-14,4,38.87,0.05,147.71
OL-10197,ORD-14137,CUST-1210,PROD-005,2025-02-09,3,843.32,0,2529.96
OL-10198,ORD-14137,CUST-1210,PROD-034,2025-02-09,3,79.8,0,239.4
OL-10199,ORD-14138,CUST-1211,PROD-027,2024-06-10,4,52.67,0.15,179.08
OL-10200,ORD-14138,CUST-1211,PROD-006,2024-06-10,3,689.21,0,2067.63
OL-10201,ORD-14138,CUST-1211,PROD-031,2024-06-10,5,164.42,0.1,739.89
OL-10202,ORD-14139,CUST-1211,PROD-015,2024-09-13,3,295.3,0,885.9
OL-10203,ORD-14139,CUST-1211,PROD-024,2024-09-13,5,38.87,0,194.35
OL-10204,ORD-14140,CUST-1211,PROD-002,2025-04-05,2,505.32,0.2,808.51
OL-10205,ORD-14140,CUST-1211,PROD-028,2025-04-05,2,65.64,0.1,118.15
OL-10206,ORD-14140,CUST-1211,PROD-013,2025-04-05,2,134.4,0.1,241.92
OL-10207,ORD-14140,CUST-1211,PROD-001,2025-04-05,2,1226.38,0.2,1962.21
OL-10208,ORD-14141,CUST-1211,PROD-010,2024-10-23,5,121.48,0.1,546.66
OL-10209,ORD-14141,CUST-1211,PROD-035,2024-10-23,4,75.75,0,303
OL-10210,ORD-14141,CUST-1211,PROD-029,2024-10-23,3,32.8,0.15,83.64
OL-10211,ORD-14142,CUST-1212,PROD-023,2025-03-12,3,88.43,0.05,252.03
OL-10212,ORD-14142,CUST-1212,PROD-027,2025-03-12,2,52.67,0.05,100.07
OL-10213,ORD-14143,CUST-1212,PROD-032,2025-12-21,3,129.73,0.15,330.81
OL-10214,ORD-14143,CUST-1212,PROD-018,2025-12-21,3,9.52,0,28.56
OL-10215,ORD-14143,CUST-1212,PROD-027,2025-12-21,1,52.67,0.05,50.04
OL-10216,ORD-14144,CUST-1213,PROD-007,2024-02-20,1,511.33,0.1,460.2
OL-10217,ORD-14144,CUST-1213,PROD-001,2024-02-20,3,1226.38,0.15,3127.27
OL-10218,ORD-14145,CUST-1214,PROD-034,2024-07-24,5,79.8,0,399
OL-10219,ORD-14146,CUST-1214,PROD-021,2025-11-29,1,38.34,0.15,32.59
OL-10220,ORD-14146,CUST-1214,PROD-026,2025-11-29,3,54.35,0.1,146.75
OL-10221,ORD-14146,CUST-1214,PROD-020,2025-11-29,1,37.73,0.15,32.07
OL-10222,ORD-14146,CUST-1214,PROD-023,2025-11-29,1,88.43,0,88.43
OL-10223,ORD-14147,CUST-1214,PROD-007,2025-05-06,1,511.33,0.1,460.2
OL-10224,ORD-14148,CUST-1214,PROD-032,2025-11-14,5,129.73,0,648.65
OL-10225,ORD-14148,CUST-1214,PROD-017,2025-11-14,4,242.78,0.1,874.01
OL-10226,ORD-14148,CUST-1214,PROD-028,2025-11-14,5,65.64,0.05,311.79
OL-10227,ORD-14148,CUST-1214,PROD-006,2025-11-14,4,689.21,0,2756.84
OL-10228,ORD-14149,CUST-1214,PROD-019,2025-10-06,2,21.71,0,43.42
OL-10229,ORD-14149,CUST-1214,PROD-025,2025-10-06,3,25.5,0.2,61.2
OL-10230,ORD-14149,CUST-1214,PROD-022,2025-10-06,4,27.82,0.05,105.72
OL-10231,ORD-14149,CUST-1214,PROD-016,2025-10-06,3,189.62,0.15,483.53
OL-10232,ORD-14150,CUST-1214,PROD-015,2025-05-28,2,295.3,0,590.6
OL-10233,ORD-14150,CUST-1214,PROD-013,2025-05-28,4,134.4,0,537.6
OL-10234,ORD-14150,CUST-1214,PROD-031,2025-05-28,5,164.42,0,822.1
OL-10235,ORD-14150,CUST-1214,PROD-037,2025-05-28,5,23.39,0,116.95
OL-10236,ORD-14151,CUST-1214,PROD-012,2025-01-31,2,109.67,0.05,208.37
OL-10237,ORD-14152,CUST-1214,PROD-036,2025-01-03,2,97.89,0,195.78
OL-10238,ORD-14152,CUST-1214,PROD-032,2025-01-03,3,129.73,0,389.19
OL-10239,ORD-14153,CUST-1214,PROD-008,2025-01-20,1,342.59,0,342.59
OL-10240,ORD-14153,CUST-1214,PROD-019,2025-01-20,1,21.71,0,21.71
OL-10241,ORD-14154,CUST-1214,PROD-027,2025-04-07,5,52.67,0.05,250.18
OL-10242,ORD-14154,CUST-1214,PROD-002,2025-04-07,5,505.32,0.05,2400.27
OL-10243,ORD-14155,CUST-1214,PROD-018,2024-10-30,3,9.52,0.1,25.7
OL-10244,ORD-14156,CUST-1214,PROD-016,2025-04-14,5,189.62,0.1,853.29
OL-10245,ORD-14156,CUST-1214,PROD-027,2025-04-14,3,52.67,0.1,142.21
OL-10246,ORD-14156,CUST-1214,PROD-025,2025-04-14,1,25.5,0.1,22.95
OL-10247,ORD-14156,CUST-1214,PROD-002,2025-04-14,5,505.32,0,2526.6
OL-10248,ORD-14157,CUST-1215,PROD-032,2024-04-30,4,129.73,0,518.92
OL-10249,ORD-14157,CUST-1215,PROD-015,2024-04-30,2,295.3,0.1,531.54
OL-10250,ORD-14157,CUST-1215,PROD-025,2024-04-30,4,25.5,0.15,86.7
OL-10251,ORD-14158,CUST-1215,PROD-034,2025-02-09,5,79.8,0.15,339.15
OL-10252,ORD-14158,CUST-1215,PROD-029,2025-02-09,5,32.8,0.15,139.4
OL-10253,ORD-14158,CUST-1215,PROD-020,2025-02-09,3,37.73,0.15,96.21
OL-10254,ORD-14159,CUST-1215,PROD-029,2025-08-04,1,32.8,0.2,26.24
OL-10255,ORD-14159,CUST-1215,PROD-008,2025-08-04,5,342.59,0.1,1541.65
OL-10256,ORD-14159,CUST-1215,PROD-016,2025-08-04,3,189.62,0,568.86
OL-10257,ORD-14160,CUST-1215,PROD-005,2024-09-27,3,843.32,0,2529.96
OL-10258,ORD-14160,CUST-1215,PROD-028,2024-09-27,3,65.64,0.05,187.07
OL-10259,ORD-14160,CUST-1215,PROD-016,2024-09-27,3,189.62,0.05,540.42
OL-10260,ORD-14160,CUST-1215,PROD-037,2024-09-27,4,23.39,0.05,88.88
OL-10261,ORD-14161,CUST-1215,PROD-029,2024-10-04,1,32.8,0,32.8
OL-10262,ORD-14161,CUST-1215,PROD-011,2024-10-04,2,103.76,0.1,186.77
OL-10263,ORD-14162,CUST-1215,PROD-029,2024-10-02,5,32.8,0,164
OL-10264,ORD-14162,CUST-1215,PROD-024,2024-10-02,5,38.87,0.2,155.48
OL-10265,ORD-14162,CUST-1215,PROD-025,2024-10-02,5,25.5,0.2,102
OL-10266,ORD-14162,CUST-1215,PROD-005,2024-10-02,5,843.32,0.05,4005.77
OL-10267,ORD-14163,CUST-1215,PROD-032,2024-11-01,2,129.73,0.15,220.54
OL-10268,ORD-14163,CUST-1215,PROD-035,2024-11-01,2,75.75,0.2,121.2
OL-10269,ORD-14163,CUST-1215,PROD-015,2024-11-01,5,295.3,0,1476.5
OL-10270,ORD-14164,CUST-1215,PROD-004,2025-04-07,3,921.23,0.1,2487.32
OL-10271,ORD-14165,CUST-1215,PROD-019,2024-05-21,4,21.71,0,86.84
OL-10272,ORD-14165,CUST-1215,PROD-023,2024-05-21,4,88.43,0,353.72
OL-10273,ORD-14165,CUST-1215,PROD-008,2024-05-21,5,342.59,0,1712.95
OL-10274,ORD-14166,CUST-1216,PROD-021,2024-08-18,5,38.34,0,191.7
OL-10275,ORD-14167,CUST-1217,PROD-018,2024-08-03,2,9.52,0,19.04
OL-10276,ORD-14167,CUST-1217,PROD-020,2024-08-03,4,37.73,0,150.92
OL-10277,ORD-14168,CUST-1218,PROD-007,2025-11-13,2,511.33,0,1022.66
OL-10278,ORD-14168,CUST-1218,PROD-009,2025-11-13,4,89.78,0,359.12
OL-10279,ORD-14168,CUST-1218,PROD-013,2025-11-13,2,134.4,0,268.8
OL-10280,ORD-14168,CUST-1218,PROD-015,2025-11-13,3,295.3,0.2,708.72
OL-10281,ORD-14169,CUST-1219,PROD-031,2024-10-25,1,164.42,0.1,147.98
OL-10282,ORD-14169,CUST-1219,PROD-021,2024-10-25,4,38.34,0.2,122.69
OL-10283,ORD-14169,CUST-1219,PROD-035,2024-10-25,2,75.75,0.1,136.35
OL-10284,ORD-14170,CUST-1219,PROD-026,2025-02-12,1,54.35,0.1,48.91
OL-10285,ORD-14171,CUST-1219,PROD-021,2025-07-17,2,38.34,0.2,61.34
OL-10286,ORD-14171,CUST-1219,PROD-031,2025-07-17,4,164.42,0,657.68
OL-10287,ORD-14171,CUST-1219,PROD-033,2025-07-17,4,70.03,0.2,224.1
OL-10288,ORD-14171,CUST-1219,PROD-036,2025-07-17,4,97.89,0,391.56
OL-10289,ORD-14172,CUST-1219,PROD-030,2024-12-03,4,33.74,0.2,107.97
OL-10290,ORD-14172,CUST-1219,PROD-015,2024-12-03,4,295.3,0.05,1122.14
OL-10291,ORD-14172,CUST-1219,PROD-033,2024-12-03,1,70.03,0.1,63.03
OL-10292,ORD-14172,CUST-1219,PROD-016,2024-12-03,4,189.62,0.15,644.71
OL-10293,ORD-14173,CUST-1219,PROD-033,2025-08-27,1,70.03,0.15,59.53
OL-10294,ORD-14173,CUST-1219,PROD-021,2025-08-27,3,38.34,0,115.02
OL-10295,ORD-14173,CUST-1219,PROD-022,2025-08-27,3,27.82,0.15,70.94
OL-10296,ORD-14173,CUST-1219,PROD-001,2025-08-27,1,1226.38,0.05,1165.06
OL-10297,ORD-14174,CUST-1219,PROD-026,2025-11-04,5,54.35,0.15,230.99
OL-10298,ORD-14174,CUST-1219,PROD-011,2025-11-04,1,103.76,0.15,88.2
OL-10299,ORD-14175,CUST-1219,PROD-029,2024-12-20,5,32.8,0,164
OL-10300,ORD-14176,CUST-1219,PROD-010,2025-11-07,3,121.48,0,364.44
OL-10301,ORD-14176,CUST-1219,PROD-026,2025-11-07,4,54.35,0.1,195.66
OL-10302,ORD-14177,CUST-1220,PROD-019,2025-07-17,1,21.71,0,21.71
OL-10303,ORD-14177,CUST-1220,PROD-025,2025-07-17,5,25.5,0,127.5
OL-10304,ORD-14177,CUST-1220,PROD-016,2025-07-17,1,189.62,0.15,161.18
OL-10305,ORD-14178,CUST-1221,PROD-008,2024-08-14,3,342.59,0,1027.77
OL-10306,ORD-14178,CUST-1221,PROD-005,2024-08-14,5,843.32,0.1,3794.94
OL-10307,ORD-14178,CUST-1221,PROD-030,2024-08-14,4,33.74,0,134.96
OL-10308,ORD-14178,CUST-1221,PROD-029,2024-08-14,3,32.8,0.2,78.72
OL-10309,ORD-14179,CUST-1221,PROD-036,2025-07-21,1,97.89,0.1,88.1
OL-10310,ORD-14179,CUST-1221,PROD-006,2025-07-21,5,689.21,0,3446.05
OL-10311,ORD-14179,CUST-1221,PROD-030,2025-07-21,1,33.74,0.05,32.05
OL-10312,ORD-14180,CUST-1221,PROD-013,2025-02-13,3,134.4,0,403.2
OL-10313,ORD-14180,CUST-1221,PROD-036,2025-02-13,4,97.89,0,391.56
OL-10314,ORD-14180,CUST-1221,PROD-001,2025-02-13,5,1226.38,0.15,5212.12
OL-10315,ORD-14181,CUST-1221,PROD-028,2025-04-30,2,65.64,0.2,105.02
OL-10316,ORD-14181,CUST-1221,PROD-034,2025-04-30,5,79.8,0,399
OL-10317,ORD-14182,CUST-1221,PROD-002,2024-09-15,1,505.32,0.05,480.05
OL-10318,ORD-14182,CUST-1221,PROD-023,2024-09-15,5,88.43,0.05,420.04
OL-10319,ORD-14182,CUST-1221,PROD-006,2024-09-15,4,689.21,0,2756.84
OL-10320,ORD-14182,CUST-1221,PROD-013,2024-09-15,1,134.4,0.2,107.52
OL-10321,ORD-14183,CUST-1221,PROD-021,2024-11-02,4,38.34,0.1,138.02
OL-10322,ORD-14184,CUST-1221,PROD-002,2024-12-31,3,505.32,0,1515.96
OL-10323,ORD-14184,CUST-1221,PROD-012,2024-12-31,4,109.67,0.1,394.81
OL-10324,ORD-14184,CUST-1221,PROD-031,2024-12-31,5,164.42,0.2,657.68
OL-10325,ORD-14184,CUST-1221,PROD-034,2024-12-31,2,79.8,0,159.6
OL-10326,ORD-14185,CUST-1221,PROD-020,2025-01-23,2,37.73,0.05,71.69
OL-10327,ORD-14185,CUST-1221,PROD-006,2025-01-23,1,689.21,0.05,654.75
OL-10328,ORD-14186,CUST-1221,PROD-028,2024-12-30,2,65.64,0.1,118.15
OL-10329,ORD-14187,CUST-1221,PROD-034,2024-09-16,4,79.8,0.1,287.28
OL-10330,ORD-14187,CUST-1221,PROD-014,2024-09-16,3,487.6,0.15,1243.38
OL-10331,ORD-14187,CUST-1221,PROD-003,2024-09-16,5,722.82,0,3614.1
OL-10332,ORD-14188,CUST-1221,PROD-034,2025-11-12,2,79.8,0,159.6
OL-10333,ORD-14188,CUST-1221,PROD-008,2025-11-12,5,342.59,0.05,1627.3
OL-10334,ORD-14188,CUST-1221,PROD-028,2025-11-12,4,65.64,0,262.56
OL-10335,ORD-14188,CUST-1221,PROD-029,2025-11-12,4,32.8,0,131.2
OL-10336,ORD-14189,CUST-1221,PROD-031,2025-12-20,3,164.42,0.05,468.6
OL-10337,ORD-14189,CUST-1221,PROD-024,2025-12-20,2,38.87,0.15,66.08
OL-10338,ORD-14189,CUST-1221,PROD-023,2025-12-20,3,88.43,0,265.29
OL-10339,ORD-14189,CUST-1221,PROD-037,2025-12-20,1,23.39,0.2,18.71
OL-10340,ORD-14190,CUST-1221,PROD-029,2024-08-30,3,32.8,0,98.4
OL-10341,ORD-14190,CUST-1221,PROD-031,2024-08-30,3,164.42,0,493.26
OL-10342,ORD-14190,CUST-1221,PROD-009,2024-08-30,2,89.78,0,179.56
OL-10343,ORD-14191,CUST-1221,PROD-002,2025-08-16,5,505.32,0,2526.6
OL-10344,ORD-14192,CUST-1221,PROD-034,2025-10-15,2,79.8,0,159.6
OL-10345,ORD-14192,CUST-1221,PROD-029,2025-10-15,4,32.8,0.1,118.08
OL-10346,ORD-14192,CUST-1221,PROD-010,2025-10-15,3,121.48,0.2,291.55
OL-10347,ORD-14193,CUST-1221,PROD-010,2025-03-01,2,121.48,0,242.96
OL-10348,ORD-14193,CUST-1221,PROD-003,2025-03-01,1,722.82,0,722.82
OL-10349,ORD-14193,CUST-1221,PROD-034,2025-03-01,3,79.8,0,239.4
OL-10350,ORD-14193,CUST-1221,PROD-002,2025-03-01,3,505.32,0,1515.96
OL-10351,ORD-14194,CUST-1221,PROD-020,2025-10-07,4,37.73,0,150.92
OL-10352,ORD-14194,CUST-1221,PROD-016,2025-10-07,5,189.62,0.15,805.88
OL-10353,ORD-14194,CUST-1221,PROD-008,2025-10-07,1,342.59,0.05,325.46
OL-10354,ORD-14194,CUST-1221,PROD-026,2025-10-07,1,54.35,0,54.35
OL-10355,ORD-14195,CUST-1221,PROD-025,2025-02-20,2,25.5,0.15,43.35
OL-10356,ORD-14195,CUST-1221,PROD-028,2025-02-20,3,65.64,0,196.92
OL-10357,ORD-14195,CUST-1221,PROD-006,2025-02-20,3,689.21,0.05,1964.25
OL-10358,ORD-14196,CUST-1221,PROD-003,2025-08-03,5,722.82,0,3614.1
OL-10359,ORD-14196,CUST-1221,PROD-020,2025-08-03,1,37.73,0.15,32.07
OL-10360,ORD-14196,CUST-1221,PROD-022,2025-08-03,5,27.82,0.1,125.19
OL-10361,ORD-14197,CUST-1221,PROD-031,2024-11-07,4,164.42,0.2,526.14
OL-10362,ORD-14197,CUST-1221,PROD-002,2024-11-07,5,505.32,0.1,2273.94
OL-10363,ORD-14198,CUST-1221,PROD-025,2025-08-13,3,25.5,0.1,68.85
OL-10364,ORD-14199,CUST-1221,PROD-016,2025-10-07,3,189.62,0.15,483.53
OL-10365,ORD-14199,CUST-1221,PROD-022,2025-10-07,5,27.82,0,139.1
OL-10366,ORD-14199,CUST-1221,PROD-028,2025-10-07,2,65.64,0.2,105.02
OL-10367,ORD-14200,CUST-1221,PROD-014,2025-07-30,4,487.6,0,1950.4
OL-10368,ORD-14200,CUST-1221,PROD-036,2025-07-30,2,97.89,0,195.78
OL-10369,ORD-14200,CUST-1221,PROD-026,2025-07-30,3,54.35,0,163.05
OL-10370,ORD-14200,CUST-1221,PROD-019,2025-07-30,5,21.71,0.15,92.27
OL-10371,ORD-14201,CUST-1221,PROD-003,2024-10-17,3,722.82,0,2168.46
OL-10372,ORD-14201,CUST-1221,PROD-034,2024-10-17,3,79.8,0.2,191.52
OL-10373,ORD-14201,CUST-1221,PROD-015,2024-10-17,2,295.3,0,590.6
OL-10374,ORD-14201,CUST-1221,PROD-016,2024-10-17,3,189.62,0.15,483.53
OL-10375,ORD-14202,CUST-1222,PROD-026,2024-07-23,3,54.35,0,163.05
OL-10376,ORD-14202,CUST-1222,PROD-016,2024-07-23,5,189.62,0.15,805.88
OL-10377,ORD-14202,CUST-1222,PROD-003,2024-07-23,5,722.82,0,3614.1
OL-10378,ORD-14202,CUST-1222,PROD-017,2024-07-23,3,242.78,0.15,619.09
OL-10379,ORD-14203,CUST-1223,PROD-032,2025-05-16,3,129.73,0,389.19
OL-10380,ORD-14203,CUST-1223,PROD-011,2025-05-16,5,103.76,0.05,492.86
OL-10381,ORD-14203,CUST-1223,PROD-021,2025-05-16,1,38.34,0.15,32.59
OL-10382,ORD-14203,CUST-1223,PROD-007,2025-05-16,4,511.33,0,2045.32
OL-10383,ORD-14204,CUST-1224,PROD-014,2024-04-01,5,487.6,0.1,2194.2
OL-10384,ORD-14204,CUST-1224,PROD-005,2024-04-01,1,843.32,0.05,801.15
OL-10385,ORD-14204,CUST-1224,PROD-032,2024-04-01,4,129.73,0.1,467.03
OL-10386,ORD-14204,CUST-1224,PROD-001,2024-04-01,5,1226.38,0,6131.9
OL-10387,ORD-14205,CUST-1224,PROD-015,2024-08-08,5,295.3,0,1476.5
OL-10388,ORD-14206,CUST-1224,PROD-012,2024-10-27,5,109.67,0,548.35
OL-10389,ORD-14207,CUST-1224,PROD-007,2024-10-19,4,511.33,0,2045.32
OL-10390,ORD-14208,CUST-1224,PROD-027,2024-09-29,3,52.67,0.05,150.11
OL-10391,ORD-14208,CUST-1224,PROD-025,2024-09-29,2,25.5,0,51
OL-10392,ORD-14208,CUST-1224,PROD-010,2024-09-29,2,121.48,0.2,194.37
OL-10393,ORD-14209,CUST-1224,PROD-027,2024-10-11,2,52.67,0.05,100.07
OL-10394,ORD-14209,CUST-1224,PROD-007,2024-10-11,4,511.33,0.1,1840.79
OL-10395,ORD-14210,CUST-1224,PROD-026,2024-12-28,4,54.35,0.2,173.92
OL-10396,ORD-14210,CUST-1224,PROD-012,2024-12-28,5,109.67,0,548.35
OL-10397,ORD-14210,CUST-1224,PROD-011,2024-12-28,4,103.76,0,415.04
OL-10398,ORD-14210,CUST-1224,PROD-023,2024-12-28,3,88.43,0,265.29
OL-10399,ORD-14211,CUST-1224,PROD-037,2025-01-25,5,23.39,0.1,105.26
OL-10400,ORD-14212,CUST-1224,PROD-008,2025-05-22,3,342.59,0.2,822.22
OL-10401,ORD-14212,CUST-1224,PROD-030,2025-05-22,4,33.74,0,134.96
OL-10402,ORD-14212,CUST-1224,PROD-015,2025-05-22,4,295.3,0,1181.2
OL-10403,ORD-14212,CUST-1224,PROD-006,2025-05-22,3,689.21,0,2067.63
OL-10404,ORD-14213,CUST-1224,PROD-017,2024-10-28,3,242.78,0.05,691.92
OL-10405,ORD-14214,CUST-1224,PROD-022,2024-05-30,3,27.82,0,83.46
OL-10406,ORD-14214,CUST-1224,PROD-003,2024-05-30,4,722.82,0,2891.28
OL-10407,ORD-14214,CUST-1224,PROD-017,2024-05-30,3,242.78,0,728.34
OL-10408,ORD-14214,CUST-1224,PROD-007,2024-05-30,5,511.33,0.15,2173.15
OL-10409,ORD-14215,CUST-1224,PROD-027,2025-03-06,3,52.67,0,158.01
OL-10410,ORD-14215,CUST-1224,PROD-019,2025-03-06,1,21.71,0.15,18.45
OL-10411,ORD-14216,CUST-1224,PROD-015,2025-03-26,4,295.3,0.1,1063.08
OL-10412,ORD-14217,CUST-1224,PROD-033,2024-05-08,2,70.03,0,140.06
OL-10413,ORD-14217,CUST-1224,PROD-032,2024-05-08,5,129.73,0,648.65
OL-10414,ORD-14217,CUST-1224,PROD-028,2024-05-08,5,65.64,0.2,262.56
OL-10415,ORD-14218,CUST-1224,PROD-016,2024-07-23,3,189.62,0,568.86
OL-10416,ORD-14218,CUST-1224,PROD-026,2024-07-23,4,54.35,0.15,184.79
OL-10417,ORD-14218,CUST-1224,PROD-021,2024-07-23,4,38.34,0,153.36
OL-10418,ORD-14218,CUST-1224,PROD-011,2024-07-23,4,103.76,0,415.04
OL-10419,ORD-14219,CUST-1224,PROD-020,2025-03-19,4,37.73,0,150.92
OL-10420,ORD-14220,CUST-1224,PROD-001,2025-06-22,1,1226.38,0,1226.38
OL-10421,ORD-14220,CUST-1224,PROD-011,2025-06-22,3,103.76,0,311.28
OL-10422,ORD-14220,CUST-1224,PROD-028,2025-06-22,3,65.64,0,196.92
OL-10423,ORD-14221,CUST-1224,PROD-022,2024-09-29,5,27.82,0,139.1
OL-10424,ORD-14221,CUST-1224,PROD-025,2024-09-29,2,25.5,0.2,40.8
OL-10425,ORD-14221,CUST-1224,PROD-006,2024-09-29,4,689.21,0.15,2343.31
OL-10426,ORD-14222,CUST-1224,PROD-014,2024-07-03,5,487.6,0,2438
OL-10427,ORD-14223,CUST-1224,PROD-024,2025-08-09,3,38.87,0,116.61
OL-10428,ORD-14224,CUST-1224,PROD-037,2025-06-21,3,23.39,0,70.17
OL-10429,ORD-14225,CUST-1224,PROD-024,2025-08-05,4,38.87,0,155.48
OL-10430,ORD-14225,CUST-1224,PROD-010,2025-08-05,1,121.48,0,121.48
OL-10431,ORD-14226,CUST-1224,PROD-033,2024-11-07,3,70.03,0.15,178.58
OL-10432,ORD-14227,CUST-1225,PROD-001,2024-06-24,2,1226.38,0.05,2330.12
OL-10433,ORD-14227,CUST-1225,PROD-029,2024-06-24,1,32.8,0,32.8
OL-10434,ORD-14228,CUST-1225,PROD-014,2025-01-25,1,487.6,0.15,414.46
OL-10435,ORD-14228,CUST-1225,PROD-020,2025-01-25,2,37.73,0.15,64.14
OL-10436,ORD-14229,CUST-1225,PROD-032,2025-05-21,1,129.73,0.15,110.27
OL-10437,ORD-14229,CUST-1225,PROD-034,2025-05-21,2,79.8,0,159.6
OL-10438,ORD-14230,CUST-1225,PROD-011,2025-02-02,4,103.76,0,415.04
OL-10439,ORD-14230,CUST-1225,PROD-029,2025-02-02,4,32.8,0.05,124.64
OL-10440,ORD-14230,CUST-1225,PROD-016,2025-02-02,4,189.62,0.05,720.56
OL-10441,ORD-14230,CUST-1225,PROD-010,2025-02-02,3,121.48,0.05,346.22
OL-10442,ORD-14231,CUST-1226,PROD-033,2025-01-25,4,70.03,0.1,252.11
OL-10443,ORD-14231,CUST-1226,PROD-008,2025-01-25,4,342.59,0.15,1164.81
OL-10444,ORD-14231,CUST-1226,PROD-019,2025-01-25,4,21.71,0.2,69.47
OL-10445,ORD-14232,CUST-1226,PROD-037,2025-07-09,3,23.39,0.1,63.15
OL-10446,ORD-14232,CUST-1226,PROD-019,2025-07-09,5,21.71,0,108.55
OL-10447,ORD-14233,CUST-1227,PROD-027,2024-04-27,3,52.67,0.15,134.31
OL-10448,ORD-14233,CUST-1227,PROD-032,2024-04-27,4,129.73,0,518.92
OL-10449,ORD-14234,CUST-1227,PROD-027,2025-07-29,3,52.67,0,158.01
OL-10450,ORD-14234,CUST-1227,PROD-033,2025-07-29,4,70.03,0.15,238.1
OL-10451,ORD-14234,CUST-1227,PROD-017,2025-07-29,4,242.78,0.05,922.56
OL-10452,ORD-14234,CUST-1227,PROD-001,2025-07-29,5,1226.38,0,6131.9
OL-10453,ORD-14235,CUST-1227,PROD-003,2025-06-06,1,722.82,0.05,686.68
OL-10454,ORD-14235,CUST-1227,PROD-013,2025-06-06,1,134.4,0.15,114.24
OL-10455,ORD-14236,CUST-1227,PROD-007,2025-05-11,4,511.33,0.1,1840.79
OL-10456,ORD-14236,CUST-1227,PROD-031,2025-05-11,1,164.42,0,164.42
OL-10457,ORD-14237,CUST-1228,PROD-003,2024-08-08,5,722.82,0,3614.1
OL-10458,ORD-14237,CUST-1228,PROD-014,2024-08-08,2,487.6,0,975.2
OL-10459,ORD-14237,CUST-1228,PROD-036,2024-08-08,1,97.89,0.15,83.21
OL-10460,ORD-14238,CUST-1228,PROD-033,2025-02-02,1,70.03,0,70.03
OL-10461,ORD-14239,CUST-1229,PROD-018,2024-03-22,2,9.52,0.05,18.09
OL-10462,ORD-14239,CUST-1229,PROD-035,2024-03-22,2,75.75,0.1,136.35
OL-10463,ORD-14239,CUST-1229,PROD-001,2024-03-22,1,1226.38,0.2,981.1
OL-10464,ORD-14239,CUST-1229,PROD-011,2024-03-22,1,103.76,0.2,83.01
OL-10465,ORD-14240,CUST-1229,PROD-033,2025-02-05,5,70.03,0.15,297.63
OL-10466,ORD-14240,CUST-1229,PROD-034,2025-02-05,3,79.8,0,239.4
OL-10467,ORD-14241,CUST-1229,PROD-023,2024-05-12,3,88.43,0.2,212.23
OL-10468,ORD-14242,CUST-1229,PROD-037,2025-07-03,5,23.39,0,116.95
OL-10469,ORD-14242,CUST-1229,PROD-031,2025-07-03,3,164.42,0.05,468.6
OL-10470,ORD-14243,CUST-1229,PROD-006,2024-08-09,4,689.21,0.2,2205.47
OL-10471,ORD-14243,CUST-1229,PROD-021,2024-08-09,4,38.34,0,153.36
OL-10472,ORD-14243,CUST-1229,PROD-002,2024-08-09,5,505.32,0.05,2400.27
OL-10473,ORD-14244,CUST-1229,PROD-016,2025-06-13,3,189.62,0,568.86
OL-10474,ORD-14244,CUST-1229,PROD-025,2025-06-13,3,25.5,0.05,72.67
OL-10475,ORD-14245,CUST-1229,PROD-027,2024-04-25,2,52.67,0,105.34
OL-10476,ORD-14245,CUST-1229,PROD-012,2024-04-25,4,109.67,0.1,394.81
OL-10477,ORD-14246,CUST-1229,PROD-010,2025-02-27,1,121.48,0.15,103.26
OL-10478,ORD-14246,CUST-1229,PROD-022,2025-02-27,5,27.82,0.15,118.23
OL-10479,ORD-14247,CUST-1229,PROD-007,2024-06-19,4,511.33,0,2045.32
OL-10480,ORD-14247,CUST-1229,PROD-016,2024-06-19,1,189.62,0,189.62
OL-10481,ORD-14247,CUST-1229,PROD-022,2024-06-19,5,27.82,0,139.1
OL-10482,ORD-14247,CUST-1229,PROD-003,2024-06-19,1,722.82,0,722.82
OL-10483,ORD-14248,CUST-1229,PROD-032,2024-09-18,5,129.73,0.1,583.78
OL-10484,ORD-14248,CUST-1229,PROD-002,2024-09-18,1,505.32,0,505.32
OL-10485,ORD-14248,CUST-1229,PROD-026,2024-09-18,5,54.35,0.1,244.58
OL-10486,ORD-14248,CUST-1229,PROD-009,2024-09-18,4,89.78,0.15,305.25
OL-10487,ORD-14249,CUST-1229,PROD-028,2024-10-04,4,65.64,0.05,249.43
OL-10488,ORD-14249,CUST-1229,PROD-034,2024-10-04,3,79.8,0,239.4
OL-10489,ORD-14250,CUST-1229,PROD-027,2025-01-04,1,52.67,0.2,42.14
OL-10490,ORD-14250,CUST-1229,PROD-036,2025-01-04,4,97.89,0.1,352.4
OL-10491,ORD-14251,CUST-1229,PROD-008,2025-07-26,1,342.59,0.05,325.46
OL-10492,ORD-14251,CUST-1229,PROD-019,2025-07-26,2,21.71,0.05,41.25
OL-10493,ORD-14252,CUST-1229,PROD-034,2024-07-15,4,79.8,0,319.2
OL-10494,ORD-14253,CUST-1229,PROD-013,2025-07-22,5,134.4,0,672
OL-10495,ORD-14253,CUST-1229,PROD-002,2025-07-22,1,505.32,0,505.32
OL-10496,ORD-14253,CUST-1229,PROD-001,2025-07-22,3,1226.38,0.2,2943.31
OL-10497,ORD-14254,CUST-1229,PROD-012,2025-05-15,1,109.67,0.15,93.22
OL-10498,ORD-14254,CUST-1229,PROD-026,2025-05-15,2,54.35,0.15,92.39
OL-10499,ORD-14254,CUST-1229,PROD-003,2025-05-15,3,722.82,0.05,2060.04
OL-10500,ORD-14254,CUST-1229,PROD-031,2025-05-15,3,164.42,0.1,443.93
OL-10501,ORD-14255,CUST-1229,PROD-029,2025-06-02,5,32.8,0.1,147.6
OL-10502,ORD-14255,CUST-1229,PROD-034,2025-06-02,2,79.8,0,159.6
OL-10503,ORD-14255,CUST-1229,PROD-035,2025-06-02,2,75.75,0,151.5
OL-10504,ORD-14256,CUST-1229,PROD-035,2024-11-28,3,75.75,0,227.25
OL-10505,ORD-14256,CUST-1229,PROD-008,2024-11-28,2,342.59,0.1,616.66
OL-10506,ORD-14257,CUST-1229,PROD-012,2025-05-12,5,109.67,0.05,520.93
OL-10507,ORD-14257,CUST-1229,PROD-009,2025-05-12,2,89.78,0.2,143.65
OL-10508,ORD-14258,CUST-1229,PROD-003,2024-09-20,5,722.82,0.15,3071.99
OL-10509,ORD-14258,CUST-1229,PROD-008,2024-09-20,2,342.59,0.1,616.66
OL-10510,ORD-14258,CUST-1229,PROD-019,2024-09-20,3,21.71,0.05,61.87
OL-10511,ORD-14259,CUST-1229,PROD-019,2025-05-05,5,21.71,0.1,97.7
OL-10512,ORD-14259,CUST-1229,PROD-016,2025-05-05,4,189.62,0.2,606.78
OL-10513,ORD-14259,CUST-1229,PROD-006,2025-05-05,3,689.21,0,2067.63
OL-10514,ORD-14260,CUST-1229,PROD-030,2025-02-07,1,33.74,0.05,32.05
OL-10515,ORD-14260,CUST-1229,PROD-035,2025-02-07,5,75.75,0,378.75
OL-10516,ORD-14260,CUST-1229,PROD-004,2025-02-07,3,921.23,0.2,2210.95
OL-10517,ORD-14261,CUST-1229,PROD-026,2024-11-11,5,54.35,0.2,217.4
OL-10518,ORD-14261,CUST-1229,PROD-027,2024-11-11,5,52.67,0,263.35
OL-10519,ORD-14262,CUST-1229,PROD-024,2024-12-06,3,38.87,0.1,104.95
OL-10520,ORD-14262,CUST-1229,PROD-002,2024-12-06,2,505.32,0.1,909.58
OL-10521,ORD-14262,CUST-1229,PROD-018,2024-12-06,4,9.52,0,38.08
OL-10522,ORD-14263,CUST-1229,PROD-032,2024-04-25,4,129.73,0,518.92
OL-10523,ORD-14264,CUST-1229,PROD-013,2025-02-15,1,134.4,0.05,127.68
OL-10524,ORD-14265,CUST-1229,PROD-007,2025-05-15,2,511.33,0.2,818.13
OL-10525,ORD-14265,CUST-1229,PROD-005,2025-05-15,3,843.32,0.1,2276.96
OL-10526,ORD-14266,CUST-1229,PROD-019,2025-04-02,2,21.71,0,43.42
OL-10527,ORD-14267,CUST-1229,PROD-024,2024-08-05,4,38.87,0.1,139.93
OL-10528,ORD-14268,CUST-1229,PROD-002,2024-11-07,1,505.32,0,505.32
OL-10529,ORD-14268,CUST-1229,PROD-008,2024-11-07,4,342.59,0,1370.36
OL-10530,ORD-14268,CUST-1229,PROD-004,2024-11-07,1,921.23,0.1,829.11
OL-10531,ORD-14269,CUST-1229,PROD-014,2025-03-18,2,487.6,0,975.2
OL-10532,ORD-14269,CUST-1229,PROD-021,2025-03-18,4,38.34,0,153.36
OL-10533,ORD-14270,CUST-1229,PROD-004,2024-07-04,4,921.23,0.15,3132.18
OL-10534,ORD-14270,CUST-1229,PROD-037,2024-07-04,3,23.39,0,70.17
OL-10535,ORD-14270,CUST-1229,PROD-014,2024-07-04,4,487.6,0.05,1852.88
OL-10536,ORD-14270,CUST-1229,PROD-005,2024-07-04,2,843.32,0,1686.64
OL-10537,ORD-14271,CUST-1229,PROD-007,2024-06-04,2,511.33,0,1022.66
OL-10538,ORD-14271,CUST-1229,PROD-019,2024-06-04,1,21.71,0,21.71
OL-10539,ORD-14271,CUST-1229,PROD-004,2024-06-04,1,921.23,0.05,875.17
OL-10540,ORD-14271,CUST-1229,PROD-036,2024-06-04,1,97.89,0.15,83.21
OL-10541,ORD-14272,CUST-1230,PROD-019,2025-03-01,3,21.71,0.05,61.87
OL-10542,ORD-14273,CUST-1231,PROD-003,2024-11-20,5,722.82,0.15,3071.99
OL-10543,ORD-14273,CUST-1231,PROD-022,2024-11-20,5,27.82,0,139.1
OL-10544,ORD-14273,CUST-1231,PROD-008,2024-11-20,1,342.59,0.1,308.33
OL-10545,ORD-14274,CUST-1231,PROD-001,2025-01-11,3,1226.38,0.05,3495.18
OL-10546,ORD-14275,CUST-1232,PROD-023,2024-03-31,4,88.43,0,353.72
OL-10547,ORD-14275,CUST-1232,PROD-011,2024-03-31,3,103.76,0.1,280.15
OL-10548,ORD-14276,CUST-1232,PROD-031,2024-10-20,4,164.42,0,657.68
OL-10549,ORD-14277,CUST-1233,PROD-017,2024-07-18,2,242.78,0.15,412.73
OL-10550,ORD-14277,CUST-1233,PROD-008,2024-07-18,1,342.59,0,342.59
OL-10551,ORD-14278,CUST-1234,PROD-034,2025-11-30,4,79.8,0,319.2
OL-10552,ORD-14278,CUST-1234,PROD-025,2025-11-30,1,25.5,0.05,24.22
OL-10553,ORD-14279,CUST-1235,PROD-028,2024-04-25,3,65.64,0.1,177.23
OL-10554,ORD-14279,CUST-1235,PROD-002,2024-04-25,2,505.32,0,1010.64
OL-10555,ORD-14279,CUST-1235,PROD-011,2024-04-25,3,103.76,0.05,295.72
OL-10556,ORD-14280,CUST-1235,PROD-019,2024-12-21,3,21.71,0.05,61.87
OL-10557,ORD-14280,CUST-1235,PROD-006,2024-12-21,1,689.21,0.05,654.75
OL-10558,ORD-14280,CUST-1235,PROD-020,2024-12-21,3,37.73,0,113.19
OL-10559,ORD-14280,CUST-1235,PROD-003,2024-12-21,2,722.82,0,1445.64
OL-10560,ORD-14281,CUST-1235,PROD-032,2025-05-10,1,129.73,0,129.73
OL-10561,ORD-14281,CUST-1235,PROD-023,2025-05-10,5,88.43,0.05,420.04
OL-10562,ORD-14281,CUST-1235,PROD-011,2025-05-10,5,103.76,0.1,466.92
OL-10563,ORD-14281,CUST-1235,PROD-026,2025-05-10,5,54.35,0.1,244.58
OL-10564,ORD-14282,CUST-1235,PROD-026,2025-06-27,5,54.35,0.2,217.4
OL-10565,ORD-14283,CUST-1235,PROD-031,2024-09-14,1,164.42,0,164.42
OL-10566,ORD-14284,CUST-1235,PROD-006,2025-07-27,1,689.21,0,689.21
OL-10567,ORD-14285,CUST-1235,PROD-008,2024-08-01,5,342.59,0,1712.95
OL-10568,ORD-14285,CUST-1235,PROD-011,2024-08-01,3,103.76,0,311.28
OL-10569,ORD-14285,CUST-1235,PROD-019,2024-08-01,4,21.71,0.05,82.5
OL-10570,ORD-14286,CUST-1235,PROD-014,2024-08-29,4,487.6,0,1950.4
OL-10571,ORD-14287,CUST-1236,PROD-017,2025-06-17,4,242.78,0.05,922.56
OL-10572,ORD-14287,CUST-1236,PROD-006,2025-06-17,5,689.21,0,3446.05
OL-10573,ORD-14287,CUST-1236,PROD-037,2025-06-17,3,23.39,0,70.17
OL-10574,ORD-14287,CUST-1236,PROD-001,2025-06-17,1,1226.38,0.1,1103.74
OL-10575,ORD-14288,CUST-1236,PROD-001,2025-12-29,1,1226.38,0.05,1165.06
OL-10576,ORD-14288,CUST-1236,PROD-013,2025-12-29,4,134.4,0,537.6
OL-10577,ORD-14288,CUST-1236,PROD-017,2025-12-29,4,242.78,0,971.12
OL-10578,ORD-14288,CUST-1236,PROD-008,2025-12-29,4,342.59,0,1370.36
OL-10579,ORD-14289,CUST-1236,PROD-008,2025-10-15,1,342.59,0.15,291.2
OL-10580,ORD-14290,CUST-1237,PROD-014,2024-09-18,5,487.6,0.15,2072.3
OL-10581,ORD-14290,CUST-1237,PROD-035,2024-09-18,1,75.75,0.05,71.96
OL-10582,ORD-14290,CUST-1237,PROD-015,2024-09-18,2,295.3,0,590.6
OL-10583,ORD-14290,CUST-1237,PROD-006,2024-09-18,2,689.21,0,1378.42
OL-10584,ORD-14291,CUST-1237,PROD-023,2025-05-31,1,88.43,0,88.43
OL-10585,ORD-14291,CUST-1237,PROD-028,2025-05-31,5,65.64,0,328.2
OL-10586,ORD-14291,CUST-1237,PROD-017,2025-05-31,3,242.78,0,728.34
OL-10587,ORD-14291,CUST-1237,PROD-001,2025-05-31,2,1226.38,0.2,1962.21
OL-10588,ORD-14292,CUST-1237,PROD-029,2025-04-25,5,32.8,0.2,131.2
OL-10589,ORD-14293,CUST-1237,PROD-005,2024-12-18,3,843.32,0,2529.96
OL-10590,ORD-14293,CUST-1237,PROD-008,2024-12-18,3,342.59,0.2,822.22
OL-10591,ORD-14293,CUST-1237,PROD-027,2024-12-18,2,52.67,0,105.34
OL-10592,ORD-14294,CUST-1237,PROD-008,2025-09-06,3,342.59,0.05,976.38
OL-10593,ORD-14295,CUST-1237,PROD-026,2025-03-14,3,54.35,0.2,130.44
OL-10594,ORD-14295,CUST-1237,PROD-028,2025-03-14,5,65.64,0,328.2
OL-10595,ORD-14295,CUST-1237,PROD-010,2025-03-14,2,121.48,0,242.96
OL-10596,ORD-14296,CUST-1237,PROD-028,2025-12-08,3,65.64,0,196.92
OL-10597,ORD-14297,CUST-1237,PROD-006,2025-10-18,4,689.21,0.1,2481.16
OL-10598,ORD-14298,CUST-1237,PROD-004,2025-02-13,1,921.23,0.15,783.05
OL-10599,ORD-14298,CUST-1237,PROD-015,2025-02-13,3,295.3,0.1,797.31
OL-10600,ORD-14298,CUST-1237,PROD-034,2025-02-13,2,79.8,0,159.6
OL-10601,ORD-14298,CUST-1237,PROD-023,2025-02-13,3,88.43,0.15,225.5
OL-10602,ORD-14299,CUST-1237,PROD-021,2025-05-07,3,38.34,0.05,109.27
OL-10603,ORD-14299,CUST-1237,PROD-010,2025-05-07,3,121.48,0,364.44
OL-10604,ORD-14299,CUST-1237,PROD-005,2025-05-07,2,843.32,0.2,1349.31
OL-10605,ORD-14299,CUST-1237,PROD-032,2025-05-07,2,129.73,0,259.46
OL-10606,ORD-14300,CUST-1238,PROD-021,2025-09-25,1,38.34,0.2,30.67
OL-10607,ORD-14300,CUST-1238,PROD-001,2025-09-25,3,1226.38,0.15,3127.27
OL-10608,ORD-14300,CUST-1238,PROD-028,2025-09-25,3,65.64,0,196.92
OL-10609,ORD-14301,CUST-1238,PROD-031,2025-11-28,2,164.42,0.15,279.51
OL-10610,ORD-14301,CUST-1238,PROD-007,2025-11-28,3,511.33,0.15,1303.89
OL-10611,ORD-14302,CUST-1239,PROD-007,2024-04-03,4,511.33,0.1,1840.79
OL-10612,ORD-14302,CUST-1239,PROD-001,2024-04-03,5,1226.38,0.2,4905.52
OL-10613,ORD-14303,CUST-1239,PROD-031,2025-04-03,5,164.42,0.05,780.99
OL-10614,ORD-14304,CUST-1239,PROD-029,2025-02-07,1,32.8,0.1,29.52
OL-10615,ORD-14304,CUST-1239,PROD-025,2025-02-07,5,25.5,0,127.5
OL-10616,ORD-14304,CUST-1239,PROD-004,2025-02-07,1,921.23,0,921.23
OL-10617,ORD-14305,CUST-1239,PROD-018,2024-06-11,3,9.52,0.2,22.85
OL-10618,ORD-14305,CUST-1239,PROD-019,2024-06-11,4,21.71,0,86.84
OL-10619,ORD-14305,CUST-1239,PROD-032,2024-06-11,2,129.73,0,259.46
OL-10620,ORD-14306,CUST-1239,PROD-024,2025-04-12,2,38.87,0.05,73.85
OL-10621,ORD-14306,CUST-1239,PROD-031,2025-04-12,5,164.42,0.05,780.99
OL-10622,ORD-14307,CUST-1239,PROD-028,2024-05-05,5,65.64,0.2,262.56
OL-10623,ORD-14308,CUST-1239,PROD-024,2024-10-19,1,38.87,0.15,33.04
OL-10624,ORD-14308,CUST-1239,PROD-016,2024-10-19,4,189.62,0.2,606.78
OL-10625,ORD-14309,CUST-1239,PROD-004,2025-07-03,5,921.23,0,4606.15
OL-10626,ORD-14309,CUST-1239,PROD-017,2025-07-03,4,242.78,0,971.12
OL-10627,ORD-14309,CUST-1239,PROD-001,2025-07-03,1,1226.38,0.15,1042.42
OL-10628,ORD-14310,CUST-1239,PROD-026,2024-06-16,4,54.35,0,217.4
OL-10629,ORD-14310,CUST-1239,PROD-036,2024-06-16,1,97.89,0.15,83.21
OL-10630,ORD-14310,CUST-1239,PROD-037,2024-06-16,5,23.39,0,116.95
OL-10631,ORD-14311,CUST-1239,PROD-021,2024-07-13,3,38.34,0,115.02
OL-10632,ORD-14312,CUST-1239,PROD-031,2025-02-18,5,164.42,0,822.1
OL-10633,ORD-14312,CUST-1239,PROD-037,2025-02-18,5,23.39,0,116.95
OL-10634,ORD-14312,CUST-1239,PROD-010,2025-02-18,4,121.48,0.15,413.03
OL-10635,ORD-14313,CUST-1239,PROD-026,2024-07-05,5,54.35,0.1,244.58
OL-10636,ORD-14313,CUST-1239,PROD-033,2024-07-05,2,70.03,0,140.06
OL-10637,ORD-14313,CUST-1239,PROD-004,2024-07-05,1,921.23,0.05,875.17
OL-10638,ORD-14313,CUST-1239,PROD-014,2024-07-05,1,487.6,0,487.6
OL-10639,ORD-14314,CUST-1239,PROD-018,2025-02-17,2,9.52,0.15,16.18
OL-10640,ORD-14314,CUST-1239,PROD-003,2025-02-17,4,722.82,0.1,2602.15
OL-10641,ORD-14314,CUST-1239,PROD-025,2025-02-17,5,25.5,0,127.5
OL-10642,ORD-14315,CUST-1239,PROD-026,2025-01-04,5,54.35,0.2,217.4
OL-10643,ORD-14316,CUST-1239,PROD-008,2024-07-30,2,342.59,0.15,582.4
OL-10644,ORD-14317,CUST-1239,PROD-030,2025-06-12,5,33.74,0,168.7
OL-10645,ORD-14318,CUST-1239,PROD-036,2025-02-20,2,97.89,0,195.78
OL-10646,ORD-14318,CUST-1239,PROD-010,2025-02-20,2,121.48,0,242.96
OL-10647,ORD-14319,CUST-1239,PROD-025,2024-07-21,3,25.5,0,76.5
OL-10648,ORD-14319,CUST-1239,PROD-032,2024-07-21,2,129.73,0.1,233.51
OL-10649,ORD-14319,CUST-1239,PROD-009,2024-07-21,3,89.78,0.2,215.47
OL-10650,ORD-14320,CUST-1239,PROD-008,2025-07-18,1,342.59,0,342.59
OL-10651,ORD-14320,CUST-1239,PROD-028,2025-07-18,1,65.64,0,65.64
OL-10652,ORD-14320,CUST-1239,PROD-012,2025-07-18,3,109.67,0.2,263.21
OL-10653,ORD-14320,CUST-1239,PROD-030,2025-07-18,2,33.74,0.05,64.11
OL-10654,ORD-14321,CUST-1239,PROD-013,2025-03-18,2,134.4,0.15,228.48
OL-10655,ORD-14321,CUST-1239,PROD-010,2025-03-18,4,121.48,0.2,388.74
OL-10656,ORD-14321,CUST-1239,PROD-021,2025-03-18,3,38.34,0,115.02
OL-10657,ORD-14321,CUST-1239,PROD-032,2025-03-18,1,129.73,0.15,110.27
OL-10658,ORD-14322,CUST-1239,PROD-010,2025-07-20,2,121.48,0,242.96
OL-10659,ORD-14322,CUST-1239,PROD-001,2025-07-20,4,1226.38,0.1,4414.97
OL-10660,ORD-14322,CUST-1239,PROD-017,2025-07-20,2,242.78,0.05,461.28
OL-10661,ORD-14323,CUST-1239,PROD-024,2024-08-29,5,38.87,0.05,184.63
OL-10662,ORD-14324,CUST-1239,PROD-010,2024-05-21,3,121.48,0.1,328
OL-10663,ORD-14324,CUST-1239,PROD-022,2024-05-21,2,27.82,0.15,47.29
OL-10664,ORD-14324,CUST-1239,PROD-004,2024-05-21,3,921.23,0,2763.69
OL-10665,ORD-14325,CUST-1239,PROD-037,2025-07-07,3,23.39,0,70.17
OL-10666,ORD-14326,CUST-1239,PROD-032,2025-04-05,2,129.73,0.05,246.49
OL-10667,ORD-14326,CUST-1239,PROD-015,2025-04-05,2,295.3,0.05,561.07
OL-10668,ORD-14326,CUST-1239,PROD-026,2025-04-05,5,54.35,0,271.75
OL-10669,ORD-14326,CUST-1239,PROD-019,2025-04-05,4,21.71,0,86.84
OL-10670,ORD-14327,CUST-1239,PROD-028,2024-08-09,1,65.64,0,65.64
OL-10671,ORD-14328,CUST-1239,PROD-006,2025-02-10,3,689.21,0,2067.63
OL-10672,ORD-14328,CUST-1239,PROD-016,2025-02-10,1,189.62,0.15,161.18
OL-10673,ORD-14329,CUST-1240,PROD-016,2025-08-23,2,189.62,0,379.24
OL-10674,ORD-14330,CUST-1241,PROD-031,2024-09-10,3,164.42,0,493.26
OL-10675,ORD-14331,CUST-1241,PROD-012,2025-04-03,3,109.67,0.05,312.56
OL-10676,ORD-14332,CUST-1241,PROD-034,2025-07-17,2,79.8,0,159.6
OL-10677,ORD-14332,CUST-1241,PROD-019,2025-07-17,2,21.71,0.2,34.74
OL-10678,ORD-14332,CUST-1241,PROD-007,2025-07-17,2,511.33,0,1022.66
OL-10679,ORD-14333,CUST-1241,PROD-003,2025-01-19,4,722.82,0.2,2313.02
OL-10680,ORD-14333,CUST-1241,PROD-036,2025-01-19,2,97.89,0.1,176.2
OL-10681,ORD-14334,CUST-1241,PROD-031,2025-10-15,3,164.42,0,493.26
OL-10682,ORD-14334,CUST-1241,PROD-004,2025-10-15,5,921.23,0.2,3684.92
OL-10683,ORD-14334,CUST-1241,PROD-037,2025-10-15,1,23.39,0,23.39
OL-10684,ORD-14335,CUST-1241,PROD-034,2025-05-28,3,79.8,0.1,215.46
OL-10685,ORD-14336,CUST-1241,PROD-034,2025-12-18,1,79.8,0,79.8
OL-10686,ORD-14336,CUST-1241,PROD-014,2025-12-18,1,487.6,0.05,463.22
OL-10687,ORD-14336,CUST-1241,PROD-031,2025-12-18,5,164.42,0,822.1
OL-10688,ORD-14336,CUST-1241,PROD-011,2025-12-18,2,103.76,0.05,197.14
OL-10689,ORD-14337,CUST-1241,PROD-034,2025-08-23,1,79.8,0.1,71.82
OL-10690,ORD-14338,CUST-1241,PROD-029,2025-11-13,3,32.8,0,98.4
OL-10691,ORD-14338,CUST-1241,PROD-005,2025-11-13,5,843.32,0,4216.6
OL-10692,ORD-14339,CUST-1241,PROD-035,2024-11-02,2,75.75,0.1,136.35
OL-10693,ORD-14339,CUST-1241,PROD-020,2024-11-02,1,37.73,0,37.73
OL-10694,ORD-14339,CUST-1241,PROD-018,2024-11-02,4,9.52,0.15,32.37
OL-10695,ORD-14339,CUST-1241,PROD-036,2024-11-02,3,97.89,0.15,249.62
OL-10696,ORD-14340,CUST-1241,PROD-035,2025-05-07,1,75.75,0,75.75
OL-10697,ORD-14340,CUST-1241,PROD-008,2025-05-07,2,342.59,0.05,650.92
OL-10698,ORD-14341,CUST-1241,PROD-037,2024-10-26,2,23.39,0,46.78
OL-10699,ORD-14341,CUST-1241,PROD-018,2024-10-26,3,9.52,0,28.56
OL-10700,ORD-14341,CUST-1241,PROD-026,2024-10-26,3,54.35,0,163.05
OL-10701,ORD-14342,CUST-1241,PROD-001,2025-05-08,3,1226.38,0.15,3127.27
OL-10702,ORD-14342,CUST-1241,PROD-021,2025-05-08,5,38.34,0.1,172.53
OL-10703,ORD-14342,CUST-1241,PROD-015,2025-05-08,2,295.3,0.2,472.48
OL-10704,ORD-14342,CUST-1241,PROD-023,2025-05-08,2,88.43,0,176.86
OL-10705,ORD-14343,CUST-1241,PROD-008,2025-07-04,5,342.59,0,1712.95
OL-10706,ORD-14344,CUST-1241,PROD-037,2025-09-01,5,23.39,0,116.95
OL-10707,ORD-14344,CUST-1241,PROD-015,2025-09-01,1,295.3,0.2,236.24
OL-10708,ORD-14345,CUST-1242,PROD-032,2025-03-01,2,129.73,0,259.46
OL-10709,ORD-14345,CUST-1242,PROD-031,2025-03-01,5,164.42,0.05,780.99
OL-10710,ORD-14345,CUST-1242,PROD-036,2025-03-01,3,97.89,0,293.67
OL-10711,ORD-14346,CUST-1242,PROD-024,2025-11-08,4,38.87,0.2,124.38
OL-10712,ORD-14347,CUST-1242,PROD-021,2025-08-13,2,38.34,0,76.68
OL-10713,ORD-14348,CUST-1243,PROD-002,2024-04-05,1,505.32,0.15,429.52
OL-10714,ORD-14348,CUST-1243,PROD-025,2024-04-05,4,25.5,0,102
OL-10715,ORD-14348,CUST-1243,PROD-027,2024-04-05,2,52.67,0,105.34
OL-10716,ORD-14348,CUST-1243,PROD-032,2024-04-05,1,129.73,0.1,116.76
OL-10717,ORD-14349,CUST-1243,PROD-028,2025-05-28,1,65.64,0,65.64
OL-10718,ORD-14350,CUST-1243,PROD-022,2025-02-16,5,27.82,0,139.1
OL-10719,ORD-14350,CUST-1243,PROD-015,2025-02-16,4,295.3,0,1181.2
OL-10720,ORD-14350,CUST-1243,PROD-002,2025-02-16,1,505.32,0.2,404.26
OL-10721,ORD-14351,CUST-1243,PROD-004,2024-07-26,4,921.23,0.1,3316.43
OL-10722,ORD-14351,CUST-1243,PROD-015,2024-07-26,1,295.3,0.05,280.54
OL-10723,ORD-14351,CUST-1243,PROD-032,2024-07-26,1,129.73,0.2,103.78
OL-10724,ORD-14352,CUST-1243,PROD-032,2025-08-18,2,129.73,0,259.46
OL-10725,ORD-14352,CUST-1243,PROD-037,2025-08-18,4,23.39,0,93.56
OL-10726,ORD-14353,CUST-1243,PROD-004,2025-06-09,3,921.23,0,2763.69
OL-10727,ORD-14353,CUST-1243,PROD-001,2025-06-09,5,1226.38,0,6131.9
OL-10728,ORD-14354,CUST-1243,PROD-010,2024-05-13,3,121.48,0.05,346.22
OL-10729,ORD-14354,CUST-1243,PROD-007,2024-05-13,3,511.33,0,1533.99
OL-10730,ORD-14354,CUST-1243,PROD-026,2024-05-13,3,54.35,0.05,154.9
OL-10731,ORD-14354,CUST-1243,PROD-012,2024-05-13,5,109.67,0,548.35
OL-10732,ORD-14355,CUST-1243,PROD-016,2025-08-10,1,189.62,0.2,151.7
OL-10733,ORD-14355,CUST-1243,PROD-010,2025-08-10,4,121.48,0,485.92
OL-10734,ORD-14355,CUST-1243,PROD-024,2025-08-10,2,38.87,0.1,69.97
OL-10735,ORD-14355,CUST-1243,PROD-021,2025-08-10,5,38.34,0,191.7
OL-10736,ORD-14356,CUST-1243,PROD-025,2024-10-08,5,25.5,0.15,108.38
OL-10737,ORD-14356,CUST-1243,PROD-029,2024-10-08,1,32.8,0,32.8
OL-10738,ORD-14357,CUST-1243,PROD-011,2024-05-02,5,103.76,0.2,415.04
OL-10739,ORD-14357,CUST-1243,PROD-003,2024-05-02,5,722.82,0,3614.1
OL-10740,ORD-14357,CUST-1243,PROD-023,2024-05-02,2,88.43,0,176.86
OL-10741,ORD-14357,CUST-1243,PROD-031,2024-05-02,3,164.42,0,493.26
OL-10742,ORD-14358,CUST-1243,PROD-037,2025-08-04,5,23.39,0.2,93.56
OL-10743,ORD-14359,CUST-1244,PROD-035,2025-06-06,4,75.75,0,303
OL-10744,ORD-14359,CUST-1244,PROD-017,2025-06-06,4,242.78,0.15,825.45
OL-10745,ORD-14359,CUST-1244,PROD-018,2025-06-06,5,9.52,0.2,38.08
OL-10746,ORD-14359,CUST-1244,PROD-021,2025-06-06,1,38.34,0.2,30.67
OL-10747,ORD-14360,CUST-1245,PROD-019,2024-06-19,3,21.71,0,65.13
OL-10748,ORD-14360,CUST-1245,PROD-012,2024-06-19,1,109.67,0.15,93.22
OL-10749,ORD-14360,CUST-1245,PROD-003,2024-06-19,3,722.82,0,2168.46
OL-10750,ORD-14361,CUST-1245,PROD-021,2025-10-04,3,38.34,0,115.02
OL-10751,ORD-14361,CUST-1245,PROD-027,2025-10-04,5,52.67,0.2,210.68
OL-10752,ORD-14361,CUST-1245,PROD-031,2025-10-04,2,164.42,0,328.84
OL-10753,ORD-14362,CUST-1245,PROD-032,2024-09-01,1,129.73,0,129.73
OL-10754,ORD-14362,CUST-1245,PROD-021,2024-09-01,2,38.34,0,76.68
OL-10755,ORD-14362,CUST-1245,PROD-016,2024-09-01,1,189.62,0,189.62
OL-10756,ORD-14362,CUST-1245,PROD-003,2024-09-01,1,722.82,0,722.82
OL-10757,ORD-14363,CUST-1245,PROD-025,2025-07-16,4,25.5,0,102
OL-10758,ORD-14364,CUST-1245,PROD-017,2025-04-22,3,242.78,0.05,691.92
OL-10759,ORD-14365,CUST-1245,PROD-034,2025-01-03,1,79.8,0,79.8
OL-10760,ORD-14365,CUST-1245,PROD-017,2025-01-03,1,242.78,0,242.78
OL-10761,ORD-14365,CUST-1245,PROD-001,2025-01-03,1,1226.38,0,1226.38
OL-10762,ORD-14366,CUST-1245,PROD-017,2024-11-30,5,242.78,0.2,971.12
OL-10763,ORD-14366,CUST-1245,PROD-023,2024-11-30,2,88.43,0,176.86
OL-10764,ORD-14366,CUST-1245,PROD-030,2024-11-30,5,33.74,0.2,134.96
OL-10765,ORD-14366,CUST-1245,PROD-025,2024-11-30,4,25.5,0,102
OL-10766,ORD-14367,CUST-1245,PROD-027,2024-09-29,5,52.67,0.1,237.02
OL-10767,ORD-14367,CUST-1245,PROD-002,2024-09-29,5,505.32,0,2526.6
OL-10768,ORD-14367,CUST-1245,PROD-019,2024-09-29,3,21.71,0.05,61.87
OL-10769,ORD-14368,CUST-1245,PROD-021,2025-02-06,4,38.34,0,153.36
OL-10770,ORD-14368,CUST-1245,PROD-029,2025-02-06,1,32.8,0,32.8
OL-10771,ORD-14369,CUST-1245,PROD-031,2025-04-01,5,164.42,0,822.1
OL-10772,ORD-14370,CUST-1245,PROD-006,2025-07-17,5,689.21,0,3446.05
OL-10773,ORD-14371,CUST-1246,PROD-025,2025-12-22,3,25.5,0,76.5
OL-10774,ORD-14372,CUST-1247,PROD-004,2024-12-12,3,921.23,0.1,2487.32
OL-10775,ORD-14372,CUST-1247,PROD-036,2024-12-12,3,97.89,0.1,264.3
OL-10776,ORD-14372,CUST-1247,PROD-008,2024-12-12,1,342.59,0,342.59
OL-10777,ORD-14373,CUST-1248,PROD-022,2024-08-16,1,27.82,0.05,26.43
OL-10778,ORD-14374,CUST-1249,PROD-032,2024-04-22,3,129.73,0,389.19
OL-10779,ORD-14375,CUST-1249,PROD-018,2025-03-26,1,9.52,0.15,8.09
OL-10780,ORD-14375,CUST-1249,PROD-031,2025-03-26,1,164.42,0.15,139.76
OL-10781,ORD-14375,CUST-1249,PROD-025,2025-03-26,2,25.5,0.2,40.8
OL-10782,ORD-14375,CUST-1249,PROD-013,2025-03-26,2,134.4,0.15,228.48
OL-10783,ORD-14376,CUST-1249,PROD-030,2024-09-10,4,33.74,0.05,128.21
OL-10784,ORD-14377,CUST-1249,PROD-024,2024-06-05,4,38.87,0,155.48
OL-10785,ORD-14377,CUST-1249,PROD-020,2024-06-05,4,37.73,0.1,135.83
OL-10786,ORD-14378,CUST-1249,PROD-018,2024-09-14,3,9.52,0,28.56
OL-10787,ORD-14378,CUST-1249,PROD-025,2024-09-14,5,25.5,0.1,114.75
OL-10788,ORD-14378,CUST-1249,PROD-027,2024-09-14,2,52.67,0,105.34
OL-10789,ORD-14379,CUST-1249,PROD-006,2025-04-21,2,689.21,0.1,1240.58
OL-10790,ORD-14379,CUST-1249,PROD-035,2025-04-21,1,75.75,0.2,60.6
OL-10791,ORD-14379,CUST-1249,PROD-015,2025-04-21,1,295.3,0.2,236.24
OL-10792,ORD-14380,CUST-1249,PROD-029,2025-06-20,3,32.8,0.15,83.64
OL-10793,ORD-14380,CUST-1249,PROD-009,2025-06-20,3,89.78,0.2,215.47
OL-10794,ORD-14381,CUST-1249,PROD-030,2025-01-14,5,33.74,0,168.7
OL-10795,ORD-14381,CUST-1249,PROD-021,2025-01-14,3,38.34,0.2,92.02
OL-10796,ORD-14382,CUST-1249,PROD-002,2024-10-07,3,505.32,0.05,1440.16
OL-10797,ORD-14382,CUST-1249,PROD-001,2024-10-07,3,1226.38,0.2,2943.31
OL-10798,ORD-14382,CUST-1249,PROD-037,2024-10-07,5,23.39,0,116.95
OL-10799,ORD-14383,CUST-1249,PROD-016,2025-08-09,5,189.62,0.05,900.69
OL-10800,ORD-14383,CUST-1249,PROD-010,2025-08-09,5,121.48,0,607.4
OL-10801,ORD-14383,CUST-1249,PROD-019,2025-08-09,4,21.71,0.2,69.47
OL-10802,ORD-14383,CUST-1249,PROD-036,2025-08-09,2,97.89,0.05,185.99
OL-10803,ORD-14384,CUST-1249,PROD-027,2024-11-26,2,52.67,0.05,100.07
OL-10804,ORD-14384,CUST-1249,PROD-017,2024-11-26,5,242.78,0,1213.9
OL-10805,ORD-14384,CUST-1249,PROD-037,2024-11-26,3,23.39,0,70.17
OL-10806,ORD-14384,CUST-1249,PROD-031,2024-11-26,3,164.42,0.2,394.61
OL-10807,ORD-14385,CUST-1249,PROD-008,2024-07-21,5,342.59,0.05,1627.3
OL-10808,ORD-14385,CUST-1249,PROD-037,2024-07-21,1,23.39,0.05,22.22
OL-10809,ORD-14385,CUST-1249,PROD-007,2024-07-21,2,511.33,0.2,818.13
OL-10810,ORD-14386,CUST-1249,PROD-020,2025-02-06,4,37.73,0.05,143.37
OL-10811,ORD-14386,CUST-1249,PROD-029,2025-02-06,4,32.8,0.2,104.96
OL-10812,ORD-14386,CUST-1249,PROD-028,2025-02-06,1,65.64,0.15,55.79
OL-10813,ORD-14386,CUST-1249,PROD-030,2025-02-06,5,33.74,0,168.7
OL-10814,ORD-14387,CUST-1249,PROD-013,2025-03-04,3,134.4,0,403.2
OL-10815,ORD-14388,CUST-1249,PROD-009,2024-11-17,5,89.78,0,448.9
OL-10816,ORD-14388,CUST-1249,PROD-022,2024-11-17,1,27.82,0.05,26.43
OL-10817,ORD-14388,CUST-1249,PROD-037,2024-11-17,4,23.39,0.2,74.85
OL-10818,ORD-14389,CUST-1249,PROD-001,2025-02-27,4,1226.38,0,4905.52
OL-10819,ORD-14389,CUST-1249,PROD-034,2025-02-27,5,79.8,0,399
OL-10820,ORD-14389,CUST-1249,PROD-023,2025-02-27,1,88.43,0.15,75.17
OL-10821,ORD-14389,CUST-1249,PROD-027,2025-02-27,3,52.67,0.2,126.41
OL-10822,ORD-14390,CUST-1249,PROD-014,2025-04-06,3,487.6,0.2,1170.24
OL-10823,ORD-14390,CUST-1249,PROD-027,2025-04-06,3,52.67,0.2,126.41
OL-10824,ORD-14390,CUST-1249,PROD-032,2025-04-06,4,129.73,0.05,492.97
OL-10825,ORD-14390,CUST-1249,PROD-003,2025-04-06,4,722.82,0.2,2313.02
OL-10826,ORD-14391,CUST-1249,PROD-003,2024-07-02,4,722.82,0,2891.28
OL-10827,ORD-14391,CUST-1249,PROD-023,2024-07-02,2,88.43,0,176.86
OL-10828,ORD-14391,CUST-1249,PROD-029,2024-07-02,1,32.8,0.15,27.88
OL-10829,ORD-14392,CUST-1249,PROD-024,2024-06-19,5,38.87,0,194.35
OL-10830,ORD-14392,CUST-1249,PROD-019,2024-06-19,1,21.71,0.15,18.45
OL-10831,ORD-14392,CUST-1249,PROD-017,2024-06-19,5,242.78,0.15,1031.82
OL-10832,ORD-14393,CUST-1249,PROD-030,2025-03-21,3,33.74,0.05,96.16
OL-10833,ORD-14393,CUST-1249,PROD-021,2025-03-21,2,38.34,0.05,72.85
OL-10834,ORD-14393,CUST-1249,PROD-009,2025-03-21,3,89.78,0,269.34
OL-10835,ORD-14394,CUST-1250,PROD-023,2025-03-10,4,88.43,0.2,282.98
OL-10836,ORD-14394,CUST-1250,PROD-022,2025-03-10,4,27.82,0,111.28
OL-10837,ORD-14394,CUST-1250,PROD-031,2025-03-10,2,164.42,0.2,263.07
OL-10838,ORD-14395,CUST-1250,PROD-012,2025-09-14,1,109.67,0.1,98.7
OL-10839,ORD-14395,CUST-1250,PROD-001,2025-09-14,3,1226.38,0,3679.14
OL-10840,ORD-14395,CUST-1250,PROD-022,2025-09-14,1,27.82,0.15,23.65
OL-10841,ORD-14396,CUST-1250,PROD-031,2025-11-10,5,164.42,0.15,698.78
OL-10842,ORD-14396,CUST-1250,PROD-009,2025-11-10,2,89.78,0.05,170.58
OL-10843,ORD-14397,CUST-1250,PROD-033,2025-10-10,1,70.03,0.15,59.53
OL-10844,ORD-14397,CUST-1250,PROD-036,2025-10-10,5,97.89,0.1,440.5
OL-10845,ORD-14397,CUST-1250,PROD-032,2025-10-10,3,129.73,0.2,311.35
OL-10846,ORD-14398,CUST-1251,PROD-028,2025-12-20,1,65.64,0,65.64
OL-10847,ORD-14398,CUST-1251,PROD-026,2025-12-20,4,54.35,0.05,206.53
OL-10848,ORD-14399,CUST-1252,PROD-012,2025-01-17,4,109.67,0.05,416.75
OL-10849,ORD-14400,CUST-1253,PROD-017,2025-10-13,5,242.78,0.2,971.12
OL-10850,ORD-14400,CUST-1253,PROD-035,2025-10-13,3,75.75,0,227.25
OL-10851,ORD-14400,CUST-1253,PROD-012,2025-10-13,3,109.67,0,329.01
OL-10852,ORD-14401,CUST-1254,PROD-026,2025-06-03,2,54.35,0.05,103.27
OL-10853,ORD-14401,CUST-1254,PROD-007,2025-06-03,4,511.33,0.2,1636.26
OL-10854,ORD-14401,CUST-1254,PROD-028,2025-06-03,4,65.64,0.15,223.18
OL-10855,ORD-14401,CUST-1254,PROD-023,2025-06-03,5,88.43,0,442.15
OL-10856,ORD-14402,CUST-1255,PROD-032,2025-04-17,3,129.73,0.1,350.27
OL-10857,ORD-14402,CUST-1255,PROD-007,2025-04-17,1,511.33,0.1,460.2
OL-10858,ORD-14402,CUST-1255,PROD-027,2025-04-17,1,52.67,0.05,50.04
OL-10859,ORD-14403,CUST-1255,PROD-022,2025-08-08,3,27.82,0.1,75.11
OL-10860,ORD-14403,CUST-1255,PROD-002,2025-08-08,2,505.32,0,1010.64
OL-10861,ORD-14403,CUST-1255,PROD-031,2025-08-08,1,164.42,0,164.42
OL-10862,ORD-14403,CUST-1255,PROD-012,2025-08-08,4,109.67,0.1,394.81
OL-10863,ORD-14404,CUST-1255,PROD-028,2025-06-08,1,65.64,0.05,62.36
OL-10864,ORD-14404,CUST-1255,PROD-031,2025-06-08,5,164.42,0.1,739.89
OL-10865,ORD-14404,CUST-1255,PROD-034,2025-06-08,2,79.8,0,159.6
OL-10866,ORD-14405,CUST-1255,PROD-003,2025-05-29,2,722.82,0,1445.64
OL-10867,ORD-14405,CUST-1255,PROD-002,2025-05-29,3,505.32,0.2,1212.77
OL-10868,ORD-14405,CUST-1255,PROD-034,2025-05-29,5,79.8,0,399
OL-10869,ORD-14405,CUST-1255,PROD-005,2025-05-29,2,843.32,0,1686.64
OL-10870,ORD-14406,CUST-1256,PROD-020,2025-08-17,5,37.73,0.2,150.92
OL-10871,ORD-14406,CUST-1256,PROD-015,2025-08-17,2,295.3,0.2,472.48
OL-10872,ORD-14406,CUST-1256,PROD-012,2025-08-17,3,109.67,0.1,296.11
OL-10873,ORD-14406,CUST-1256,PROD-028,2025-08-17,3,65.64,0,196.92
OL-10874,ORD-14407,CUST-1257,PROD-025,2025-11-21,5,25.5,0.15,108.38
OL-10875,ORD-14408,CUST-1258,PROD-008,2025-02-27,2,342.59,0.1,616.66
OL-10876,ORD-14409,CUST-1259,PROD-017,2024-05-14,1,242.78,0.1,218.5
OL-10877,ORD-14409,CUST-1259,PROD-003,2024-05-14,2,722.82,0.1,1301.08
OL-10878,ORD-14409,CUST-1259,PROD-016,2024-05-14,4,189.62,0.1,682.63
OL-10879,ORD-14409,CUST-1259,PROD-005,2024-05-14,1,843.32,0,843.32
OL-10880,ORD-14410,CUST-1260,PROD-023,2025-11-01,2,88.43,0,176.86
OL-10881,ORD-14410,CUST-1260,PROD-007,2025-11-01,2,511.33,0.2,818.13
OL-10882,ORD-14410,CUST-1260,PROD-006,2025-11-01,2,689.21,0.1,1240.58
OL-10883,ORD-14411,CUST-1261,PROD-024,2025-06-27,5,38.87,0.05,184.63
OL-10884,ORD-14412,CUST-1262,PROD-017,2024-04-18,3,242.78,0.2,582.67
OL-10885,ORD-14412,CUST-1262,PROD-010,2024-04-18,2,121.48,0.1,218.66
OL-10886,ORD-14412,CUST-1262,PROD-014,2024-04-18,2,487.6,0.15,828.92
OL-10887,ORD-14412,CUST-1262,PROD-037,2024-04-18,4,23.39,0,93.56
OL-10888,ORD-14413,CUST-1262,PROD-011,2025-07-27,3,103.76,0.05,295.72
OL-10889,ORD-14413,CUST-1262,PROD-034,2025-07-27,2,79.8,0.05,151.62
OL-10890,ORD-14413,CUST-1262,PROD-033,2025-07-27,4,70.03,0,280.12
OL-10891,ORD-14414,CUST-1262,PROD-004,2024-10-06,2,921.23,0.2,1473.97
OL-10892,ORD-14414,CUST-1262,PROD-016,2024-10-06,4,189.62,0.05,720.56
OL-10893,ORD-14414,CUST-1262,PROD-001,2024-10-06,2,1226.38,0.15,2084.85
OL-10894,ORD-14415,CUST-1262,PROD-030,2025-06-12,5,33.74,0,168.7
OL-10895,ORD-14416,CUST-1262,PROD-026,2025-06-23,2,54.35,0,108.7
OL-10896,ORD-14417,CUST-1262,PROD-023,2024-05-26,4,88.43,0.05,336.03
OL-10897,ORD-14417,CUST-1262,PROD-013,2024-05-26,5,134.4,0.1,604.8
OL-10898,ORD-14417,CUST-1262,PROD-011,2024-05-26,2,103.76,0,207.52
OL-10899,ORD-14418,CUST-1262,PROD-033,2025-07-18,2,70.03,0.05,133.06
OL-10900,ORD-14418,CUST-1262,PROD-016,2025-07-18,5,189.62,0.15,805.88
OL-10901,ORD-14418,CUST-1262,PROD-030,2025-07-18,4,33.74,0.2,107.97
OL-10902,ORD-14419,CUST-1262,PROD-016,2025-04-30,3,189.62,0.2,455.09
OL-10903,ORD-14419,CUST-1262,PROD-033,2025-04-30,5,70.03,0,350.15
OL-10904,ORD-14419,CUST-1262,PROD-034,2025-04-30,2,79.8,0.2,127.68
OL-10905,ORD-14419,CUST-1262,PROD-037,2025-04-30,5,23.39,0.05,111.1
OL-10906,ORD-14420,CUST-1262,PROD-033,2024-12-15,4,70.03,0,280.12
OL-10907,ORD-14420,CUST-1262,PROD-032,2024-12-15,4,129.73,0.2,415.14
OL-10908,ORD-14421,CUST-1262,PROD-006,2025-02-02,4,689.21,0.05,2619
OL-10909,ORD-14421,CUST-1262,PROD-004,2025-02-02,2,921.23,0.1,1658.21
OL-10910,ORD-14421,CUST-1262,PROD-019,2025-02-02,4,21.71,0.2,69.47
OL-10911,ORD-14421,CUST-1262,PROD-002,2025-02-02,5,505.32,0.2,2021.28
OL-10912,ORD-14422,CUST-1262,PROD-012,2024-11-14,3,109.67,0.05,312.56
OL-10913,ORD-14422,CUST-1262,PROD-019,2024-11-14,2,21.71,0,43.42
OL-10914,ORD-14422,CUST-1262,PROD-007,2024-11-14,5,511.33,0,2556.65
OL-10915,ORD-14423,CUST-1262,PROD-019,2024-07-14,1,21.71,0,21.71
OL-10916,ORD-14424,CUST-1263,PROD-030,2025-03-02,1,33.74,0.1,30.37
OL-10917,ORD-14425,CUST-1263,PROD-018,2025-04-21,2,9.52,0.05,18.09
OL-10918,ORD-14425,CUST-1263,PROD-016,2025-04-21,1,189.62,0,189.62
OL-10919,ORD-14426,CUST-1264,PROD-029,2025-12-10,3,32.8,0.1,88.56
OL-10920,ORD-14426,CUST-1264,PROD-034,2025-12-10,4,79.8,0,319.2
OL-10921,ORD-14426,CUST-1264,PROD-007,2025-12-10,3,511.33,0,1533.99
OL-10922,ORD-14427,CUST-1265,PROD-024,2024-05-21,1,38.87,0.15,33.04
OL-10923,ORD-14427,CUST-1265,PROD-014,2024-05-21,1,487.6,0,487.6
OL-10924,ORD-14428,CUST-1266,PROD-021,2025-03-13,5,38.34,0,191.7
OL-10925,ORD-14429,CUST-1267,PROD-029,2024-07-13,1,32.8,0.15,27.88
OL-10926,ORD-14429,CUST-1267,PROD-015,2024-07-13,1,295.3,0.15,251
OL-10927,ORD-14429,CUST-1267,PROD-006,2024-07-13,1,689.21,0.15,585.83
OL-10928,ORD-14429,CUST-1267,PROD-031,2024-07-13,4,164.42,0,657.68
OL-10929,ORD-14430,CUST-1267,PROD-006,2025-05-14,3,689.21,0.05,1964.25
OL-10930,ORD-14430,CUST-1267,PROD-029,2025-05-14,1,32.8,0.2,26.24
OL-10931,ORD-14431,CUST-1267,PROD-001,2025-04-09,1,1226.38,0.15,1042.42
OL-10932,ORD-14431,CUST-1267,PROD-012,2025-04-09,4,109.67,0,438.68
OL-10933,ORD-14432,CUST-1268,PROD-016,2024-07-28,1,189.62,0,189.62
OL-10934,ORD-14432,CUST-1268,PROD-031,2024-07-28,1,164.42,0,164.42
OL-10935,ORD-14433,CUST-1268,PROD-037,2025-07-16,2,23.39,0,46.78
OL-10936,ORD-14433,CUST-1268,PROD-011,2025-07-16,5,103.76,0.1,466.92
OL-10937,ORD-14433,CUST-1268,PROD-027,2025-07-16,2,52.67,0.2,84.27
OL-10938,ORD-14434,CUST-1268,PROD-001,2024-11-01,2,1226.38,0.1,2207.48
OL-10939,ORD-14434,CUST-1268,PROD-027,2024-11-01,4,52.67,0,210.68
OL-10940,ORD-14434,CUST-1268,PROD-005,2024-11-01,3,843.32,0.2,2023.97
OL-10941,ORD-14435,CUST-1268,PROD-026,2025-08-01,1,54.35,0,54.35
OL-10942,ORD-14435,CUST-1268,PROD-004,2025-08-01,2,921.23,0,1842.46
OL-10943,ORD-14435,CUST-1268,PROD-011,2025-08-01,5,103.76,0.15,440.98
OL-10944,ORD-14435,CUST-1268,PROD-021,2025-08-01,1,38.34,0.2,30.67
OL-10945,ORD-14436,CUST-1268,PROD-006,2024-12-31,1,689.21,0,689.21
OL-10946,ORD-14436,CUST-1268,PROD-005,2024-12-31,3,843.32,0,2529.96
OL-10947,ORD-14436,CUST-1268,PROD-036,2024-12-31,1,97.89,0,97.89
OL-10948,ORD-14436,CUST-1268,PROD-002,2024-12-31,2,505.32,0,1010.64
OL-10949,ORD-14437,CUST-1269,PROD-037,2025-01-05,3,23.39,0.1,63.15
OL-10950,ORD-14438,CUST-1270,PROD-004,2024-09-25,5,921.23,0.2,3684.92
OL-10951,ORD-14438,CUST-1270,PROD-010,2024-09-25,2,121.48,0.2,194.37
OL-10952,ORD-14438,CUST-1270,PROD-031,2024-09-25,3,164.42,0.2,394.61
OL-10953,ORD-14438,CUST-1270,PROD-026,2024-09-25,4,54.35,0.05,206.53
OL-10954,ORD-14439,CUST-1270,PROD-027,2025-08-16,5,52.67,0.2,210.68
OL-10955,ORD-14439,CUST-1270,PROD-004,2025-08-16,3,921.23,0.05,2625.51
OL-10956,ORD-14439,CUST-1270,PROD-021,2025-08-16,2,38.34,0,76.68
OL-10957,ORD-14439,CUST-1270,PROD-017,2025-08-16,4,242.78,0,971.12
OL-10958,ORD-14440,CUST-1271,PROD-011,2024-06-01,4,103.76,0.2,332.03
OL-10959,ORD-14440,CUST-1271,PROD-012,2024-06-01,3,109.67,0.2,263.21
OL-10960,ORD-14440,CUST-1271,PROD-020,2024-06-01,1,37.73,0.05,35.84
OL-10961,ORD-14441,CUST-1271,PROD-033,2025-04-14,4,70.03,0,280.12
OL-10962,ORD-14441,CUST-1271,PROD-027,2025-04-14,3,52.67,0,158.01
OL-10963,ORD-14441,CUST-1271,PROD-008,2025-04-14,5,342.59,0,1712.95
OL-10964,ORD-14442,CUST-1271,PROD-007,2025-02-26,5,511.33,0.2,2045.32
OL-10965,ORD-14442,CUST-1271,PROD-008,2025-02-26,1,342.59,0.05,325.46
OL-10966,ORD-14442,CUST-1271,PROD-020,2025-02-26,1,37.73,0,37.73
OL-10967,ORD-14442,CUST-1271,PROD-036,2025-02-26,5,97.89,0,489.45
OL-10968,ORD-14443,CUST-1271,PROD-037,2025-10-13,4,23.39,0.15,79.53
OL-10969,ORD-14444,CUST-1271,PROD-023,2025-07-23,5,88.43,0,442.15
OL-10970,ORD-14444,CUST-1271,PROD-032,2025-07-23,4,129.73,0.05,492.97
OL-10971,ORD-14444,CUST-1271,PROD-003,2025-07-23,5,722.82,0.05,3433.39
OL-10972,ORD-14445,CUST-1271,PROD-003,2025-08-25,3,722.82,0,2168.46
OL-10973,ORD-14445,CUST-1271,PROD-017,2025-08-25,3,242.78,0,728.34
OL-10974,ORD-14445,CUST-1271,PROD-018,2025-08-25,2,9.52,0.1,17.14
OL-10975,ORD-14446,CUST-1271,PROD-010,2025-10-02,1,121.48,0.1,109.33
OL-10976,ORD-14446,CUST-1271,PROD-026,2025-10-02,5,54.35,0,271.75
OL-10977,ORD-14446,CUST-1271,PROD-032,2025-10-02,3,129.73,0.2,311.35
OL-10978,ORD-14447,CUST-1271,PROD-022,2024-07-08,1,27.82,0,27.82
OL-10979,ORD-14448,CUST-1271,PROD-012,2025-01-26,5,109.67,0.05,520.93
OL-10980,ORD-14448,CUST-1271,PROD-027,2025-01-26,1,52.67,0,52.67
OL-10981,ORD-14448,CUST-1271,PROD-033,2025-01-26,2,70.03,0,140.06
OL-10982,ORD-14448,CUST-1271,PROD-017,2025-01-26,1,242.78,0.05,230.64
OL-10983,ORD-14449,CUST-1272,PROD-019,2024-06-20,2,21.71,0.2,34.74
OL-10984,ORD-14450,CUST-1272,PROD-029,2025-10-12,4,32.8,0.15,111.52
OL-10985,ORD-14451,CUST-1272,PROD-029,2025-04-06,1,32.8,0,32.8
OL-10986,ORD-14452,CUST-1272,PROD-017,2025-02-09,2,242.78,0.05,461.28
OL-10987,ORD-14453,CUST-1272,PROD-010,2025-01-05,4,121.48,0.15,413.03
OL-10988,ORD-14453,CUST-1272,PROD-015,2025-01-05,1,295.3,0.15,251
OL-10989,ORD-14453,CUST-1272,PROD-030,2025-01-05,1,33.74,0,33.74
OL-10990,ORD-14453,CUST-1272,PROD-026,2025-01-05,3,54.35,0,163.05
OL-10991,ORD-14454,CUST-1272,PROD-006,2025-09-21,4,689.21,0.05,2619
OL-10992,ORD-14454,CUST-1272,PROD-021,2025-09-21,1,38.34,0,38.34
OL-10993,ORD-14454,CUST-1272,PROD-003,2025-09-21,4,722.82,0,2891.28
OL-10994,ORD-14454,CUST-1272,PROD-002,2025-09-21,1,505.32,0.15,429.52
OL-10995,ORD-14455,CUST-1272,PROD-001,2025-07-20,4,1226.38,0.05,4660.24
OL-10996,ORD-14456,CUST-1272,PROD-012,2025-04-14,3,109.67,0,329.01
OL-10997,ORD-14456,CUST-1272,PROD-033,2025-04-14,4,70.03,0.05,266.11
OL-10998,ORD-14456,CUST-1272,PROD-019,2025-04-14,1,21.71,0.1,19.54
OL-10999,ORD-14457,CUST-1272,PROD-031,2025-05-21,2,164.42,0.15,279.51
OL-11000,ORD-14457,CUST-1272,PROD-003,2025-05-21,1,722.82,0.1,650.54
OL-11001,ORD-14457,CUST-1272,PROD-028,2025-05-21,2,65.64,0.2,105.02
OL-11002,ORD-14457,CUST-1272,PROD-032,2025-05-21,2,129.73,0.1,233.51
OL-11003,ORD-14458,CUST-1272,PROD-020,2025-07-28,3,37.73,0,113.19
OL-11004,ORD-14458,CUST-1272,PROD-008,2025-07-28,1,342.59,0.15,291.2
OL-11005,ORD-14459,CUST-1272,PROD-008,2025-05-04,2,342.59,0.05,650.92
OL-11006,ORD-14459,CUST-1272,PROD-024,2025-05-04,2,38.87,0.15,66.08
OL-11007,ORD-14460,CUST-1272,PROD-035,2025-01-07,4,75.75,0,303
OL-11008,ORD-14460,CUST-1272,PROD-015,2025-01-07,1,295.3,0.1,265.77
OL-11009,ORD-14460,CUST-1272,PROD-013,2025-01-07,5,134.4,0,672
OL-11010,ORD-14460,CUST-1272,PROD-028,2025-01-07,2,65.64,0.15,111.59
OL-11011,ORD-14461,CUST-1272,PROD-023,2025-08-03,5,88.43,0.1,397.94
OL-11012,ORD-14462,CUST-1272,PROD-019,2025-08-22,5,21.71,0.15,92.27
OL-11013,ORD-14462,CUST-1272,PROD-030,2025-08-22,5,33.74,0.2,134.96
OL-11014,ORD-14462,CUST-1272,PROD-026,2025-08-22,5,54.35,0,271.75
OL-11015,ORD-14463,CUST-1272,PROD-011,2024-08-20,4,103.76,0.2,332.03
OL-11016,ORD-14463,CUST-1272,PROD-022,2024-08-20,2,27.82,0,55.64
OL-11017,ORD-14464,CUST-1273,PROD-027,2025-05-19,1,52.67,0.2,42.14
OL-11018,ORD-14464,CUST-1273,PROD-007,2025-05-19,5,511.33,0.1,2300.99
OL-11019,ORD-14465,CUST-1273,PROD-023,2025-06-22,1,88.43,0.2,70.74
OL-11020,ORD-14465,CUST-1273,PROD-032,2025-06-22,1,129.73,0.2,103.78
OL-11021,ORD-14466,CUST-1273,PROD-004,2025-12-26,2,921.23,0.05,1750.34
OL-11022,ORD-14466,CUST-1273,PROD-026,2025-12-26,1,54.35,0,54.35
OL-11023,ORD-14467,CUST-1274,PROD-023,2024-12-29,1,88.43,0.05,84.01
OL-11024,ORD-14467,CUST-1274,PROD-007,2024-12-29,4,511.33,0.05,1943.05
OL-11025,ORD-14467,CUST-1274,PROD-021,2024-12-29,1,38.34,0.05,36.42
OL-11026,ORD-14468,CUST-1275,PROD-010,2025-09-25,5,121.48,0.2,485.92
OL-11027,ORD-14468,CUST-1275,PROD-037,2025-09-25,4,23.39,0.2,74.85
OL-11028,ORD-14468,CUST-1275,PROD-026,2025-09-25,2,54.35,0.05,103.27
OL-11029,ORD-14468,CUST-1275,PROD-023,2025-09-25,1,88.43,0,88.43
OL-11030,ORD-14469,CUST-1276,PROD-025,2024-05-19,4,25.5,0,102
OL-11031,ORD-14469,CUST-1276,PROD-033,2024-05-19,2,70.03,0.2,112.05
OL-11032,ORD-14470,CUST-1277,PROD-012,2024-01-29,3,109.67,0,329.01
OL-11033,ORD-14470,CUST-1277,PROD-021,2024-01-29,1,38.34,0.2,30.67
OL-11034,ORD-14471,CUST-1277,PROD-025,2024-11-21,5,25.5,0,127.5
OL-11035,ORD-14472,CUST-1278,PROD-036,2024-04-06,1,97.89,0.2,78.31
OL-11036,ORD-14472,CUST-1278,PROD-030,2024-04-06,5,33.74,0,168.7
OL-11037,ORD-14472,CUST-1278,PROD-014,2024-04-06,3,487.6,0,1462.8
OL-11038,ORD-14472,CUST-1278,PROD-032,2024-04-06,1,129.73,0,129.73
OL-11039,ORD-14473,CUST-1278,PROD-028,2025-03-14,4,65.64,0,262.56
OL-11040,ORD-14474,CUST-1278,PROD-033,2025-01-22,5,70.03,0,350.15
OL-11041,ORD-14474,CUST-1278,PROD-019,2025-01-22,1,21.71,0.2,17.37
OL-11042,ORD-14474,CUST-1278,PROD-016,2025-01-22,1,189.62,0,189.62
OL-11043,ORD-14475,CUST-1278,PROD-015,2024-11-27,3,295.3,0.2,708.72
OL-11044,ORD-14476,CUST-1278,PROD-001,2025-03-19,4,1226.38,0,4905.52
OL-11045,ORD-14476,CUST-1278,PROD-035,2025-03-19,5,75.75,0.2,303
OL-11046,ORD-14476,CUST-1278,PROD-032,2025-03-19,2,129.73,0.05,246.49
OL-11047,ORD-14476,CUST-1278,PROD-003,2025-03-19,3,722.82,0.1,1951.61
OL-11048,ORD-14477,CUST-1278,PROD-019,2025-06-02,3,21.71,0.05,61.87
OL-11049,ORD-14478,CUST-1278,PROD-021,2025-07-17,5,38.34,0.2,153.36
OL-11050,ORD-14479,CUST-1278,PROD-017,2024-08-23,4,242.78,0,971.12
OL-11051,ORD-14480,CUST-1278,PROD-034,2024-06-24,4,79.8,0.05,303.24
OL-11052,ORD-14480,CUST-1278,PROD-037,2024-06-24,3,23.39,0,70.17
OL-11053,ORD-14480,CUST-1278,PROD-002,2024-06-24,1,505.32,0,505.32
OL-11054,ORD-14480,CUST-1278,PROD-011,2024-06-24,1,103.76,0.15,88.2
OL-11055,ORD-14481,CUST-1278,PROD-021,2025-08-17,1,38.34,0.2,30.67
OL-11056,ORD-14482,CUST-1278,PROD-032,2024-06-20,4,129.73,0,518.92
OL-11057,ORD-14482,CUST-1278,PROD-022,2024-06-20,5,27.82,0.1,125.19
OL-11058,ORD-14482,CUST-1278,PROD-020,2024-06-20,1,37.73,0.1,33.96
OL-11059,ORD-14483,CUST-1278,PROD-032,2024-09-12,1,129.73,0.05,123.24
OL-11060,ORD-14483,CUST-1278,PROD-020,2024-09-12,2,37.73,0.1,67.91
OL-11061,ORD-14484,CUST-1278,PROD-001,2024-07-14,3,1226.38,0,3679.14
OL-11062,ORD-14484,CUST-1278,PROD-029,2024-07-14,2,32.8,0,65.6
OL-11063,ORD-14484,CUST-1278,PROD-011,2024-07-14,1,103.76,0,103.76
OL-11064,ORD-14485,CUST-1278,PROD-035,2025-04-11,1,75.75,0,75.75
OL-11065,ORD-14485,CUST-1278,PROD-024,2025-04-11,3,38.87,0,116.61
OL-11066,ORD-14486,CUST-1278,PROD-022,2024-06-19,3,27.82,0.05,79.29
OL-11067,ORD-14486,CUST-1278,PROD-011,2024-06-19,1,103.76,0,103.76
OL-11068,ORD-14487,CUST-1278,PROD-036,2025-06-05,1,97.89,0.15,83.21
OL-11069,ORD-14487,CUST-1278,PROD-033,2025-06-05,3,70.03,0,210.09
OL-11070,ORD-14487,CUST-1278,PROD-031,2025-06-05,2,164.42,0.2,263.07
OL-11071,ORD-14487,CUST-1278,PROD-023,2025-06-05,5,88.43,0.15,375.83
OL-11072,ORD-14488,CUST-1278,PROD-034,2025-04-10,3,79.8,0,239.4
OL-11073,ORD-14489,CUST-1278,PROD-023,2025-01-08,1,88.43,0.2,70.74
OL-11074,ORD-14490,CUST-1278,PROD-009,2024-09-16,1,89.78,0.15,76.31
OL-11075,ORD-14491,CUST-1278,PROD-032,2025-08-13,3,129.73,0.15,330.81
OL-11076,ORD-14492,CUST-1278,PROD-018,2025-08-07,3,9.52,0,28.56
OL-11077,ORD-14493,CUST-1278,PROD-014,2024-10-07,5,487.6,0,2438
OL-11078,ORD-14493,CUST-1278,PROD-010,2024-10-07,4,121.48,0.1,437.33
OL-11079,ORD-14493,CUST-1278,PROD-031,2024-10-07,5,164.42,0.1,739.89
OL-11080,ORD-14493,CUST-1278,PROD-027,2024-10-07,3,52.67,0.05,150.11
OL-11081,ORD-14494,CUST-1278,PROD-013,2024-08-14,3,134.4,0,403.2
OL-11082,ORD-14494,CUST-1278,PROD-003,2024-08-14,2,722.82,0.1,1301.08
OL-11083,ORD-14494,CUST-1278,PROD-037,2024-08-14,1,23.39,0.05,22.22
OL-11084,ORD-14494,CUST-1278,PROD-010,2024-08-14,1,121.48,0,121.48
OL-11085,ORD-14495,CUST-1278,PROD-027,2024-11-18,4,52.67,0,210.68
OL-11086,ORD-14495,CUST-1278,PROD-003,2024-11-18,2,722.82,0,1445.64
OL-11087,ORD-14496,CUST-1278,PROD-014,2025-06-19,4,487.6,0,1950.4
OL-11088,ORD-14497,CUST-1278,PROD-006,2025-02-27,5,689.21,0.2,2756.84
OL-11089,ORD-14497,CUST-1278,PROD-009,2025-02-27,1,89.78,0.1,80.8
OL-11090,ORD-14497,CUST-1278,PROD-021,2025-02-27,2,38.34,0.05,72.85
OL-11091,ORD-14498,CUST-1278,PROD-013,2024-11-06,2,134.4,0.05,255.36
OL-11092,ORD-14498,CUST-1278,PROD-028,2024-11-06,3,65.64,0.15,167.38
OL-11093,ORD-14498,CUST-1278,PROD-020,2024-11-06,2,37.73,0,75.46
OL-11094,ORD-14499,CUST-1278,PROD-021,2025-03-23,4,38.34,0.1,138.02
OL-11095,ORD-14499,CUST-1278,PROD-018,2025-03-23,1,9.52,0,9.52
OL-11096,ORD-14499,CUST-1278,PROD-024,2025-03-23,1,38.87,0.2,31.1
OL-11097,ORD-14500,CUST-1278,PROD-007,2025-01-24,2,511.33,0.2,818.13
OL-11098,ORD-14500,CUST-1278,PROD-019,2025-01-24,1,21.71,0.1,19.54
OL-11099,ORD-14500,CUST-1278,PROD-025,2025-01-24,4,25.5,0.1,91.8
OL-11100,ORD-14501,CUST-1278,PROD-027,2025-01-27,2,52.67,0,105.34
OL-11101,ORD-14501,CUST-1278,PROD-015,2025-01-27,1,295.3,0,295.3
OL-11102,ORD-14501,CUST-1278,PROD-016,2025-01-27,2,189.62,0.2,303.39
OL-11103,ORD-14501,CUST-1278,PROD-003,2025-01-27,2,722.82,0,1445.64
OL-11104,ORD-14502,CUST-1278,PROD-034,2025-06-11,1,79.8,0.15,67.83
OL-11105,ORD-14502,CUST-1278,PROD-016,2025-06-11,5,189.62,0.05,900.69
OL-11106,ORD-14503,CUST-1278,PROD-021,2024-04-23,5,38.34,0.15,162.95
OL-11107,ORD-14503,CUST-1278,PROD-002,2024-04-23,2,505.32,0.05,960.11
OL-11108,ORD-14504,CUST-1278,PROD-001,2024-04-29,2,1226.38,0.2,1962.21
OL-11109,ORD-14504,CUST-1278,PROD-002,2024-04-29,5,505.32,0.05,2400.27
OL-11110,ORD-14504,CUST-1278,PROD-020,2024-04-29,4,37.73,0.05,143.37
OL-11111,ORD-14505,CUST-1278,PROD-030,2025-01-09,2,33.74,0.05,64.11
OL-11112,ORD-14505,CUST-1278,PROD-003,2025-01-09,1,722.82,0.15,614.4
OL-11113,ORD-14505,CUST-1278,PROD-032,2025-01-09,2,129.73,0.05,246.49
OL-11114,ORD-14506,CUST-1279,PROD-033,2024-09-05,4,70.03,0.1,252.11
OL-11115,ORD-14506,CUST-1279,PROD-027,2024-09-05,1,52.67,0,52.67
OL-11116,ORD-14506,CUST-1279,PROD-028,2024-09-05,2,65.64,0.05,124.72
OL-11117,ORD-14506,CUST-1279,PROD-013,2024-09-05,2,134.4,0.1,241.92
OL-11118,ORD-14507,CUST-1280,PROD-013,2025-04-05,5,134.4,0.05,638.4
OL-11119,ORD-14507,CUST-1280,PROD-003,2025-04-05,1,722.82,0,722.82
OL-11120,ORD-14508,CUST-1281,PROD-019,2025-10-31,4,21.71,0,86.84
OL-11121,ORD-14508,CUST-1281,PROD-030,2025-10-31,4,33.74,0,134.96
OL-11122,ORD-14509,CUST-1282,PROD-009,2025-04-16,5,89.78,0.15,381.56
OL-11123,ORD-14509,CUST-1282,PROD-007,2025-04-16,4,511.33,0.2,1636.26
OL-11124,ORD-14509,CUST-1282,PROD-001,2025-04-16,2,1226.38,0.05,2330.12
OL-11125,ORD-14509,CUST-1282,PROD-037,2025-04-16,4,23.39,0.1,84.2
OL-11126,ORD-14510,CUST-1283,PROD-033,2025-02-07,4,70.03,0.1,252.11
OL-11127,ORD-14510,CUST-1283,PROD-005,2025-02-07,5,843.32,0.05,4005.77
OL-11128,ORD-14511,CUST-1283,PROD-025,2025-02-27,4,25.5,0.2,81.6
OL-11129,ORD-14512,CUST-1284,PROD-011,2025-05-02,4,103.76,0.1,373.54
OL-11130,ORD-14513,CUST-1285,PROD-011,2025-03-14,3,103.76,0.05,295.72
OL-11131,ORD-14513,CUST-1285,PROD-024,2025-03-14,3,38.87,0.1,104.95
OL-11132,ORD-14513,CUST-1285,PROD-035,2025-03-14,1,75.75,0.05,71.96
OL-11133,ORD-14514,CUST-1286,PROD-029,2024-07-16,5,32.8,0,164
OL-11134,ORD-14515,CUST-1286,PROD-007,2024-10-19,1,511.33,0,511.33
OL-11135,ORD-14515,CUST-1286,PROD-030,2024-10-19,1,33.74,0,33.74
OL-11136,ORD-14515,CUST-1286,PROD-029,2024-10-19,5,32.8,0,164
OL-11137,ORD-14516,CUST-1286,PROD-017,2025-04-28,1,242.78,0.1,218.5
OL-11138,ORD-14516,CUST-1286,PROD-036,2025-04-28,5,97.89,0.2,391.56
OL-11139,ORD-14517,CUST-1286,PROD-017,2025-01-24,5,242.78,0.1,1092.51
OL-11140,ORD-14517,CUST-1286,PROD-034,2025-01-24,1,79.8,0.2,63.84
OL-11141,ORD-14517,CUST-1286,PROD-030,2025-01-24,3,33.74,0.1,91.1
OL-11142,ORD-14518,CUST-1286,PROD-017,2024-12-04,3,242.78,0.1,655.51
OL-11143,ORD-14518,CUST-1286,PROD-027,2024-12-04,4,52.67,0.15,179.08
OL-11144,ORD-14519,CUST-1287,PROD-025,2024-04-07,2,25.5,0,51
OL-11145,ORD-14519,CUST-1287,PROD-004,2024-04-07,2,921.23,0,1842.46
OL-11146,ORD-14520,CUST-1288,PROD-028,2024-11-18,4,65.64,0.15,223.18
OL-11147,ORD-14521,CUST-1288,PROD-020,2025-12-10,4,37.73,0.15,128.28
OL-11148,ORD-14521,CUST-1288,PROD-004,2025-12-10,3,921.23,0,2763.69
OL-11149,ORD-14521,CUST-1288,PROD-021,2025-12-10,1,38.34,0.1,34.51
OL-11150,ORD-14521,CUST-1288,PROD-037,2025-12-10,4,23.39,0.15,79.53
OL-11151,ORD-14522,CUST-1288,PROD-014,2025-09-13,4,487.6,0.1,1755.36
OL-11152,ORD-14523,CUST-1289,PROD-016,2024-06-01,2,189.62,0.05,360.28
OL-11153,ORD-14523,CUST-1289,PROD-029,2024-06-01,5,32.8,0.1,147.6
OL-11154,ORD-14523,CUST-1289,PROD-007,2024-06-01,4,511.33,0,2045.32
OL-11155,ORD-14524,CUST-1290,PROD-022,2025-06-05,3,27.82,0.05,79.29
OL-11156,ORD-14525,CUST-1291,PROD-016,2025-08-30,4,189.62,0,758.48
OL-11157,ORD-14526,CUST-1292,PROD-011,2024-11-08,3,103.76,0.05,295.72
OL-11158,ORD-14526,CUST-1292,PROD-008,2024-11-08,2,342.59,0,685.18
OL-11159,ORD-14526,CUST-1292,PROD-031,2024-11-08,4,164.42,0.1,591.91
OL-11160,ORD-14527,CUST-1293,PROD-017,2025-06-26,1,242.78,0.05,230.64
OL-11161,ORD-14527,CUST-1293,PROD-016,2025-06-26,5,189.62,0,948.1
OL-11162,ORD-14527,CUST-1293,PROD-013,2025-06-26,4,134.4,0,537.6
OL-11163,ORD-14528,CUST-1294,PROD-023,2024-04-30,5,88.43,0.05,420.04
OL-11164,ORD-14529,CUST-1294,PROD-009,2024-12-10,1,89.78,0.05,85.29
OL-11165,ORD-14529,CUST-1294,PROD-003,2024-12-10,5,722.82,0,3614.1
OL-11166,ORD-14529,CUST-1294,PROD-034,2024-12-10,4,79.8,0,319.2
OL-11167,ORD-14529,CUST-1294,PROD-020,2024-12-10,1,37.73,0.2,30.18
OL-11168,ORD-14530,CUST-1294,PROD-029,2024-07-12,4,32.8,0,131.2
OL-11169,ORD-14530,CUST-1294,PROD-019,2024-07-12,1,21.71,0.1,19.54
OL-11170,ORD-14530,CUST-1294,PROD-027,2024-07-12,5,52.67,0.15,223.85
OL-11171,ORD-14531,CUST-1294,PROD-028,2025-01-18,3,65.64,0,196.92
OL-11172,ORD-14531,CUST-1294,PROD-022,2025-01-18,3,27.82,0,83.46
OL-11173,ORD-14531,CUST-1294,PROD-009,2025-01-18,3,89.78,0,269.34
OL-11174,ORD-14532,CUST-1294,PROD-026,2025-02-26,5,54.35,0,271.75
OL-11175,ORD-14532,CUST-1294,PROD-030,2025-02-26,4,33.74,0,134.96
OL-11176,ORD-14532,CUST-1294,PROD-012,2025-02-26,2,109.67,0.15,186.44
OL-11177,ORD-14532,CUST-1294,PROD-037,2025-02-26,4,23.39,0.05,88.88
OL-11178,ORD-14533,CUST-1294,PROD-003,2025-03-26,1,722.82,0,722.82
OL-11179,ORD-14533,CUST-1294,PROD-028,2025-03-26,3,65.64,0,196.92
OL-11180,ORD-14533,CUST-1294,PROD-002,2025-03-26,2,505.32,0.1,909.58
OL-11181,ORD-14534,CUST-1294,PROD-015,2024-08-06,5,295.3,0,1476.5
OL-11182,ORD-14534,CUST-1294,PROD-036,2024-08-06,2,97.89,0.1,176.2
OL-11183,ORD-14534,CUST-1294,PROD-027,2024-08-06,2,52.67,0.2,84.27
OL-11184,ORD-14534,CUST-1294,PROD-035,2024-08-06,2,75.75,0.2,121.2
OL-11185,ORD-14535,CUST-1294,PROD-009,2025-02-13,4,89.78,0.15,305.25
OL-11186,ORD-14535,CUST-1294,PROD-010,2025-02-13,5,121.48,0.15,516.29
OL-11187,ORD-14535,CUST-1294,PROD-023,2025-02-13,4,88.43,0,353.72
OL-11188,ORD-14535,CUST-1294,PROD-017,2025-02-13,5,242.78,0.05,1153.2
OL-11189,ORD-14536,CUST-1294,PROD-006,2025-08-15,4,689.21,0,2756.84
OL-11190,ORD-14536,CUST-1294,PROD-004,2025-08-15,4,921.23,0,3684.92
OL-11191,ORD-14536,CUST-1294,PROD-015,2025-08-15,5,295.3,0,1476.5
OL-11192,ORD-14536,CUST-1294,PROD-024,2025-08-15,5,38.87,0,194.35
OL-11193,ORD-14537,CUST-1295,PROD-006,2024-10-04,2,689.21,0.05,1309.5
OL-11194,ORD-14537,CUST-1295,PROD-020,2024-10-04,2,37.73,0.15,64.14
OL-11195,ORD-14537,CUST-1295,PROD-011,2024-10-04,3,103.76,0,311.28
OL-11196,ORD-14537,CUST-1295,PROD-027,2024-10-04,4,52.67,0,210.68
OL-11197,ORD-14538,CUST-1295,PROD-010,2024-11-14,4,121.48,0.05,461.62
OL-11198,ORD-14539,CUST-1296,PROD-003,2024-02-05,5,722.82,0.2,2891.28
OL-11199,ORD-14539,CUST-1296,PROD-028,2024-02-05,1,65.64,0.1,59.08
OL-11200,ORD-14539,CUST-1296,PROD-005,2024-02-05,1,843.32,0,843.32
OL-11201,ORD-14539,CUST-1296,PROD-019,2024-02-05,1,21.71,0.1,19.54
OL-11202,ORD-14540,CUST-1297,PROD-026,2025-04-24,3,54.35,0,163.05
OL-11203,ORD-14540,CUST-1297,PROD-023,2025-04-24,2,88.43,0,176.86
OL-11204,ORD-14540,CUST-1297,PROD-021,2025-04-24,1,38.34,0,38.34
OL-11205,ORD-14540,CUST-1297,PROD-020,2025-04-24,4,37.73,0.1,135.83
OL-11206,ORD-14541,CUST-1298,PROD-026,2025-04-30,3,54.35,0.2,130.44
OL-11207,ORD-14541,CUST-1298,PROD-009,2025-04-30,2,89.78,0.2,143.65
OL-11208,ORD-14541,CUST-1298,PROD-032,2025-04-30,1,129.73,0.15,110.27
OL-11209,ORD-14542,CUST-1299,PROD-009,2024-04-09,5,89.78,0.1,404.01
OL-11210,ORD-14542,CUST-1299,PROD-022,2024-04-09,5,27.82,0.05,132.14
OL-11211,ORD-14543,CUST-1299,PROD-004,2025-04-10,2,921.23,0,1842.46
OL-11212,ORD-14543,CUST-1299,PROD-032,2025-04-10,1,129.73,0.05,123.24
OL-11213,ORD-14544,CUST-1299,PROD-026,2024-11-13,1,54.35,0.15,46.2
OL-11214,ORD-14544,CUST-1299,PROD-037,2024-11-13,4,23.39,0,93.56
OL-11215,ORD-14544,CUST-1299,PROD-007,2024-11-13,5,511.33,0.15,2173.15
OL-11216,ORD-14545,CUST-1299,PROD-005,2025-03-31,2,843.32,0.15,1433.64
OL-11217,ORD-14545,CUST-1299,PROD-008,2025-03-31,3,342.59,0,1027.77
OL-11218,ORD-14545,CUST-1299,PROD-032,2025-03-31,2,129.73,0,259.46
OL-11219,ORD-14545,CUST-1299,PROD-006,2025-03-31,1,689.21,0,689.21
OL-11220,ORD-14546,CUST-1299,PROD-012,2024-11-18,4,109.67,0.2,350.94
OL-11221,ORD-14546,CUST-1299,PROD-010,2024-11-18,3,121.48,0,364.44
OL-11222,ORD-14546,CUST-1299,PROD-030,2024-11-18,3,33.74,0.2,80.98
OL-11223,ORD-14547,CUST-1299,PROD-027,2025-02-12,4,52.67,0.15,179.08
OL-11224,ORD-14547,CUST-1299,PROD-022,2025-02-12,3,27.82,0,83.46
OL-11225,ORD-14547,CUST-1299,PROD-009,2025-02-12,3,89.78,0,269.34
OL-11226,ORD-14548,CUST-1299,PROD-032,2024-09-16,1,129.73,0,129.73
OL-11227,ORD-14548,CUST-1299,PROD-017,2024-09-16,5,242.78,0,1213.9
OL-11228,ORD-14548,CUST-1299,PROD-006,2024-09-16,5,689.21,0,3446.05
OL-11229,ORD-14548,CUST-1299,PROD-027,2024-09-16,2,52.67,0.15,89.54
OL-11230,ORD-14549,CUST-1299,PROD-022,2025-06-27,3,27.82,0.1,75.11
OL-11231,ORD-14549,CUST-1299,PROD-023,2025-06-27,2,88.43,0,176.86
OL-11232,ORD-14549,CUST-1299,PROD-036,2025-06-27,3,97.89,0.15,249.62
OL-11233,ORD-14549,CUST-1299,PROD-032,2025-06-27,1,129.73,0.15,110.27
OL-11234,ORD-14550,CUST-1300,PROD-011,2025-09-28,1,103.76,0.2,83.01
OL-11235,ORD-14550,CUST-1300,PROD-034,2025-09-28,1,79.8,0.05,75.81
OL-11236,ORD-14550,CUST-1300,PROD-015,2025-09-28,3,295.3,0.15,753.02
OL-11237,ORD-14551,CUST-1301,PROD-009,2025-12-04,4,89.78,0.15,305.25
OL-11238,ORD-14551,CUST-1301,PROD-032,2025-12-04,3,129.73,0,389.19
OL-11239,ORD-14552,CUST-1302,PROD-015,2025-09-27,3,295.3,0.15,753.02
OL-11240,ORD-14552,CUST-1302,PROD-010,2025-09-27,4,121.48,0.1,437.33
OL-11241,ORD-14552,CUST-1302,PROD-020,2025-09-27,4,37.73,0.05,143.37
OL-11242,ORD-14553,CUST-1303,PROD-004,2025-02-27,4,921.23,0,3684.92
OL-11243,ORD-14553,CUST-1303,PROD-019,2025-02-27,3,21.71,0.15,55.36
OL-11244,ORD-14553,CUST-1303,PROD-031,2025-02-27,4,164.42,0.15,559.03
OL-11245,ORD-14554,CUST-1304,PROD-010,2024-06-25,1,121.48,0.1,109.33
OL-11246,ORD-14554,CUST-1304,PROD-033,2024-06-25,1,70.03,0.05,66.53
OL-11247,ORD-14554,CUST-1304,PROD-014,2024-06-25,4,487.6,0.15,1657.84
OL-11248,ORD-14554,CUST-1304,PROD-019,2024-06-25,1,21.71,0,21.71
OL-11249,ORD-14555,CUST-1304,PROD-036,2024-07-26,2,97.89,0.1,176.2
OL-11250,ORD-14555,CUST-1304,PROD-019,2024-07-26,5,21.71,0,108.55
OL-11251,ORD-14555,CUST-1304,PROD-012,2024-07-26,1,109.67,0.05,104.19
OL-11252,ORD-14555,CUST-1304,PROD-033,2024-07-26,3,70.03,0,210.09
OL-11253,ORD-14556,CUST-1304,PROD-033,2024-09-10,4,70.03,0,280.12
OL-11254,ORD-14556,CUST-1304,PROD-009,2024-09-10,5,89.78,0,448.9
OL-11255,ORD-14557,CUST-1304,PROD-004,2025-05-15,5,921.23,0,4606.15
OL-11256,ORD-14557,CUST-1304,PROD-012,2025-05-15,1,109.67,0,109.67
OL-11257,ORD-14557,CUST-1304,PROD-019,2025-05-15,3,21.71,0.05,61.87
OL-11258,ORD-14557,CUST-1304,PROD-034,2025-05-15,5,79.8,0.1,359.1
OL-11259,ORD-14558,CUST-1304,PROD-024,2025-04-26,5,38.87,0.15,165.2
OL-11260,ORD-14559,CUST-1304,PROD-017,2024-11-20,4,242.78,0,971.12
OL-11261,ORD-14559,CUST-1304,PROD-023,2024-11-20,1,88.43,0.15,75.17
OL-11262,ORD-14560,CUST-1305,PROD-019,2025-08-05,3,21.71,0,65.13
OL-11263,ORD-14560,CUST-1305,PROD-014,2025-08-05,1,487.6,0.15,414.46
OL-11264,ORD-14561,CUST-1306,PROD-033,2025-12-21,1,70.03,0.05,66.53
OL-11265,ORD-14562,CUST-1307,PROD-005,2024-06-25,5,843.32,0,4216.6
OL-11266,ORD-14562,CUST-1307,PROD-016,2024-06-25,5,189.62,0.15,805.88
OL-11267,ORD-14563,CUST-1307,PROD-021,2024-12-06,5,38.34,0.15,162.95
OL-11268,ORD-14563,CUST-1307,PROD-029,2024-12-06,3,32.8,0.2,78.72
OL-11269,ORD-14564,CUST-1307,PROD-031,2024-12-23,2,164.42,0.15,279.51
OL-11270,ORD-14565,CUST-1307,PROD-010,2025-07-17,5,121.48,0,607.4
OL-11271,ORD-14566,CUST-1307,PROD-005,2024-08-16,2,843.32,0.05,1602.31
OL-11272,ORD-14567,CUST-1307,PROD-007,2024-12-14,1,511.33,0,511.33
OL-11273,ORD-14567,CUST-1307,PROD-033,2024-12-14,3,70.03,0,210.09
OL-11274,ORD-14568,CUST-1307,PROD-036,2025-08-07,4,97.89,0,391.56
OL-11275,ORD-14568,CUST-1307,PROD-033,2025-08-07,4,70.03,0,280.12
OL-11276,ORD-14568,CUST-1307,PROD-014,2025-08-07,3,487.6,0.2,1170.24
OL-11277,ORD-14568,CUST-1307,PROD-030,2025-08-07,1,33.74,0.05,32.05
OL-11278,ORD-14569,CUST-1307,PROD-002,2024-07-22,4,505.32,0.15,1718.09
OL-11279,ORD-14569,CUST-1307,PROD-026,2024-07-22,2,54.35,0,108.7
OL-11280,ORD-14569,CUST-1307,PROD-009,2024-07-22,4,89.78,0.05,341.16
OL-11281,ORD-14570,CUST-1307,PROD-013,2024-10-09,3,134.4,0.05,383.04
OL-11282,ORD-14570,CUST-1307,PROD-009,2024-10-09,2,89.78,0,179.56
OL-11283,ORD-14570,CUST-1307,PROD-028,2024-10-09,4,65.64,0.1,236.3
OL-11284,ORD-14571,CUST-1307,PROD-017,2025-04-04,4,242.78,0,971.12
OL-11285,ORD-14572,CUST-1308,PROD-029,2024-06-22,4,32.8,0.05,124.64
OL-11286,ORD-14572,CUST-1308,PROD-034,2024-06-22,3,79.8,0,239.4
OL-11287,ORD-14573,CUST-1308,PROD-028,2025-06-30,4,65.64,0.1,236.3
OL-11288,ORD-14573,CUST-1308,PROD-013,2025-06-30,1,134.4,0.2,107.52
OL-11289,ORD-14574,CUST-1308,PROD-024,2025-03-29,5,38.87,0.1,174.91
OL-11290,ORD-14574,CUST-1308,PROD-018,2025-03-29,2,9.52,0.1,17.14
OL-11291,ORD-14574,CUST-1308,PROD-007,2025-03-29,3,511.33,0.05,1457.29
OL-11292,ORD-14575,CUST-1308,PROD-034,2025-07-09,4,79.8,0.2,255.36
OL-11293,ORD-14575,CUST-1308,PROD-011,2025-07-09,2,103.76,0.15,176.39
OL-11294,ORD-14576,CUST-1308,PROD-007,2025-05-12,4,511.33,0.2,1636.26
OL-11295,ORD-14577,CUST-1308,PROD-007,2025-10-19,3,511.33,0,1533.99
OL-11296,ORD-14577,CUST-1308,PROD-021,2025-10-19,4,38.34,0,153.36
OL-11297,ORD-14577,CUST-1308,PROD-037,2025-10-19,4,23.39,0.2,74.85
OL-11298,ORD-14578,CUST-1308,PROD-007,2025-08-21,2,511.33,0,1022.66
OL-11299,ORD-14578,CUST-1308,PROD-024,2025-08-21,1,38.87,0.15,33.04
OL-11300,ORD-14578,CUST-1308,PROD-022,2025-08-21,4,27.82,0.1,100.15
OL-11301,ORD-14578,CUST-1308,PROD-015,2025-08-21,2,295.3,0,590.6
OL-11302,ORD-14579,CUST-1308,PROD-020,2025-08-17,3,37.73,0.05,107.53
OL-11303,ORD-14579,CUST-1308,PROD-032,2025-08-17,1,129.73,0.1,116.76
OL-11304,ORD-14580,CUST-1308,PROD-007,2025-09-05,1,511.33,0,511.33
OL-11305,ORD-14580,CUST-1308,PROD-030,2025-09-05,1,33.74,0.2,26.99
OL-11306,ORD-14580,CUST-1308,PROD-025,2025-09-05,1,25.5,0.2,20.4
OL-11307,ORD-14580,CUST-1308,PROD-024,2025-09-05,1,38.87,0.2,31.1
OL-11308,ORD-14581,CUST-1308,PROD-032,2024-07-29,4,129.73,0,518.92
OL-11309,ORD-14581,CUST-1308,PROD-034,2024-07-29,5,79.8,0.2,319.2
OL-11310,ORD-14582,CUST-1308,PROD-034,2025-04-21,1,79.8,0,79.8
OL-11311,ORD-14582,CUST-1308,PROD-030,2025-04-21,1,33.74,0.15,28.68
OL-11312,ORD-14582,CUST-1308,PROD-004,2025-04-21,2,921.23,0,1842.46
OL-11313,ORD-14583,CUST-1308,PROD-027,2024-10-31,2,52.67,0,105.34
OL-11314,ORD-14584,CUST-1309,PROD-022,2024-12-17,2,27.82,0.05,52.86
OL-11315,ORD-14585,CUST-1310,PROD-014,2024-07-22,5,487.6,0.2,1950.4
OL-11316,ORD-14585,CUST-1310,PROD-011,2024-07-22,2,103.76,0.15,176.39
OL-11317,ORD-14585,CUST-1310,PROD-036,2024-07-22,4,97.89,0,391.56
OL-11318,ORD-14585,CUST-1310,PROD-030,2024-07-22,4,33.74,0.2,107.97
OL-11319,ORD-14586,CUST-1310,PROD-026,2024-11-09,5,54.35,0.05,258.16
OL-11320,ORD-14586,CUST-1310,PROD-033,2024-11-09,3,70.03,0,210.09
OL-11321,ORD-14587,CUST-1310,PROD-023,2024-09-20,2,88.43,0.15,150.33
OL-11322,ORD-14588,CUST-1310,PROD-035,2024-12-17,2,75.75,0.2,121.2
OL-11323,ORD-14588,CUST-1310,PROD-032,2024-12-17,1,129.73,0.05,123.24
OL-11324,ORD-14589,CUST-1310,PROD-013,2025-01-19,5,134.4,0,672
OL-11325,ORD-14589,CUST-1310,PROD-007,2025-01-19,1,511.33,0.1,460.2
OL-11326,ORD-14589,CUST-1310,PROD-020,2025-01-19,5,37.73,0.05,179.22
OL-11327,ORD-14589,CUST-1310,PROD-017,2025-01-19,3,242.78,0,728.34
OL-11328,ORD-14590,CUST-1310,PROD-012,2025-07-19,3,109.67,0,329.01
OL-11329,ORD-14590,CUST-1310,PROD-017,2025-07-19,5,242.78,0.15,1031.82
OL-11330,ORD-14590,CUST-1310,PROD-013,2025-07-19,2,134.4,0.2,215.04
OL-11331,ORD-14590,CUST-1310,PROD-036,2025-07-19,4,97.89,0.05,371.98
OL-11332,ORD-14591,CUST-1310,PROD-023,2025-11-30,4,88.43,0.2,282.98
OL-11333,ORD-14592,CUST-1310,PROD-027,2025-11-21,3,52.67,0,158.01
OL-11334,ORD-14592,CUST-1310,PROD-034,2025-11-21,4,79.8,0,319.2
OL-11335,ORD-14593,CUST-1310,PROD-035,2025-01-17,2,75.75,0,151.5
OL-11336,ORD-14594,CUST-1310,PROD-002,2024-09-20,2,505.32,0,1010.64
OL-11337,ORD-14595,CUST-1310,PROD-029,2025-07-06,3,32.8,0.1,88.56
OL-11338,ORD-14595,CUST-1310,PROD-009,2025-07-06,1,89.78,0,89.78
OL-11339,ORD-14595,CUST-1310,PROD-002,2025-07-06,3,505.32,0.2,1212.77
OL-11340,ORD-14595,CUST-1310,PROD-031,2025-07-06,3,164.42,0.05,468.6
OL-11341,ORD-14596,CUST-1310,PROD-027,2025-03-13,4,52.67,0.15,179.08
OL-11342,ORD-14597,CUST-1310,PROD-001,2025-03-29,3,1226.38,0,3679.14
OL-11343,ORD-14597,CUST-1310,PROD-006,2025-03-29,3,689.21,0,2067.63
OL-11344,ORD-14597,CUST-1310,PROD-022,2025-03-29,1,27.82,0,27.82
OL-11345,ORD-14597,CUST-1310,PROD-004,2025-03-29,2,921.23,0.05,1750.34
OL-11346,ORD-14598,CUST-1311,PROD-022,2024-05-02,3,27.82,0.05,79.29
OL-11347,ORD-14598,CUST-1311,PROD-030,2024-05-02,3,33.74,0.05,96.16
OL-11348,ORD-14598,CUST-1311,PROD-025,2024-05-02,4,25.5,0,102
OL-11349,ORD-14599,CUST-1312,PROD-013,2025-05-04,1,134.4,0.2,107.52
OL-11350,ORD-14599,CUST-1312,PROD-009,2025-05-04,1,89.78,0,89.78
OL-11351,ORD-14599,CUST-1312,PROD-031,2025-05-04,1,164.42,0.05,156.2
OL-11352,ORD-14599,CUST-1312,PROD-020,2025-05-04,5,37.73,0,188.65
OL-11353,ORD-14600,CUST-1313,PROD-016,2025-06-11,5,189.62,0.2,758.48
OL-11354,ORD-14600,CUST-1313,PROD-004,2025-06-11,3,921.23,0.2,2210.95
OL-11355,ORD-14601,CUST-1314,PROD-008,2024-04-03,4,342.59,0.15,1164.81
OL-11356,ORD-14601,CUST-1314,PROD-020,2024-04-03,1,37.73,0.2,30.18
OL-11357,ORD-14602,CUST-1314,PROD-025,2024-11-18,3,25.5,0,76.5
OL-11358,ORD-14603,CUST-1314,PROD-015,2025-06-27,3,295.3,0,885.9
OL-11359,ORD-14603,CUST-1314,PROD-001,2025-06-27,5,1226.38,0.1,5518.71
OL-11360,ORD-14603,CUST-1314,PROD-021,2025-06-27,1,38.34,0.05,36.42
OL-11361,ORD-14603,CUST-1314,PROD-014,2025-06-27,5,487.6,0,2438
OL-11362,ORD-14604,CUST-1314,PROD-010,2025-03-09,4,121.48,0,485.92
OL-11363,ORD-14604,CUST-1314,PROD-013,2025-03-09,3,134.4,0.2,322.56
OL-11364,ORD-14604,CUST-1314,PROD-004,2025-03-09,1,921.23,0.05,875.17
OL-11365,ORD-14604,CUST-1314,PROD-037,2025-03-09,1,23.39,0.2,18.71
OL-11366,ORD-14605,CUST-1314,PROD-028,2025-06-23,4,65.64,0,262.56
OL-11367,ORD-14606,CUST-1314,PROD-015,2024-11-07,4,295.3,0.2,944.96
OL-11368,ORD-14607,CUST-1314,PROD-004,2025-07-07,1,921.23,0,921.23
OL-11369,ORD-14607,CUST-1314,PROD-022,2025-07-07,4,27.82,0.15,94.59
OL-11370,ORD-14607,CUST-1314,PROD-037,2025-07-07,5,23.39,0.15,99.41
OL-11371,ORD-14607,CUST-1314,PROD-018,2025-07-07,4,9.52,0.05,36.18
OL-11372,ORD-14608,CUST-1314,PROD-013,2025-02-23,4,134.4,0.05,510.72
OL-11373,ORD-14608,CUST-1314,PROD-007,2025-02-23,1,511.33,0.1,460.2
OL-11374,ORD-14608,CUST-1314,PROD-037,2025-02-23,5,23.39,0.05,111.1
OL-11375,ORD-14608,CUST-1314,PROD-019,2025-02-23,1,21.71,0.1,19.54
OL-11376,ORD-14609,CUST-1314,PROD-027,2024-12-10,2,52.67,0.1,94.81
OL-11377,ORD-14609,CUST-1314,PROD-005,2024-12-10,5,843.32,0,4216.6
OL-11378,ORD-14609,CUST-1314,PROD-010,2024-12-10,1,121.48,0.1,109.33
OL-11379,ORD-14610,CUST-1314,PROD-035,2025-03-26,4,75.75,0.2,242.4
OL-11380,ORD-14610,CUST-1314,PROD-034,2025-03-26,5,79.8,0.1,359.1
OL-11381,ORD-14610,CUST-1314,PROD-020,2025-03-26,5,37.73,0.1,169.78
OL-11382,ORD-14610,CUST-1314,PROD-031,2025-03-26,2,164.42,0,328.84
OL-11383,ORD-14611,CUST-1314,PROD-030,2025-05-21,5,33.74,0.05,160.27
OL-11384,ORD-14611,CUST-1314,PROD-023,2025-05-21,5,88.43,0.15,375.83
OL-11385,ORD-14612,CUST-1314,PROD-012,2024-11-04,2,109.67,0.15,186.44
OL-11386,ORD-14612,CUST-1314,PROD-029,2024-11-04,2,32.8,0,65.6
OL-11387,ORD-14612,CUST-1314,PROD-017,2024-11-04,1,242.78,0.1,218.5
OL-11388,ORD-14612,CUST-1314,PROD-033,2024-11-04,4,70.03,0,280.12
OL-11389,ORD-14613,CUST-1314,PROD-017,2025-07-22,5,242.78,0,1213.9
OL-11390,ORD-14613,CUST-1314,PROD-032,2025-07-22,1,129.73,0,129.73
OL-11391,ORD-14613,CUST-1314,PROD-022,2025-07-22,2,27.82,0.2,44.51
OL-11392,ORD-14614,CUST-1315,PROD-025,2024-06-24,2,25.5,0.15,43.35
OL-11393,ORD-14614,CUST-1315,PROD-029,2024-06-24,1,32.8,0,32.8
OL-11394,ORD-14615,CUST-1315,PROD-025,2025-09-09,1,25.5,0,25.5
OL-11395,ORD-14615,CUST-1315,PROD-029,2025-09-09,1,32.8,0.1,29.52
OL-11396,ORD-14615,CUST-1315,PROD-034,2025-09-09,2,79.8,0.1,143.64
OL-11397,ORD-14616,CUST-1315,PROD-026,2024-10-10,2,54.35,0.05,103.27
OL-11398,ORD-14616,CUST-1315,PROD-020,2024-10-10,1,37.73,0.05,35.84
OL-11399,ORD-14616,CUST-1315,PROD-008,2024-10-10,3,342.59,0,1027.77
OL-11400,ORD-14617,CUST-1315,PROD-011,2025-04-25,3,103.76,0.1,280.15
OL-11401,ORD-14617,CUST-1315,PROD-014,2025-04-25,4,487.6,0.15,1657.84
OL-11402,ORD-14617,CUST-1315,PROD-007,2025-04-25,2,511.33,0.05,971.53
OL-11403,ORD-14618,CUST-1316,PROD-015,2025-01-29,1,295.3,0.15,251
OL-11404,ORD-14619,CUST-1317,PROD-024,2025-01-31,1,38.87,0.1,34.98
OL-11405,ORD-14620,CUST-1318,PROD-025,2025-09-24,1,25.5,0,25.5
OL-11406,ORD-14620,CUST-1318,PROD-002,2025-09-24,4,505.32,0.1,1819.15
OL-11407,ORD-14621,CUST-1318,PROD-028,2025-11-02,5,65.64,0,328.2
OL-11408,ORD-14621,CUST-1318,PROD-020,2025-11-02,1,37.73,0.2,30.18
OL-11409,ORD-14621,CUST-1318,PROD-019,2025-11-02,3,21.71,0.15,55.36
OL-11410,ORD-14622,CUST-1319,PROD-022,2025-09-19,1,27.82,0.1,25.04
OL-11411,ORD-14623,CUST-1320,PROD-017,2024-08-12,4,242.78,0.1,874.01
OL-11412,ORD-14623,CUST-1320,PROD-010,2024-08-12,5,121.48,0,607.4
OL-11413,ORD-14624,CUST-1321,PROD-011,2025-07-26,4,103.76,0.2,332.03
OL-11414,ORD-14625,CUST-1322,PROD-002,2025-12-25,5,505.32,0.1,2273.94
OL-11415,ORD-14626,CUST-1323,PROD-004,2025-05-04,3,921.23,0,2763.69
OL-11416,ORD-14626,CUST-1323,PROD-028,2025-05-04,1,65.64,0.05,62.36
OL-11417,ORD-14626,CUST-1323,PROD-034,2025-05-04,4,79.8,0.2,255.36
OL-11418,ORD-14626,CUST-1323,PROD-005,2025-05-04,4,843.32,0,3373.28
OL-11419,ORD-14627,CUST-1323,PROD-030,2025-07-10,1,33.74,0.05,32.05
OL-11420,ORD-14627,CUST-1323,PROD-010,2025-07-10,4,121.48,0,485.92
OL-11421,ORD-14627,CUST-1323,PROD-018,2025-07-10,5,9.52,0,47.6
OL-11422,ORD-14627,CUST-1323,PROD-011,2025-07-10,3,103.76,0.15,264.59
OL-11423,ORD-14628,CUST-1324,PROD-036,2025-01-04,1,97.89,0,97.89
OL-11424,ORD-14628,CUST-1324,PROD-010,2025-01-04,5,121.48,0.15,516.29
OL-11425,ORD-14628,CUST-1324,PROD-018,2025-01-04,4,9.52,0.05,36.18
OL-11426,ORD-14629,CUST-1325,PROD-031,2025-02-19,1,164.42,0,164.42
OL-11427,ORD-14629,CUST-1325,PROD-012,2025-02-19,2,109.67,0,219.34
OL-11428,ORD-14629,CUST-1325,PROD-019,2025-02-19,2,21.71,0,43.42
OL-11429,ORD-14630,CUST-1325,PROD-034,2025-09-09,4,79.8,0,319.2
OL-11430,ORD-14631,CUST-1325,PROD-036,2025-10-21,2,97.89,0.15,166.41
OL-11431,ORD-14631,CUST-1325,PROD-028,2025-10-21,3,65.64,0.1,177.23
OL-11432,ORD-14631,CUST-1325,PROD-012,2025-10-21,3,109.67,0.15,279.66
OL-11433,ORD-14632,CUST-1326,PROD-017,2025-06-19,5,242.78,0,1213.9
OL-11434,ORD-14632,CUST-1326,PROD-007,2025-06-19,2,511.33,0,1022.66
OL-11435,ORD-14632,CUST-1326,PROD-018,2025-06-19,1,9.52,0.1,8.57
OL-11436,ORD-14632,CUST-1326,PROD-023,2025-06-19,5,88.43,0,442.15
OL-11437,ORD-14633,CUST-1326,PROD-009,2025-08-15,4,89.78,0,359.12
OL-11438,ORD-14634,CUST-1326,PROD-009,2025-10-20,4,89.78,0.15,305.25
OL-11439,ORD-14634,CUST-1326,PROD-010,2025-10-20,4,121.48,0,485.92
OL-11440,ORD-14634,CUST-1326,PROD-029,2025-10-20,5,32.8,0,164
OL-11441,ORD-14635,CUST-1327,PROD-011,2024-12-22,2,103.76,0,207.52
OL-11442,ORD-14635,CUST-1327,PROD-028,2024-12-22,5,65.64,0.15,278.97
OL-11443,ORD-14635,CUST-1327,PROD-033,2024-12-22,3,70.03,0.15,178.58
OL-11444,ORD-14636,CUST-1328,PROD-013,2025-04-07,5,134.4,0.2,537.6
OL-11445,ORD-14636,CUST-1328,PROD-018,2025-04-07,2,9.52,0,19.04
OL-11446,ORD-14636,CUST-1328,PROD-017,2025-04-07,2,242.78,0.1,437
OL-11447,ORD-14637,CUST-1329,PROD-008,2025-01-12,3,342.59,0.15,873.6
OL-11448,ORD-14638,CUST-1330,PROD-026,2025-03-03,1,54.35,0,54.35
OL-11449,ORD-14638,CUST-1330,PROD-018,2025-03-03,5,9.52,0.1,42.84
OL-11450,ORD-14638,CUST-1330,PROD-007,2025-03-03,3,511.33,0,1533.99
OL-11451,ORD-14638,CUST-1330,PROD-024,2025-03-03,2,38.87,0,77.74
OL-11452,ORD-14639,CUST-1331,PROD-031,2025-04-09,1,164.42,0.1,147.98
OL-11453,ORD-14639,CUST-1331,PROD-024,2025-04-09,2,38.87,0.1,69.97
OL-11454,ORD-14640,CUST-1332,PROD-030,2024-08-07,3,33.74,0,101.22
OL-11455,ORD-14641,CUST-1332,PROD-010,2025-10-13,2,121.48,0,242.96
OL-11456,ORD-14641,CUST-1332,PROD-015,2025-10-13,2,295.3,0,590.6
OL-11457,ORD-14641,CUST-1332,PROD-018,2025-10-13,2,9.52,0.1,17.14
OL-11458,ORD-14642,CUST-1332,PROD-037,2025-02-16,5,23.39,0,116.95
OL-11459,ORD-14642,CUST-1332,PROD-028,2025-02-16,4,65.64,0,262.56
OL-11460,ORD-14642,CUST-1332,PROD-021,2025-02-16,2,38.34,0,76.68
OL-11461,ORD-14642,CUST-1332,PROD-011,2025-02-16,1,103.76,0,103.76
OL-11462,ORD-14643,CUST-1332,PROD-021,2025-03-25,3,38.34,0.2,92.02
OL-11463,ORD-14643,CUST-1332,PROD-034,2025-03-25,5,79.8,0,399
OL-11464,ORD-14643,CUST-1332,PROD-003,2025-03-25,5,722.82,0,3614.1
OL-11465,ORD-14644,CUST-1332,PROD-035,2024-09-12,2,75.75,0,151.5
OL-11466,ORD-14644,CUST-1332,PROD-011,2024-09-12,3,103.76,0.1,280.15
OL-11467,ORD-14644,CUST-1332,PROD-034,2024-09-12,4,79.8,0.15,271.32
OL-11468,ORD-14644,CUST-1332,PROD-025,2024-09-12,2,25.5,0.1,45.9
OL-11469,ORD-14645,CUST-1332,PROD-002,2024-11-26,5,505.32,0.05,2400.27
OL-11470,ORD-14645,CUST-1332,PROD-028,2024-11-26,2,65.64,0.05,124.72
OL-11471,ORD-14645,CUST-1332,PROD-011,2024-11-26,1,103.76,0.1,93.38
OL-11472,ORD-14645,CUST-1332,PROD-024,2024-11-26,1,38.87,0,38.87
OL-11473,ORD-14646,CUST-1332,PROD-009,2025-02-18,2,89.78,0.2,143.65
OL-11474,ORD-14646,CUST-1332,PROD-027,2025-02-18,2,52.67,0.15,89.54
OL-11475,ORD-14647,CUST-1332,PROD-027,2025-07-28,4,52.67,0,210.68
OL-11476,ORD-14648,CUST-1332,PROD-005,2025-10-30,1,843.32,0,843.32
OL-11477,ORD-14649,CUST-1332,PROD-029,2024-12-01,2,32.8,0.2,52.48
OL-11478,ORD-14649,CUST-1332,PROD-002,2024-12-01,3,505.32,0.2,1212.77
OL-11479,ORD-14650,CUST-1333,PROD-029,2025-03-17,4,32.8,0.2,104.96
OL-11480,ORD-14650,CUST-1333,PROD-031,2025-03-17,5,164.42,0.1,739.89
OL-11481,ORD-14650,CUST-1333,PROD-022,2025-03-17,4,27.82,0,111.28
OL-11482,ORD-14651,CUST-1334,PROD-016,2025-11-22,4,189.62,0.1,682.63
OL-11483,ORD-14652,CUST-1335,PROD-001,2025-06-15,2,1226.38,0.1,2207.48
OL-11484,ORD-14652,CUST-1335,PROD-034,2025-06-15,2,79.8,0.1,143.64
OL-11485,ORD-14652,CUST-1335,PROD-002,2025-06-15,5,505.32,0.1,2273.94
OL-11486,ORD-14652,CUST-1335,PROD-022,2025-06-15,1,27.82,0.2,22.26
OL-11487,ORD-14653,CUST-1335,PROD-015,2025-09-28,3,295.3,0.05,841.61
OL-11488,ORD-14653,CUST-1335,PROD-025,2025-09-28,3,25.5,0.2,61.2
OL-11489,ORD-14654,CUST-1335,PROD-025,2025-10-07,1,25.5,0,25.5
OL-11490,ORD-14654,CUST-1335,PROD-018,2025-10-07,3,9.52,0.05,27.13
OL-11491,ORD-14654,CUST-1335,PROD-019,2025-10-07,2,21.71,0,43.42
OL-11492,ORD-14654,CUST-1335,PROD-022,2025-10-07,2,27.82,0,55.64
OL-11493,ORD-14655,CUST-1336,PROD-018,2024-11-09,3,9.52,0.15,24.28
OL-11494,ORD-14655,CUST-1336,PROD-027,2024-11-09,3,52.67,0.2,126.41
OL-11495,ORD-14656,CUST-1336,PROD-008,2025-01-30,4,342.59,0,1370.36
OL-11496,ORD-14656,CUST-1336,PROD-014,2025-01-30,5,487.6,0.15,2072.3
OL-11497,ORD-14656,CUST-1336,PROD-034,2025-01-30,4,79.8,0,319.2
OL-11498,ORD-14656,CUST-1336,PROD-004,2025-01-30,4,921.23,0.1,3316.43
OL-11499,ORD-14657,CUST-1336,PROD-017,2025-09-23,1,242.78,0,242.78
OL-11500,ORD-14657,CUST-1336,PROD-022,2025-09-23,4,27.82,0.15,94.59
OL-11501,ORD-14658,CUST-1337,PROD-034,2024-03-29,5,79.8,0,399
OL-11502,ORD-14658,CUST-1337,PROD-010,2024-03-29,1,121.48,0.05,115.41
OL-11503,ORD-14659,CUST-1338,PROD-001,2025-02-05,5,1226.38,0,6131.9
OL-11504,ORD-14659,CUST-1338,PROD-020,2025-02-05,4,37.73,0.2,120.74
OL-11505,ORD-14659,CUST-1338,PROD-012,2025-02-05,1,109.67,0.2,87.74
OL-11506,ORD-14659,CUST-1338,PROD-032,2025-02-05,1,129.73,0,129.73
OL-11507,ORD-14660,CUST-1338,PROD-001,2025-09-23,4,1226.38,0.1,4414.97
OL-11508,ORD-14660,CUST-1338,PROD-024,2025-09-23,3,38.87,0.15,99.12
OL-11509,ORD-14661,CUST-1339,PROD-012,2024-05-27,5,109.67,0,548.35
OL-11510,ORD-14661,CUST-1339,PROD-021,2024-05-27,1,38.34,0,38.34
OL-11511,ORD-14661,CUST-1339,PROD-003,2024-05-27,2,722.82,0,1445.64
OL-11512,ORD-14661,CUST-1339,PROD-025,2024-05-27,2,25.5,0.1,45.9
OL-11513,ORD-14662,CUST-1340,PROD-036,2024-08-28,5,97.89,0.2,391.56
OL-11514,ORD-14663,CUST-1341,PROD-002,2025-02-04,1,505.32,0.05,480.05
OL-11515,ORD-14663,CUST-1341,PROD-034,2025-02-04,1,79.8,0,79.8
OL-11516,ORD-14663,CUST-1341,PROD-005,2025-02-04,5,843.32,0.15,3584.11
OL-11517,ORD-14663,CUST-1341,PROD-006,2025-02-04,2,689.21,0,1378.42
OL-11518,ORD-14664,CUST-1342,PROD-016,2024-05-27,4,189.62,0.1,682.63
OL-11519,ORD-14665,CUST-1342,PROD-036,2024-06-26,3,97.89,0.2,234.94
OL-11520,ORD-14665,CUST-1342,PROD-033,2024-06-26,3,70.03,0,210.09
OL-11521,ORD-14665,CUST-1342,PROD-019,2024-06-26,4,21.71,0,86.84
OL-11522,ORD-14666,CUST-1342,PROD-013,2025-07-15,2,134.4,0.05,255.36
OL-11523,ORD-14667,CUST-1342,PROD-032,2025-08-24,2,129.73,0.2,207.57
OL-11524,ORD-14667,CUST-1342,PROD-027,2025-08-24,1,52.67,0.15,44.77
OL-11525,ORD-14667,CUST-1342,PROD-014,2025-08-24,5,487.6,0,2438
OL-11526,ORD-14667,CUST-1342,PROD-036,2025-08-24,5,97.89,0,489.45
OL-11527,ORD-14668,CUST-1343,PROD-015,2024-03-29,2,295.3,0,590.6
OL-11528,ORD-14668,CUST-1343,PROD-033,2024-03-29,5,70.03,0.05,332.64
OL-11529,ORD-14668,CUST-1343,PROD-020,2024-03-29,5,37.73,0.05,179.22
OL-11530,ORD-14669,CUST-1343,PROD-033,2024-09-28,5,70.03,0,350.15
OL-11531,ORD-14669,CUST-1343,PROD-017,2024-09-28,5,242.78,0.2,971.12
OL-11532,ORD-14669,CUST-1343,PROD-012,2024-09-28,1,109.67,0,109.67
OL-11533,ORD-14669,CUST-1343,PROD-008,2024-09-28,5,342.59,0.2,1370.36
OL-11534,ORD-14670,CUST-1343,PROD-018,2025-04-30,2,9.52,0,19.04
OL-11535,ORD-14670,CUST-1343,PROD-030,2025-04-30,1,33.74,0,33.74
OL-11536,ORD-14670,CUST-1343,PROD-011,2025-04-30,4,103.76,0,415.04
OL-11537,ORD-14670,CUST-1343,PROD-006,2025-04-30,5,689.21,0.15,2929.14
OL-11538,ORD-14671,CUST-1343,PROD-025,2024-11-24,1,25.5,0,25.5
OL-11539,ORD-14671,CUST-1343,PROD-001,2024-11-24,2,1226.38,0,2452.76
OL-11540,ORD-14671,CUST-1343,PROD-014,2024-11-24,2,487.6,0,975.2
OL-11541,ORD-14672,CUST-1343,PROD-029,2024-12-19,1,32.8,0,32.8
OL-11542,ORD-14673,CUST-1343,PROD-009,2024-07-12,3,89.78,0.1,242.41
OL-11543,ORD-14673,CUST-1343,PROD-032,2024-07-12,5,129.73,0.1,583.78
OL-11544,ORD-14674,CUST-1343,PROD-035,2024-05-30,3,75.75,0.1,204.53
OL-11545,ORD-14675,CUST-1343,PROD-002,2025-06-02,2,505.32,0,1010.64
OL-11546,ORD-14675,CUST-1343,PROD-027,2025-06-02,3,52.67,0,158.01
OL-11547,ORD-14676,CUST-1343,PROD-009,2024-10-25,4,89.78,0,359.12
OL-11548,ORD-14676,CUST-1343,PROD-030,2024-10-25,5,33.74,0.1,151.83
OL-11549,ORD-14676,CUST-1343,PROD-011,2024-10-25,1,103.76,0,103.76
OL-11550,ORD-14677,CUST-1343,PROD-015,2025-02-01,1,295.3,0.2,236.24
OL-11551,ORD-14677,CUST-1343,PROD-007,2025-02-01,1,511.33,0.05,485.76
OL-11552,ORD-14677,CUST-1343,PROD-003,2025-02-01,5,722.82,0.15,3071.99
OL-11553,ORD-14678,CUST-1343,PROD-021,2025-06-16,2,38.34,0.05,72.85
OL-11554,ORD-14678,CUST-1343,PROD-005,2025-06-16,2,843.32,0,1686.64
OL-11555,ORD-14679,CUST-1343,PROD-005,2024-07-21,2,843.32,0.15,1433.64
OL-11556,ORD-14680,CUST-1343,PROD-012,2024-11-28,1,109.67,0.2,87.74
OL-11557,ORD-14681,CUST-1343,PROD-020,2025-01-27,1,37.73,0,37.73
OL-11558,ORD-14682,CUST-1343,PROD-025,2025-06-30,4,25.5,0,102
OL-11559,ORD-14682,CUST-1343,PROD-006,2025-06-30,4,689.21,0.05,2619
OL-11560,ORD-14682,CUST-1343,PROD-016,2025-06-30,2,189.62,0.05,360.28
OL-11561,ORD-14683,CUST-1343,PROD-019,2024-07-02,3,21.71,0,65.13
OL-11562,ORD-14684,CUST-1344,PROD-028,2024-08-01,2,65.64,0.15,111.59
OL-11563,ORD-14685,CUST-1344,PROD-015,2025-08-01,3,295.3,0,885.9
OL-11564,ORD-14685,CUST-1344,PROD-016,2025-08-01,1,189.62,0.05,180.14
OL-11565,ORD-14685,CUST-1344,PROD-014,2025-08-01,2,487.6,0.05,926.44
OL-11566,ORD-14686,CUST-1344,PROD-005,2024-10-22,5,843.32,0,4216.6
OL-11567,ORD-14686,CUST-1344,PROD-003,2024-10-22,4,722.82,0,2891.28
OL-11568,ORD-14686,CUST-1344,PROD-020,2024-10-22,4,37.73,0,150.92
OL-11569,ORD-14687,CUST-1344,PROD-005,2024-09-03,2,843.32,0,1686.64
OL-11570,ORD-14687,CUST-1344,PROD-022,2024-09-03,2,27.82,0,55.64
OL-11571,ORD-14687,CUST-1344,PROD-007,2024-09-03,5,511.33,0.05,2428.82
OL-11572,ORD-14688,CUST-1344,PROD-004,2025-03-30,3,921.23,0,2763.69
OL-11573,ORD-14688,CUST-1344,PROD-010,2025-03-30,4,121.48,0,485.92
OL-11574,ORD-14689,CUST-1344,PROD-022,2024-10-02,4,27.82,0.05,105.72
OL-11575,ORD-14689,CUST-1344,PROD-037,2024-10-02,3,23.39,0,70.17
OL-11576,ORD-14690,CUST-1344,PROD-015,2024-12-15,4,295.3,0,1181.2
OL-11577,ORD-14691,CUST-1344,PROD-031,2025-07-20,2,164.42,0.1,295.96
OL-11578,ORD-14691,CUST-1344,PROD-018,2025-07-20,1,9.52,0.1,8.57
OL-11579,ORD-14691,CUST-1344,PROD-013,2025-07-20,3,134.4,0.2,322.56
OL-11580,ORD-14692,CUST-1344,PROD-001,2025-05-01,1,1226.38,0.2,981.1
OL-11581,ORD-14693,CUST-1344,PROD-007,2025-05-25,4,511.33,0.05,1943.05
OL-11582,ORD-14693,CUST-1344,PROD-026,2025-05-25,3,54.35,0,163.05
OL-11583,ORD-14693,CUST-1344,PROD-010,2025-05-25,1,121.48,0.15,103.26
OL-11584,ORD-14694,CUST-1345,PROD-034,2025-06-03,4,79.8,0,319.2
OL-11585,ORD-14694,CUST-1345,PROD-016,2025-06-03,1,189.62,0.2,151.7
OL-11586,ORD-14694,CUST-1345,PROD-008,2025-06-03,1,342.59,0,342.59
OL-11587,ORD-14694,CUST-1345,PROD-018,2025-06-03,5,9.52,0,47.6
OL-11588,ORD-14695,CUST-1346,PROD-024,2025-12-03,4,38.87,0.2,124.38
OL-11589,ORD-14695,CUST-1346,PROD-033,2025-12-03,3,70.03,0.15,178.58
OL-11590,ORD-14695,CUST-1346,PROD-019,2025-12-03,2,21.71,0,43.42
OL-11591,ORD-14696,CUST-1347,PROD-002,2024-07-12,2,505.32,0,1010.64
OL-11592,ORD-14697,CUST-1347,PROD-007,2024-10-21,4,511.33,0,2045.32
OL-11593,ORD-14698,CUST-1347,PROD-026,2024-09-18,1,54.35,0.2,43.48
OL-11594,ORD-14699,CUST-1348,PROD-032,2025-03-01,3,129.73,0,389.19
OL-11595,ORD-14700,CUST-1348,PROD-008,2025-11-04,4,342.59,0.05,1301.84
OL-11596,ORD-14700,CUST-1348,PROD-011,2025-11-04,3,103.76,0.2,249.02
OL-11597,ORD-14700,CUST-1348,PROD-025,2025-11-04,1,25.5,0,25.5
OL-11598,ORD-14701,CUST-1348,PROD-026,2025-10-07,2,54.35,0.15,92.39
OL-11599,ORD-14702,CUST-1349,PROD-013,2024-02-07,4,134.4,0.1,483.84
OL-11600,ORD-14702,CUST-1349,PROD-028,2024-02-07,5,65.64,0.2,262.56
OL-11601,ORD-14702,CUST-1349,PROD-023,2024-02-07,4,88.43,0.2,282.98
OL-11602,ORD-14703,CUST-1349,PROD-010,2024-05-17,1,121.48,0,121.48
OL-11603,ORD-14704,CUST-1349,PROD-006,2025-04-30,3,689.21,0,2067.63
OL-11604,ORD-14704,CUST-1349,PROD-002,2025-04-30,3,505.32,0.05,1440.16
OL-11605,ORD-14704,CUST-1349,PROD-015,2025-04-30,4,295.3,0.2,944.96
OL-11606,ORD-14704,CUST-1349,PROD-025,2025-04-30,3,25.5,0,76.5
OL-11607,ORD-14705,CUST-1349,PROD-010,2024-07-01,5,121.48,0.05,577.03
OL-11608,ORD-14705,CUST-1349,PROD-031,2024-07-01,3,164.42,0,493.26
OL-11609,ORD-14705,CUST-1349,PROD-008,2024-07-01,2,342.59,0,685.18
OL-11610,ORD-14706,CUST-1349,PROD-024,2025-05-10,5,38.87,0,194.35
OL-11611,ORD-14706,CUST-1349,PROD-023,2025-05-10,1,88.43,0,88.43
OL-11612,ORD-14706,CUST-1349,PROD-001,2025-05-10,5,1226.38,0,6131.9
OL-11613,ORD-14707,CUST-1349,PROD-020,2024-09-28,3,37.73,0.05,107.53
OL-11614,ORD-14707,CUST-1349,PROD-031,2024-09-28,3,164.42,0,493.26
OL-11615,ORD-14707,CUST-1349,PROD-013,2024-09-28,4,134.4,0.15,456.96
OL-11616,ORD-14708,CUST-1349,PROD-014,2024-05-04,1,487.6,0.2,390.08
OL-11617,ORD-14708,CUST-1349,PROD-027,2024-05-04,5,52.67,0,263.35
OL-11618,ORD-14708,CUST-1349,PROD-006,2024-05-04,5,689.21,0.1,3101.45
OL-11619,ORD-14709,CUST-1349,PROD-017,2025-06-18,1,242.78,0.15,206.36
OL-11620,ORD-14709,CUST-1349,PROD-021,2025-06-18,5,38.34,0,191.7
OL-11621,ORD-14710,CUST-1349,PROD-020,2024-07-07,2,37.73,0.05,71.69
OL-11622,ORD-14710,CUST-1349,PROD-029,2024-07-07,1,32.8,0.05,31.16
OL-11623,ORD-14710,CUST-1349,PROD-003,2024-07-07,3,722.82,0,2168.46
OL-11624,ORD-14710,CUST-1349,PROD-010,2024-07-07,4,121.48,0,485.92
OL-11625,ORD-14711,CUST-1349,PROD-001,2025-03-30,2,1226.38,0,2452.76
OL-11626,ORD-14711,CUST-1349,PROD-011,2025-03-30,3,103.76,0,311.28
OL-11627,ORD-14711,CUST-1349,PROD-012,2025-03-30,1,109.67,0,109.67
OL-11628,ORD-14711,CUST-1349,PROD-024,2025-03-30,3,38.87,0.15,99.12
OL-11629,ORD-14712,CUST-1349,PROD-027,2024-04-10,5,52.67,0,263.35
OL-11630,ORD-14712,CUST-1349,PROD-012,2024-04-10,3,109.67,0,329.01
OL-11631,ORD-14712,CUST-1349,PROD-035,2024-04-10,4,75.75,0,303
OL-11632,ORD-14712,CUST-1349,PROD-002,2024-04-10,3,505.32,0.15,1288.57
OL-11633,ORD-14713,CUST-1349,PROD-025,2024-03-10,2,25.5,0.05,48.45
OL-11634,ORD-14714,CUST-1349,PROD-023,2025-01-02,5,88.43,0,442.15
OL-11635,ORD-14715,CUST-1349,PROD-036,2024-12-02,4,97.89,0,391.56
OL-11636,ORD-14715,CUST-1349,PROD-008,2024-12-02,5,342.59,0,1712.95
OL-11637,ORD-14716,CUST-1349,PROD-007,2024-06-10,5,511.33,0.05,2428.82
OL-11638,ORD-14716,CUST-1349,PROD-002,2024-06-10,3,505.32,0.05,1440.16
OL-11639,ORD-14716,CUST-1349,PROD-035,2024-06-10,1,75.75,0,75.75
OL-11640,ORD-14716,CUST-1349,PROD-011,2024-06-10,1,103.76,0.2,83.01
OL-11641,ORD-14717,CUST-1349,PROD-019,2025-04-28,4,21.71,0.05,82.5
OL-11642,ORD-14717,CUST-1349,PROD-025,2025-04-28,3,25.5,0.05,72.67
OL-11643,ORD-14717,CUST-1349,PROD-018,2025-04-28,5,9.52,0.2,38.08
OL-11644,ORD-14717,CUST-1349,PROD-027,2025-04-28,3,52.67,0.05,150.11
OL-11645,ORD-14718,CUST-1349,PROD-004,2024-05-19,3,921.23,0,2763.69
OL-11646,ORD-14718,CUST-1349,PROD-036,2024-05-19,1,97.89,0.15,83.21
OL-11647,ORD-14718,CUST-1349,PROD-017,2024-05-19,3,242.78,0,728.34
OL-11648,ORD-14719,CUST-1349,PROD-023,2025-04-04,1,88.43,0.1,79.59
OL-11649,ORD-14719,CUST-1349,PROD-030,2025-04-04,5,33.74,0,168.7
OL-11650,ORD-14720,CUST-1349,PROD-008,2024-11-12,3,342.59,0.15,873.6
OL-11651,ORD-14720,CUST-1349,PROD-001,2024-11-12,3,1226.38,0.2,2943.31
OL-11652,ORD-14720,CUST-1349,PROD-010,2024-11-12,1,121.48,0,121.48
OL-11653,ORD-14720,CUST-1349,PROD-034,2024-11-12,2,79.8,0.1,143.64
OL-11654,ORD-14721,CUST-1349,PROD-021,2025-02-03,2,38.34,0,76.68
OL-11655,ORD-14721,CUST-1349,PROD-022,2025-02-03,2,27.82,0,55.64
OL-11656,ORD-14722,CUST-1349,PROD-022,2025-06-17,1,27.82,0.2,22.26
OL-11657,ORD-14722,CUST-1349,PROD-037,2025-06-17,5,23.39,0.2,93.56
OL-11658,ORD-14722,CUST-1349,PROD-008,2025-06-17,5,342.59,0,1712.95
OL-11659,ORD-14722,CUST-1349,PROD-035,2025-06-17,3,75.75,0,227.25
OL-11660,ORD-14723,CUST-1349,PROD-003,2024-11-20,2,722.82,0,1445.64
OL-11661,ORD-14723,CUST-1349,PROD-022,2024-11-20,4,27.82,0.05,105.72
OL-11662,ORD-14724,CUST-1349,PROD-035,2024-06-14,2,75.75,0.2,121.2
OL-11663,ORD-14725,CUST-1349,PROD-036,2024-03-21,3,97.89,0,293.67
OL-11664,ORD-14725,CUST-1349,PROD-034,2024-03-21,1,79.8,0.15,67.83
OL-11665,ORD-14726,CUST-1349,PROD-030,2024-09-30,5,33.74,0.2,134.96
OL-11666,ORD-14726,CUST-1349,PROD-026,2024-09-30,1,54.35,0.15,46.2
OL-11667,ORD-14726,CUST-1349,PROD-010,2024-09-30,1,121.48,0,121.48
OL-11668,ORD-14726,CUST-1349,PROD-005,2024-09-30,1,843.32,0.2,674.66
OL-11669,ORD-14727,CUST-1349,PROD-030,2024-10-30,1,33.74,0.1,30.37
OL-11670,ORD-14728,CUST-1349,PROD-019,2024-08-22,1,21.71,0.2,17.37
OL-11671,ORD-14728,CUST-1349,PROD-020,2024-08-22,4,37.73,0.1,135.83
OL-11672,ORD-14728,CUST-1349,PROD-023,2024-08-22,1,88.43,0,88.43
OL-11673,ORD-14728,CUST-1349,PROD-018,2024-08-22,2,9.52,0.1,17.14
OL-11674,ORD-14729,CUST-1349,PROD-031,2024-10-12,2,164.42,0,328.84
OL-11675,ORD-14729,CUST-1349,PROD-014,2024-10-12,3,487.6,0.15,1243.38
OL-11676,ORD-14729,CUST-1349,PROD-036,2024-10-12,3,97.89,0.05,278.99
OL-11677,ORD-14729,CUST-1349,PROD-020,2024-10-12,4,37.73,0.05,143.37
OL-11678,ORD-14730,CUST-1349,PROD-030,2024-12-30,4,33.74,0,134.96
OL-11679,ORD-14730,CUST-1349,PROD-011,2024-12-30,4,103.76,0,415.04
OL-11680,ORD-14730,CUST-1349,PROD-037,2024-12-30,2,23.39,0.15,39.76
OL-11681,ORD-14731,CUST-1349,PROD-011,2024-10-23,2,103.76,0.05,197.14
OL-11682,ORD-14731,CUST-1349,PROD-017,2024-10-23,1,242.78,0,242.78
OL-11683,ORD-14732,CUST-1349,PROD-037,2025-02-03,1,23.39,0,23.39
OL-11684,ORD-14733,CUST-1349,PROD-021,2024-09-19,2,38.34,0,76.68
OL-11685,ORD-14733,CUST-1349,PROD-007,2024-09-19,2,511.33,0,1022.66
OL-11686,ORD-14733,CUST-1349,PROD-017,2024-09-19,4,242.78,0.05,922.56
OL-11687,ORD-14733,CUST-1349,PROD-005,2024-09-19,5,843.32,0.15,3584.11
OL-11688,ORD-14734,CUST-1349,PROD-010,2025-05-06,5,121.48,0.05,577.03
OL-11689,ORD-14734,CUST-1349,PROD-037,2025-05-06,4,23.39,0.2,74.85
OL-11690,ORD-14735,CUST-1349,PROD-028,2025-02-12,1,65.64,0,65.64
OL-11691,ORD-14736,CUST-1349,PROD-007,2025-04-12,4,511.33,0.2,1636.26
OL-11692,ORD-14737,CUST-1350,PROD-018,2025-08-21,2,9.52,0.05,18.09
OL-11693,ORD-14737,CUST-1350,PROD-012,2025-08-21,2,109.67,0.05,208.37
OL-11694,ORD-14738,CUST-1351,PROD-030,2025-01-17,5,33.74,0,168.7
OL-11695,ORD-14738,CUST-1351,PROD-016,2025-01-17,1,189.62,0,189.62
OL-11696,ORD-14739,CUST-1351,PROD-013,2025-03-11,2,134.4,0,268.8
OL-11697,ORD-14739,CUST-1351,PROD-019,2025-03-11,4,21.71,0.15,73.81
OL-11698,ORD-14739,CUST-1351,PROD-005,2025-03-11,1,843.32,0.2,674.66
OL-11699,ORD-14740,CUST-1351,PROD-027,2025-09-12,1,52.67,0,52.67
OL-11700,ORD-14740,CUST-1351,PROD-008,2025-09-12,3,342.59,0.05,976.38
OL-11701,ORD-14741,CUST-1351,PROD-002,2025-08-15,2,505.32,0,1010.64
OL-11702,ORD-14741,CUST-1351,PROD-029,2025-08-15,4,32.8,0.1,118.08
OL-11703,ORD-14742,CUST-1351,PROD-023,2025-10-05,1,88.43,0,88.43
OL-11704,ORD-14742,CUST-1351,PROD-020,2025-10-05,3,37.73,0,113.19
OL-11705,ORD-14743,CUST-1352,PROD-020,2025-12-24,1,37.73,0.2,30.18
OL-11706,ORD-14743,CUST-1352,PROD-029,2025-12-24,4,32.8,0.1,118.08
OL-11707,ORD-14743,CUST-1352,PROD-013,2025-12-24,5,134.4,0,672
OL-11708,ORD-14743,CUST-1352,PROD-005,2025-12-24,5,843.32,0,4216.6
OL-11709,ORD-14744,CUST-1353,PROD-031,2024-05-23,1,164.42,0.1,147.98
OL-11710,ORD-14744,CUST-1353,PROD-002,2024-05-23,5,505.32,0.1,2273.94
OL-11711,ORD-14745,CUST-1353,PROD-036,2024-10-22,1,97.89,0,97.89
OL-11712,ORD-14745,CUST-1353,PROD-013,2024-10-22,3,134.4,0.1,362.88
OL-11713,ORD-14746,CUST-1353,PROD-031,2025-05-14,4,164.42,0,657.68
OL-11714,ORD-14746,CUST-1353,PROD-033,2025-05-14,4,70.03,0,280.12
OL-11715,ORD-14746,CUST-1353,PROD-007,2025-05-14,5,511.33,0.1,2300.99
OL-11716,ORD-14747,CUST-1353,PROD-005,2024-07-01,2,843.32,0,1686.64
OL-11717,ORD-14747,CUST-1353,PROD-033,2024-07-01,3,70.03,0.05,199.59
OL-11718,ORD-14747,CUST-1353,PROD-003,2024-07-01,2,722.82,0.1,1301.08
OL-11719,ORD-14748,CUST-1354,PROD-028,2025-05-20,4,65.64,0,262.56
OL-11720,ORD-14748,CUST-1354,PROD-005,2025-05-20,3,843.32,0.15,2150.47
OL-11721,ORD-14749,CUST-1354,PROD-035,2025-12-14,4,75.75,0,303
OL-11722,ORD-14750,CUST-1355,PROD-013,2025-12-14,2,134.4,0.15,228.48
OL-11723,ORD-14750,CUST-1355,PROD-006,2025-12-14,1,689.21,0.1,620.29
OL-11724,ORD-14750,CUST-1355,PROD-017,2025-12-14,1,242.78,0,242.78
OL-11725,ORD-14750,CUST-1355,PROD-037,2025-12-14,4,23.39,0,93.56
OL-11726,ORD-14751,CUST-1356,PROD-034,2025-02-13,3,79.8,0,239.4
OL-11727,ORD-14751,CUST-1356,PROD-001,2025-02-13,1,1226.38,0.15,1042.42
OL-11728,ORD-14752,CUST-1356,PROD-034,2025-06-25,2,79.8,0,159.6
OL-11729,ORD-14753,CUST-1356,PROD-006,2025-12-15,4,689.21,0,2756.84
OL-11730,ORD-14754,CUST-1356,PROD-017,2025-11-05,5,242.78,0.15,1031.82
OL-11731,ORD-14754,CUST-1356,PROD-012,2025-11-05,4,109.67,0.1,394.81
OL-11732,ORD-14754,CUST-1356,PROD-031,2025-11-05,1,164.42,0,164.42
OL-11733,ORD-14754,CUST-1356,PROD-013,2025-11-05,2,134.4,0.15,228.48
OL-11734,ORD-14755,CUST-1356,PROD-011,2025-10-29,5,103.76,0,518.8
OL-11735,ORD-14755,CUST-1356,PROD-032,2025-10-29,5,129.73,0,648.65
OL-11736,ORD-14756,CUST-1356,PROD-014,2025-09-02,5,487.6,0.1,2194.2
OL-11737,ORD-14756,CUST-1356,PROD-012,2025-09-02,2,109.67,0,219.34
OL-11738,ORD-14756,CUST-1356,PROD-024,2025-09-02,2,38.87,0,77.74
OL-11739,ORD-14757,CUST-1356,PROD-032,2025-06-10,2,129.73,0,259.46
OL-11740,ORD-14757,CUST-1356,PROD-005,2025-06-10,5,843.32,0,4216.6
OL-11741,ORD-14757,CUST-1356,PROD-027,2025-06-10,1,52.67,0.15,44.77
OL-11742,ORD-14757,CUST-1356,PROD-004,2025-06-10,4,921.23,0.2,2947.94
OL-11743,ORD-14758,CUST-1356,PROD-026,2025-11-21,4,54.35,0,217.4
OL-11744,ORD-14758,CUST-1356,PROD-001,2025-11-21,5,1226.38,0,6131.9
OL-11745,ORD-14758,CUST-1356,PROD-010,2025-11-21,4,121.48,0,485.92
OL-11746,ORD-14758,CUST-1356,PROD-033,2025-11-21,4,70.03,0.15,238.1
OL-11747,ORD-14759,CUST-1357,PROD-001,2025-12-09,3,1226.38,0.15,3127.27
OL-11748,ORD-14760,CUST-1358,PROD-027,2025-11-30,4,52.67,0.1,189.61
OL-11749,ORD-14761,CUST-1359,PROD-029,2025-04-03,5,32.8,0.15,139.4
OL-11750,ORD-14761,CUST-1359,PROD-015,2025-04-03,5,295.3,0,1476.5
OL-11751,ORD-14762,CUST-1360,PROD-004,2025-08-12,2,921.23,0.2,1473.97
OL-11752,ORD-14762,CUST-1360,PROD-036,2025-08-12,2,97.89,0.2,156.62
OL-11753,ORD-14763,CUST-1361,PROD-018,2025-09-21,4,9.52,0.1,34.27
OL-11754,ORD-14764,CUST-1362,PROD-016,2025-08-31,2,189.62,0,379.24
OL-11755,ORD-14764,CUST-1362,PROD-027,2025-08-31,2,52.67,0,105.34
OL-11756,ORD-14764,CUST-1362,PROD-034,2025-08-31,4,79.8,0,319.2
OL-11757,ORD-14765,CUST-1363,PROD-033,2025-08-07,1,70.03,0,70.03
OL-11758,ORD-14765,CUST-1363,PROD-027,2025-08-07,4,52.67,0.2,168.54
OL-11759,ORD-14765,CUST-1363,PROD-007,2025-08-07,2,511.33,0,1022.66
OL-11760,ORD-14766,CUST-1363,PROD-032,2025-09-17,5,129.73,0,648.65
OL-11761,ORD-14766,CUST-1363,PROD-036,2025-09-17,4,97.89,0.05,371.98
OL-11762,ORD-14766,CUST-1363,PROD-002,2025-09-17,1,505.32,0,505.32
OL-11763,ORD-14766,CUST-1363,PROD-005,2025-09-17,3,843.32,0.15,2150.47
OL-11764,ORD-14767,CUST-1363,PROD-036,2025-09-30,3,97.89,0,293.67
OL-11765,ORD-14767,CUST-1363,PROD-001,2025-09-30,4,1226.38,0,4905.52
OL-11766,ORD-14768,CUST-1364,PROD-003,2025-12-24,2,722.82,0.2,1156.51
OL-11767,ORD-14768,CUST-1364,PROD-036,2025-12-24,4,97.89,0,391.56
OL-11768,ORD-14769,CUST-1365,PROD-020,2025-08-11,2,37.73,0,75.46
OL-11769,ORD-14769,CUST-1365,PROD-033,2025-08-11,4,70.03,0.1,252.11
OL-11770,ORD-14769,CUST-1365,PROD-022,2025-08-11,5,27.82,0.05,132.14
OL-11771,ORD-14769,CUST-1365,PROD-026,2025-08-11,1,54.35,0.05,51.63
OL-11772,ORD-14770,CUST-1366,PROD-029,2025-06-26,4,32.8,0,131.2
OL-11773,ORD-14770,CUST-1366,PROD-030,2025-06-26,4,33.74,0.2,107.97
OL-11774,ORD-14771,CUST-1367,PROD-005,2025-06-25,5,843.32,0.1,3794.94
OL-11775,ORD-14771,CUST-1367,PROD-016,2025-06-25,5,189.62,0,948.1
OL-11776,ORD-14771,CUST-1367,PROD-027,2025-06-25,4,52.67,0,210.68
OL-11777,ORD-14772,CUST-1368,PROD-005,2025-05-24,3,843.32,0.15,2150.47
OL-11778,ORD-14772,CUST-1368,PROD-027,2025-05-24,2,52.67,0.05,100.07
OL-11779,ORD-14772,CUST-1368,PROD-036,2025-05-24,4,97.89,0.15,332.83
OL-11780,ORD-14773,CUST-1368,PROD-031,2025-10-10,4,164.42,0.2,526.14
OL-11781,ORD-14773,CUST-1368,PROD-024,2025-10-10,1,38.87,0.2,31.1
OL-11782,ORD-14774,CUST-1369,PROD-015,2025-04-07,4,295.3,0.05,1122.14
OL-11783,ORD-14774,CUST-1369,PROD-022,2025-04-07,4,27.82,0.1,100.15
OL-11784,ORD-14774,CUST-1369,PROD-031,2025-04-07,3,164.42,0.1,443.93
OL-11785,ORD-14775,CUST-1370,PROD-022,2024-06-09,4,27.82,0,111.28
OL-11786,ORD-14775,CUST-1370,PROD-033,2024-06-09,5,70.03,0.15,297.63
OL-11787,ORD-14775,CUST-1370,PROD-015,2024-06-09,5,295.3,0.15,1255.02
OL-11788,ORD-14776,CUST-1370,PROD-019,2024-09-30,2,21.71,0,43.42
OL-11789,ORD-14776,CUST-1370,PROD-020,2024-09-30,5,37.73,0.05,179.22
OL-11790,ORD-14776,CUST-1370,PROD-035,2024-09-30,1,75.75,0,75.75
OL-11791,ORD-14776,CUST-1370,PROD-037,2024-09-30,2,23.39,0,46.78
OL-11792,ORD-14777,CUST-1371,PROD-001,2025-03-14,4,1226.38,0.05,4660.24
OL-11793,ORD-14777,CUST-1371,PROD-012,2025-03-14,1,109.67,0,109.67
OL-11794,ORD-14777,CUST-1371,PROD-023,2025-03-14,1,88.43,0.05,84.01
OL-11795,ORD-14778,CUST-1372,PROD-022,2024-11-03,5,27.82,0,139.1
OL-11796,ORD-14778,CUST-1372,PROD-036,2024-11-03,4,97.89,0.2,313.25
OL-11797,ORD-14779,CUST-1373,PROD-015,2024-09-08,4,295.3,0.15,1004.02
OL-11798,ORD-14780,CUST-1373,PROD-011,2025-04-21,1,103.76,0,103.76
OL-11799,ORD-14780,CUST-1373,PROD-019,2025-04-21,5,21.71,0.2,86.84
OL-11800,ORD-14781,CUST-1373,PROD-020,2025-09-29,2,37.73,0.05,71.69
OL-11801,ORD-14782,CUST-1373,PROD-011,2025-01-31,4,103.76,0.1,373.54
OL-11802,ORD-14783,CUST-1373,PROD-033,2025-12-23,4,70.03,0,280.12
OL-11803,ORD-14784,CUST-1373,PROD-001,2025-03-05,5,1226.38,0.05,5825.31
OL-11804,ORD-14785,CUST-1373,PROD-030,2025-10-25,1,33.74,0.2,26.99
OL-11805,ORD-14786,CUST-1373,PROD-014,2025-06-03,2,487.6,0,975.2
OL-11806,ORD-14786,CUST-1373,PROD-006,2025-06-03,5,689.21,0,3446.05
OL-11807,ORD-14787,CUST-1373,PROD-031,2024-10-09,5,164.42,0,822.1
OL-11808,ORD-14787,CUST-1373,PROD-024,2024-10-09,2,38.87,0,77.74
OL-11809,ORD-14788,CUST-1373,PROD-005,2025-12-28,4,843.32,0,3373.28
OL-11810,ORD-14789,CUST-1373,PROD-024,2025-05-10,3,38.87,0.1,104.95
OL-11811,ORD-14789,CUST-1373,PROD-021,2025-05-10,4,38.34,0,153.36
OL-11812,ORD-14789,CUST-1373,PROD-031,2025-05-10,2,164.42,0.1,295.96
OL-11813,ORD-14790,CUST-1373,PROD-032,2024-10-29,1,129.73,0.2,103.78
OL-11814,ORD-14791,CUST-1373,PROD-004,2025-03-16,2,921.23,0.1,1658.21
OL-11815,ORD-14791,CUST-1373,PROD-022,2025-03-16,3,27.82,0,83.46
OL-11816,ORD-14791,CUST-1373,PROD-021,2025-03-16,1,38.34,0.1,34.51
OL-11817,ORD-14791,CUST-1373,PROD-031,2025-03-16,4,164.42,0,657.68
OL-11818,ORD-14792,CUST-1373,PROD-028,2025-10-26,4,65.64,0.2,210.05
OL-11819,ORD-14793,CUST-1373,PROD-005,2024-11-21,4,843.32,0.05,3204.62
OL-11820,ORD-14793,CUST-1373,PROD-022,2024-11-21,4,27.82,0,111.28
OL-11821,ORD-14793,CUST-1373,PROD-013,2024-11-21,2,134.4,0,268.8
OL-11822,ORD-14793,CUST-1373,PROD-006,2024-11-21,3,689.21,0.15,1757.49
OL-11823,ORD-14794,CUST-1374,PROD-030,2024-12-07,2,33.74,0,67.48
OL-11824,ORD-14794,CUST-1374,PROD-006,2024-12-07,4,689.21,0.2,2205.47
OL-11825,ORD-14794,CUST-1374,PROD-033,2024-12-07,5,70.03,0.05,332.64
OL-11826,ORD-14794,CUST-1374,PROD-019,2024-12-07,3,21.71,0.05,61.87
OL-11827,ORD-14795,CUST-1374,PROD-017,2025-06-10,4,242.78,0.1,874.01
OL-11828,ORD-14795,CUST-1374,PROD-026,2025-06-10,2,54.35,0,108.7
OL-11829,ORD-14795,CUST-1374,PROD-002,2025-06-10,2,505.32,0.05,960.11
OL-11830,ORD-14796,CUST-1374,PROD-013,2025-01-01,5,134.4,0,672
OL-11831,ORD-14796,CUST-1374,PROD-016,2025-01-01,3,189.62,0.1,511.97
OL-11832,ORD-14796,CUST-1374,PROD-034,2025-01-01,5,79.8,0.05,379.05
OL-11833,ORD-14797,CUST-1374,PROD-025,2025-10-19,5,25.5,0.05,121.12
OL-11834,ORD-14797,CUST-1374,PROD-004,2025-10-19,3,921.23,0.1,2487.32
OL-11835,ORD-14797,CUST-1374,PROD-035,2025-10-19,5,75.75,0,378.75
OL-11836,ORD-14797,CUST-1374,PROD-008,2025-10-19,3,342.59,0,1027.77
OL-11837,ORD-14798,CUST-1374,PROD-013,2025-05-19,4,134.4,0,537.6
OL-11838,ORD-14799,CUST-1375,PROD-034,2024-04-08,3,79.8,0,239.4
OL-11839,ORD-14799,CUST-1375,PROD-029,2024-04-08,2,32.8,0.2,52.48
OL-11840,ORD-14799,CUST-1375,PROD-017,2024-04-08,4,242.78,0,971.12
OL-11841,ORD-14800,CUST-1375,PROD-029,2025-07-31,2,32.8,0,65.6
OL-11842,ORD-14800,CUST-1375,PROD-004,2025-07-31,5,921.23,0,4606.15
OL-11843,ORD-14801,CUST-1376,PROD-019,2024-12-07,3,21.71,0,65.13
OL-11844,ORD-14802,CUST-1377,PROD-011,2025-07-12,1,103.76,0.2,83.01
OL-11845,ORD-14803,CUST-1377,PROD-021,2025-11-05,5,38.34,0.1,172.53
OL-11846,ORD-14803,CUST-1377,PROD-022,2025-11-05,5,27.82,0,139.1
OL-11847,ORD-14803,CUST-1377,PROD-029,2025-11-05,1,32.8,0.05,31.16
OL-11848,ORD-14804,CUST-1377,PROD-026,2025-10-29,4,54.35,0,217.4
OL-11849,ORD-14804,CUST-1377,PROD-025,2025-10-29,2,25.5,0,51
OL-11850,ORD-14804,CUST-1377,PROD-036,2025-10-29,4,97.89,0.15,332.83
OL-11851,ORD-14805,CUST-1377,PROD-023,2025-11-11,4,88.43,0.15,300.66
OL-11852,ORD-14805,CUST-1377,PROD-029,2025-11-11,1,32.8,0.15,27.88
OL-11853,ORD-14805,CUST-1377,PROD-034,2025-11-11,3,79.8,0,239.4
OL-11854,ORD-14805,CUST-1377,PROD-013,2025-11-11,1,134.4,0,134.4
OL-11855,ORD-14806,CUST-1378,PROD-026,2024-11-08,4,54.35,0.05,206.53
OL-11856,ORD-14806,CUST-1378,PROD-032,2024-11-08,4,129.73,0.05,492.97
OL-11857,ORD-14807,CUST-1378,PROD-013,2025-09-29,5,134.4,0.05,638.4
OL-11858,ORD-14807,CUST-1378,PROD-009,2025-09-29,4,89.78,0,359.12
OL-11859,ORD-14807,CUST-1378,PROD-018,2025-09-29,4,9.52,0,38.08
OL-11860,ORD-14808,CUST-1378,PROD-031,2025-09-20,5,164.42,0,822.1
OL-11861,ORD-14808,CUST-1378,PROD-021,2025-09-20,2,38.34,0,76.68
OL-11862,ORD-14808,CUST-1378,PROD-022,2025-09-20,5,27.82,0,139.1
OL-11863,ORD-14808,CUST-1378,PROD-029,2025-09-20,3,32.8,0,98.4
OL-11864,ORD-14809,CUST-1378,PROD-011,2025-11-01,5,103.76,0.15,440.98
OL-11865,ORD-14810,CUST-1378,PROD-020,2025-10-08,5,37.73,0,188.65
OL-11866,ORD-14810,CUST-1378,PROD-014,2025-10-08,4,487.6,0.2,1560.32
OL-11867,ORD-14810,CUST-1378,PROD-036,2025-10-08,5,97.89,0.05,464.98
OL-11868,ORD-14811,CUST-1379,PROD-008,2024-04-28,4,342.59,0.05,1301.84
OL-11869,ORD-14811,CUST-1379,PROD-016,2024-04-28,3,189.62,0.2,455.09
OL-11870,ORD-14811,CUST-1379,PROD-025,2024-04-28,5,25.5,0.1,114.75
OL-11871,ORD-14812,CUST-1379,PROD-001,2024-12-17,2,1226.38,0.1,2207.48
OL-11872,ORD-14812,CUST-1379,PROD-034,2024-12-17,1,79.8,0,79.8
OL-11873,ORD-14812,CUST-1379,PROD-031,2024-12-17,1,164.42,0.1,147.98
OL-11874,ORD-14812,CUST-1379,PROD-028,2024-12-17,2,65.64,0,131.28
OL-11875,ORD-14813,CUST-1379,PROD-019,2025-03-08,5,21.71,0,108.55
OL-11876,ORD-14814,CUST-1380,PROD-019,2025-07-10,3,21.71,0,65.13
OL-11877,ORD-14814,CUST-1380,PROD-017,2025-07-10,4,242.78,0,971.12
OL-11878,ORD-14814,CUST-1380,PROD-030,2025-07-10,4,33.74,0,134.96
OL-11879,ORD-14815,CUST-1381,PROD-022,2025-07-11,5,27.82,0.05,132.14
OL-11880,ORD-14815,CUST-1381,PROD-010,2025-07-11,1,121.48,0,121.48
OL-11881,ORD-14815,CUST-1381,PROD-031,2025-07-11,5,164.42,0,822.1
OL-11882,ORD-14816,CUST-1382,PROD-011,2024-05-22,1,103.76,0.05,98.57
OL-11883,ORD-14816,CUST-1382,PROD-036,2024-05-22,3,97.89,0,293.67
OL-11884,ORD-14816,CUST-1382,PROD-031,2024-05-22,5,164.42,0,822.1
OL-11885,ORD-14816,CUST-1382,PROD-018,2024-05-22,5,9.52,0,47.6
OL-11886,ORD-14817,CUST-1382,PROD-025,2025-09-25,4,25.5,0.1,91.8
OL-11887,ORD-14817,CUST-1382,PROD-001,2025-09-25,2,1226.38,0.1,2207.48
OL-11888,ORD-14817,CUST-1382,PROD-016,2025-09-25,1,189.62,0,189.62
OL-11889,ORD-14818,CUST-1382,PROD-034,2024-11-13,3,79.8,0.1,215.46
OL-11890,ORD-14818,CUST-1382,PROD-008,2024-11-13,4,342.59,0.05,1301.84
OL-11891,ORD-14818,CUST-1382,PROD-002,2024-11-13,4,505.32,0,2021.28
OL-11892,ORD-14818,CUST-1382,PROD-036,2024-11-13,4,97.89,0,391.56
OL-11893,ORD-14819,CUST-1383,PROD-013,2024-08-31,5,134.4,0.15,571.2
OL-11894,ORD-14820,CUST-1383,PROD-012,2025-08-25,4,109.67,0.05,416.75
OL-11895,ORD-14820,CUST-1383,PROD-021,2025-08-25,5,38.34,0.05,182.12
OL-11896,ORD-14821,CUST-1383,PROD-026,2025-09-04,4,54.35,0.2,173.92
OL-11897,ORD-14821,CUST-1383,PROD-016,2025-09-04,4,189.62,0,758.48
OL-11898,ORD-14821,CUST-1383,PROD-006,2025-09-04,5,689.21,0.05,3273.75
OL-11899,ORD-14822,CUST-1383,PROD-027,2024-12-16,4,52.67,0,210.68
OL-11900,ORD-14822,CUST-1383,PROD-029,2024-12-16,2,32.8,0.2,52.48
OL-11901,ORD-14822,CUST-1383,PROD-034,2024-12-16,5,79.8,0.05,379.05
OL-11902,ORD-14822,CUST-1383,PROD-005,2024-12-16,2,843.32,0.2,1349.31
OL-11903,ORD-14823,CUST-1383,PROD-016,2025-06-15,1,189.62,0,189.62
OL-11904,ORD-14824,CUST-1383,PROD-009,2024-11-26,3,89.78,0,269.34
OL-11905,ORD-14824,CUST-1383,PROD-020,2024-11-26,5,37.73,0,188.65
OL-11906,ORD-14824,CUST-1383,PROD-034,2024-11-26,4,79.8,0.05,303.24
OL-11907,ORD-14824,CUST-1383,PROD-027,2024-11-26,3,52.67,0.2,126.41
OL-11908,ORD-14825,CUST-1383,PROD-037,2025-11-11,1,23.39,0.2,18.71
OL-11909,ORD-14825,CUST-1383,PROD-032,2025-11-11,3,129.73,0,389.19
OL-11910,ORD-14825,CUST-1383,PROD-029,2025-11-11,4,32.8,0,131.2
OL-11911,ORD-14826,CUST-1383,PROD-017,2025-01-30,3,242.78,0,728.34
OL-11912,ORD-14826,CUST-1383,PROD-037,2025-01-30,1,23.39,0,23.39
OL-11913,ORD-14827,CUST-1383,PROD-025,2024-11-09,1,25.5,0.2,20.4
OL-11914,ORD-14827,CUST-1383,PROD-011,2024-11-09,1,103.76,0.15,88.2
OL-11915,ORD-14827,CUST-1383,PROD-004,2024-11-09,2,921.23,0.2,1473.97
OL-11916,ORD-14827,CUST-1383,PROD-035,2024-11-09,5,75.75,0.1,340.88
OL-11917,ORD-14828,CUST-1383,PROD-033,2025-01-20,1,70.03,0,70.03
OL-11918,ORD-14828,CUST-1383,PROD-011,2025-01-20,5,103.76,0,518.8
OL-11919,ORD-14828,CUST-1383,PROD-035,2025-01-20,1,75.75,0,75.75
OL-11920,ORD-14829,CUST-1383,PROD-021,2025-01-19,4,38.34,0.1,138.02
OL-11921,ORD-14829,CUST-1383,PROD-002,2025-01-19,4,505.32,0.1,1819.15
OL-11922,ORD-14829,CUST-1383,PROD-019,2025-01-19,4,21.71,0.1,78.16
OL-11923,ORD-14829,CUST-1383,PROD-023,2025-01-19,1,88.43,0,88.43
OL-11924,ORD-14830,CUST-1384,PROD-014,2024-10-14,1,487.6,0.2,390.08
OL-11925,ORD-14830,CUST-1384,PROD-013,2024-10-14,3,134.4,0,403.2
OL-11926,ORD-14831,CUST-1384,PROD-001,2025-12-15,3,1226.38,0.15,3127.27
OL-11927,ORD-14831,CUST-1384,PROD-018,2025-12-15,4,9.52,0,38.08
OL-11928,ORD-14831,CUST-1384,PROD-008,2025-12-15,5,342.59,0.15,1456.01
OL-11929,ORD-14832,CUST-1385,PROD-030,2025-07-18,5,33.74,0.05,160.27
OL-11930,ORD-14832,CUST-1385,PROD-028,2025-07-18,1,65.64,0.15,55.79
OL-11931,ORD-14833,CUST-1386,PROD-029,2025-12-12,2,32.8,0,65.6
OL-11932,ORD-14833,CUST-1386,PROD-037,2025-12-12,3,23.39,0.05,66.66
OL-11933,ORD-14833,CUST-1386,PROD-013,2025-12-12,5,134.4,0,672
OL-11934,ORD-14833,CUST-1386,PROD-016,2025-12-12,2,189.62,0,379.24
OL-11935,ORD-14834,CUST-1387,PROD-017,2025-02-16,4,242.78,0.05,922.56
OL-11936,ORD-14834,CUST-1387,PROD-021,2025-02-16,1,38.34,0.05,36.42
OL-11937,ORD-14834,CUST-1387,PROD-029,2025-02-16,2,32.8,0.1,59.04
OL-11938,ORD-14835,CUST-1388,PROD-004,2025-11-10,1,921.23,0,921.23
OL-11939,ORD-14835,CUST-1388,PROD-027,2025-11-10,2,52.67,0,105.34
OL-11940,ORD-14835,CUST-1388,PROD-019,2025-11-10,5,21.71,0,108.55
OL-11941,ORD-14836,CUST-1389,PROD-016,2025-10-21,2,189.62,0,379.24
OL-11942,ORD-14836,CUST-1389,PROD-012,2025-10-21,3,109.67,0.15,279.66
OL-11943,ORD-14836,CUST-1389,PROD-027,2025-10-21,4,52.67,0,210.68
OL-11944,ORD-14836,CUST-1389,PROD-024,2025-10-21,3,38.87,0,116.61
OL-11945,ORD-14837,CUST-1390,PROD-009,2025-03-21,1,89.78,0,89.78
OL-11946,ORD-14838,CUST-1391,PROD-027,2024-10-17,4,52.67,0,210.68
OL-11947,ORD-14838,CUST-1391,PROD-030,2024-10-17,3,33.74,0.15,86.04
OL-11948,ORD-14838,CUST-1391,PROD-012,2024-10-17,1,109.67,0,109.67
OL-11949,ORD-14839,CUST-1392,PROD-033,2025-11-16,3,70.03,0.15,178.58
OL-11950,ORD-14839,CUST-1392,PROD-008,2025-11-16,2,342.59,0.2,548.14
OL-11951,ORD-14840,CUST-1393,PROD-022,2024-04-14,2,27.82,0,55.64
OL-11952,ORD-14840,CUST-1393,PROD-017,2024-04-14,4,242.78,0,971.12
OL-11953,ORD-14841,CUST-1394,PROD-001,2025-01-29,2,1226.38,0.2,1962.21
OL-11954,ORD-14841,CUST-1394,PROD-032,2025-01-29,5,129.73,0,648.65
OL-11955,ORD-14841,CUST-1394,PROD-033,2025-01-29,4,70.03,0.2,224.1
OL-11956,ORD-14841,CUST-1394,PROD-006,2025-01-29,3,689.21,0.2,1654.1
OL-11957,ORD-14842,CUST-1394,PROD-017,2025-03-22,4,242.78,0.15,825.45
OL-11958,ORD-14842,CUST-1394,PROD-003,2025-03-22,3,722.82,0.1,1951.61
OL-11959,ORD-14843,CUST-1394,PROD-002,2025-03-30,2,505.32,0.15,859.04
OL-11960,ORD-14843,CUST-1394,PROD-024,2025-03-30,3,38.87,0,116.61
OL-11961,ORD-14843,CUST-1394,PROD-035,2025-03-30,3,75.75,0.15,193.16
OL-11962,ORD-14844,CUST-1395,PROD-027,2025-06-23,2,52.67,0,105.34
OL-11963,ORD-14844,CUST-1395,PROD-023,2025-06-23,4,88.43,0.1,318.35
OL-11964,ORD-14844,CUST-1395,PROD-005,2025-06-23,1,843.32,0.15,716.82
OL-11965,ORD-14845,CUST-1396,PROD-007,2025-08-25,4,511.33,0,2045.32
OL-11966,ORD-14845,CUST-1396,PROD-023,2025-08-25,3,88.43,0,265.29
OL-11967,ORD-14845,CUST-1396,PROD-030,2025-08-25,1,33.74,0,33.74
OL-11968,ORD-14845,CUST-1396,PROD-014,2025-08-25,1,487.6,0,487.6
OL-11969,ORD-14846,CUST-1397,PROD-020,2025-11-05,2,37.73,0.1,67.91
OL-11970,ORD-14846,CUST-1397,PROD-015,2025-11-05,1,295.3,0.15,251
OL-11971,ORD-14846,CUST-1397,PROD-017,2025-11-05,3,242.78,0,728.34
OL-11972,ORD-14846,CUST-1397,PROD-018,2025-11-05,1,9.52,0,9.52
OL-11973,ORD-14847,CUST-1398,PROD-007,2024-08-03,3,511.33,0,1533.99
OL-11974,ORD-14847,CUST-1398,PROD-037,2024-08-03,4,23.39,0.1,84.2
OL-11975,ORD-14848,CUST-1398,PROD-001,2025-04-29,2,1226.38,0.1,2207.48
OL-11976,ORD-14848,CUST-1398,PROD-022,2025-04-29,1,27.82,0.2,22.26
OL-11977,ORD-14849,CUST-1399,PROD-018,2024-09-15,2,9.52,0.15,16.18
OL-11978,ORD-14849,CUST-1399,PROD-014,2024-09-15,5,487.6,0,2438
OL-11979,ORD-14850,CUST-1399,PROD-010,2025-12-24,3,121.48,0.15,309.77
OL-11980,ORD-14850,CUST-1399,PROD-002,2025-12-24,3,505.32,0.15,1288.57
OL-11981,ORD-14850,CUST-1399,PROD-022,2025-12-24,4,27.82,0.2,89.02
OL-11982,ORD-14850,CUST-1399,PROD-024,2025-12-24,2,38.87,0.1,69.97
OL-11983,ORD-14851,CUST-1399,PROD-024,2025-03-03,5,38.87,0.15,165.2
OL-11984,ORD-14851,CUST-1399,PROD-025,2025-03-03,2,25.5,0.2,40.8
OL-11985,ORD-14851,CUST-1399,PROD-023,2025-03-03,2,88.43,0.1,159.17
OL-11986,ORD-14851,CUST-1399,PROD-029,2025-03-03,2,32.8,0.1,59.04
OL-11987,ORD-14852,CUST-1399,PROD-014,2025-07-24,5,487.6,0.15,2072.3
OL-11988,ORD-14852,CUST-1399,PROD-005,2025-07-24,3,843.32,0,2529.96
OL-11989,ORD-14852,CUST-1399,PROD-002,2025-07-24,5,505.32,0.1,2273.94
OL-11990,ORD-14853,CUST-1399,PROD-029,2025-06-17,2,32.8,0.2,52.48
OL-11991,ORD-14853,CUST-1399,PROD-036,2025-06-17,5,97.89,0.2,391.56
OL-11992,ORD-14853,CUST-1399,PROD-034,2025-06-17,1,79.8,0.15,67.83
OL-11993,ORD-14854,CUST-1399,PROD-031,2025-12-07,2,164.42,0.1,295.96
OL-11994,ORD-14854,CUST-1399,PROD-012,2025-12-07,4,109.67,0.1,394.81
OL-11995,ORD-14854,CUST-1399,PROD-033,2025-12-07,2,70.03,0,140.06
OL-11996,ORD-14855,CUST-1399,PROD-036,2025-09-14,5,97.89,0.1,440.5
OL-11997,ORD-14856,CUST-1400,PROD-034,2024-12-21,1,79.8,0.2,63.84
OL-11998,ORD-14856,CUST-1400,PROD-019,2024-12-21,4,21.71,0.2,69.47
OL-11999,ORD-14856,CUST-1400,PROD-026,2024-12-21,3,54.35,0,163.05
OL-12000,ORD-14857,CUST-1401,PROD-021,2025-12-31,4,38.34,0,153.36
OL-12001,ORD-14857,CUST-1401,PROD-025,2025-12-31,2,25.5,0,51
OL-12002,ORD-14858,CUST-1402,PROD-035,2025-03-29,5,75.75,0.05,359.81
OL-12003,ORD-14859,CUST-1403,PROD-022,2025-08-30,2,27.82,0,55.64
OL-12004,ORD-14859,CUST-1403,PROD-004,2025-08-30,4,921.23,0,3684.92
OL-12005,ORD-14859,CUST-1403,PROD-036,2025-08-30,2,97.89,0,195.78
OL-12006,ORD-14859,CUST-1403,PROD-003,2025-08-30,3,722.82,0.05,2060.04
OL-12007,ORD-14860,CUST-1404,PROD-030,2025-11-23,3,33.74,0,101.22
OL-12008,ORD-14861,CUST-1405,PROD-017,2024-06-23,2,242.78,0.1,437
OL-12009,ORD-14861,CUST-1405,PROD-035,2024-06-23,2,75.75,0,151.5
OL-12010,ORD-14861,CUST-1405,PROD-031,2024-06-23,2,164.42,0,328.84
OL-12011,ORD-14861,CUST-1405,PROD-032,2024-06-23,3,129.73,0.2,311.35
OL-12012,ORD-14862,CUST-1405,PROD-001,2025-10-09,1,1226.38,0.1,1103.74
OL-12013,ORD-14862,CUST-1405,PROD-031,2025-10-09,4,164.42,0,657.68
OL-12014,ORD-14862,CUST-1405,PROD-016,2025-10-09,5,189.62,0.15,805.88
OL-12015,ORD-14863,CUST-1405,PROD-008,2025-05-23,1,342.59,0,342.59
OL-12016,ORD-14864,CUST-1405,PROD-026,2024-08-06,2,54.35,0.1,97.83
OL-12017,ORD-14864,CUST-1405,PROD-032,2024-08-06,1,129.73,0.15,110.27
OL-12018,ORD-14865,CUST-1405,PROD-009,2025-01-26,4,89.78,0.05,341.16
OL-12019,ORD-14865,CUST-1405,PROD-028,2025-01-26,4,65.64,0,262.56
OL-12020,ORD-14865,CUST-1405,PROD-006,2025-01-26,4,689.21,0,2756.84
OL-12021,ORD-14866,CUST-1405,PROD-037,2024-07-22,4,23.39,0,93.56
OL-12022,ORD-14866,CUST-1405,PROD-015,2024-07-22,4,295.3,0,1181.2
OL-12023,ORD-14866,CUST-1405,PROD-023,2024-07-22,2,88.43,0.15,150.33
OL-12024,ORD-14866,CUST-1405,PROD-012,2024-07-22,1,109.67,0.1,98.7
OL-12025,ORD-14867,CUST-1405,PROD-013,2024-11-11,1,134.4,0.15,114.24
OL-12026,ORD-14868,CUST-1405,PROD-025,2024-07-10,1,25.5,0.15,21.68
OL-12027,ORD-14869,CUST-1406,PROD-012,2024-07-27,3,109.67,0,329.01
OL-12028,ORD-14869,CUST-1406,PROD-006,2024-07-27,5,689.21,0,3446.05
OL-12029,ORD-14870,CUST-1406,PROD-019,2024-09-10,2,21.71,0,43.42
OL-12030,ORD-14870,CUST-1406,PROD-005,2024-09-10,5,843.32,0.05,4005.77
OL-12031,ORD-14870,CUST-1406,PROD-025,2024-09-10,1,25.5,0.2,20.4
OL-12032,ORD-14870,CUST-1406,PROD-018,2024-09-10,3,9.52,0,28.56
OL-12033,ORD-14871,CUST-1406,PROD-007,2025-05-22,4,511.33,0,2045.32
OL-12034,ORD-14871,CUST-1406,PROD-026,2025-05-22,2,54.35,0,108.7
OL-12035,ORD-14872,CUST-1406,PROD-025,2025-10-20,4,25.5,0,102
OL-12036,ORD-14872,CUST-1406,PROD-017,2025-10-20,1,242.78,0.05,230.64
OL-12037,ORD-14872,CUST-1406,PROD-018,2025-10-20,1,9.52,0.2,7.62
OL-12038,ORD-14873,CUST-1406,PROD-028,2025-02-28,4,65.64,0.15,223.18
OL-12039,ORD-14874,CUST-1407,PROD-030,2025-07-08,1,33.74,0,33.74
OL-12040,ORD-14874,CUST-1407,PROD-034,2025-07-08,1,79.8,0.1,71.82
OL-12041,ORD-14874,CUST-1407,PROD-035,2025-07-08,1,75.75,0,75.75
OL-12042,ORD-14874,CUST-1407,PROD-011,2025-07-08,1,103.76,0.05,98.57
OL-12043,ORD-14875,CUST-1407,PROD-033,2025-10-13,3,70.03,0.05,199.59
OL-12044,ORD-14876,CUST-1409,PROD-007,2025-07-21,1,511.33,0.05,485.76
OL-12045,ORD-14877,CUST-1409,PROD-026,2025-09-05,4,54.35,0.15,184.79
OL-12046,ORD-14877,CUST-1409,PROD-018,2025-09-05,3,9.52,0.1,25.7
OL-12047,ORD-14877,CUST-1409,PROD-030,2025-09-05,3,33.74,0.05,96.16
OL-12048,ORD-14878,CUST-1410,PROD-002,2024-11-09,3,505.32,0.15,1288.57
OL-12049,ORD-14878,CUST-1410,PROD-015,2024-11-09,5,295.3,0.2,1181.2
OL-12050,ORD-14878,CUST-1410,PROD-026,2024-11-09,3,54.35,0.2,130.44
OL-12051,ORD-14878,CUST-1410,PROD-030,2024-11-09,4,33.74,0.1,121.46
OL-12052,ORD-14879,CUST-1410,PROD-014,2025-01-05,4,487.6,0.1,1755.36
OL-12053,ORD-14880,CUST-1410,PROD-021,2025-04-17,5,38.34,0,191.7
OL-12054,ORD-14880,CUST-1410,PROD-011,2025-04-17,3,103.76,0,311.28
OL-12055,ORD-14880,CUST-1410,PROD-014,2025-04-17,2,487.6,0,975.2
OL-12056,ORD-14880,CUST-1410,PROD-003,2025-04-17,3,722.82,0,2168.46
OL-12057,ORD-14881,CUST-1410,PROD-035,2024-12-06,4,75.75,0.2,242.4
OL-12058,ORD-14881,CUST-1410,PROD-012,2024-12-06,1,109.67,0,109.67
OL-12059,ORD-14881,CUST-1410,PROD-002,2024-12-06,1,505.32,0,505.32
OL-12060,ORD-14882,CUST-1410,PROD-023,2025-06-13,3,88.43,0,265.29
OL-12061,ORD-14882,CUST-1410,PROD-022,2025-06-13,5,27.82,0.05,132.14
OL-12062,ORD-14882,CUST-1410,PROD-017,2025-06-13,3,242.78,0.2,582.67
OL-12063,ORD-14882,CUST-1410,PROD-029,2025-06-13,1,32.8,0.05,31.16
OL-12064,ORD-14883,CUST-1410,PROD-022,2025-03-11,1,27.82,0.05,26.43
OL-12065,ORD-14883,CUST-1410,PROD-006,2025-03-11,2,689.21,0.2,1102.74
OL-12066,ORD-14884,CUST-1410,PROD-004,2025-10-14,3,921.23,0.1,2487.32
OL-12067,ORD-14884,CUST-1410,PROD-013,2025-10-14,2,134.4,0,268.8
OL-12068,ORD-14885,CUST-1410,PROD-025,2025-07-25,2,25.5,0.2,40.8
OL-12069,ORD-14885,CUST-1410,PROD-015,2025-07-25,1,295.3,0.1,265.77
OL-12070,ORD-14886,CUST-1410,PROD-017,2025-12-21,5,242.78,0.2,971.12
OL-12071,ORD-14887,CUST-1411,PROD-035,2024-03-11,5,75.75,0.15,321.94
OL-12072,ORD-14888,CUST-1412,PROD-007,2024-10-09,2,511.33,0.2,818.13
OL-12073,ORD-14889,CUST-1413,PROD-020,2025-05-19,3,37.73,0.15,96.21
OL-12074,ORD-14890,CUST-1415,PROD-021,2024-04-11,1,38.34,0,38.34
OL-12075,ORD-14890,CUST-1415,PROD-030,2024-04-11,2,33.74,0.05,64.11
OL-12076,ORD-14890,CUST-1415,PROD-031,2024-04-11,1,164.42,0.15,139.76
OL-12077,ORD-14890,CUST-1415,PROD-009,2024-04-11,4,89.78,0.1,323.21
OL-12078,ORD-14891,CUST-1415,PROD-037,2024-06-19,5,23.39,0,116.95
OL-12079,ORD-14892,CUST-1415,PROD-027,2025-07-05,2,52.67,0,105.34
OL-12080,ORD-14892,CUST-1415,PROD-028,2025-07-05,3,65.64,0,196.92
OL-12081,ORD-14892,CUST-1415,PROD-015,2025-07-05,4,295.3,0.05,1122.14
OL-12082,ORD-14892,CUST-1415,PROD-024,2025-07-05,2,38.87,0.2,62.19
OL-12083,ORD-14893,CUST-1415,PROD-008,2025-03-26,1,342.59,0.05,325.46
OL-12084,ORD-14893,CUST-1415,PROD-005,2025-03-26,5,843.32,0.05,4005.77
OL-12085,ORD-14893,CUST-1415,PROD-001,2025-03-26,5,1226.38,0.15,5212.12
OL-12086,ORD-14893,CUST-1415,PROD-029,2025-03-26,4,32.8,0,131.2
OL-12087,ORD-14894,CUST-1415,PROD-007,2024-11-26,2,511.33,0,1022.66
OL-12088,ORD-14894,CUST-1415,PROD-019,2024-11-26,5,21.71,0.2,86.84
OL-12089,ORD-14894,CUST-1415,PROD-031,2024-11-26,3,164.42,0.05,468.6
OL-12090,ORD-14895,CUST-1415,PROD-013,2025-02-01,2,134.4,0,268.8
OL-12091,ORD-14895,CUST-1415,PROD-030,2025-02-01,2,33.74,0,67.48
OL-12092,ORD-14895,CUST-1415,PROD-019,2025-02-01,4,21.71,0.05,82.5
OL-12093,ORD-14896,CUST-1416,PROD-035,2025-06-26,2,75.75,0.15,128.78
OL-12094,ORD-14896,CUST-1416,PROD-037,2025-06-26,5,23.39,0,116.95
OL-12095,ORD-14896,CUST-1416,PROD-032,2025-06-26,1,129.73,0.05,123.24
OL-12096,ORD-14896,CUST-1416,PROD-031,2025-06-26,4,164.42,0,657.68
OL-12097,ORD-14897,CUST-1416,PROD-016,2025-11-02,1,189.62,0,189.62
OL-12098,ORD-14897,CUST-1416,PROD-031,2025-11-02,3,164.42,0.15,419.27
OL-12099,ORD-14898,CUST-1417,PROD-004,2024-02-17,3,921.23,0.15,2349.14
OL-12100,ORD-14898,CUST-1417,PROD-029,2024-02-17,1,32.8,0.1,29.52
OL-12101,ORD-14898,CUST-1417,PROD-005,2024-02-17,5,843.32,0.05,4005.77
OL-12102,ORD-14899,CUST-1418,PROD-010,2025-03-27,1,121.48,0.15,103.26
OL-12103,ORD-14899,CUST-1418,PROD-015,2025-03-27,3,295.3,0.05,841.61
OL-12104,ORD-14900,CUST-1419,PROD-010,2024-08-30,1,121.48,0,121.48
OL-12105,ORD-14900,CUST-1419,PROD-022,2024-08-30,5,27.82,0.15,118.23
OL-12106,ORD-14900,CUST-1419,PROD-027,2024-08-30,3,52.67,0.15,134.31
OL-12107,ORD-14900,CUST-1419,PROD-005,2024-08-30,2,843.32,0,1686.64
OL-12108,ORD-14901,CUST-1419,PROD-006,2025-10-30,5,689.21,0.15,2929.14
OL-12109,ORD-14901,CUST-1419,PROD-026,2025-10-30,1,54.35,0.05,51.63
OL-12110,ORD-14901,CUST-1419,PROD-009,2025-10-30,2,89.78,0.1,161.6
OL-12111,ORD-14902,CUST-1419,PROD-021,2025-09-25,4,38.34,0.05,145.69
OL-12112,ORD-14903,CUST-1419,PROD-002,2024-10-11,5,505.32,0,2526.6
OL-12113,ORD-14903,CUST-1419,PROD-037,2024-10-11,3,23.39,0,70.17
OL-12114,ORD-14904,CUST-1420,PROD-017,2025-06-04,3,242.78,0.2,582.67
OL-12115,ORD-14904,CUST-1420,PROD-013,2025-06-04,5,134.4,0,672
OL-12116,ORD-14905,CUST-1421,PROD-028,2024-10-09,5,65.64,0.05,311.79
OL-12117,ORD-14905,CUST-1421,PROD-034,2024-10-09,4,79.8,0.1,287.28
OL-12118,ORD-14905,CUST-1421,PROD-004,2024-10-09,2,921.23,0,1842.46
OL-12119,ORD-14906,CUST-1421,PROD-019,2025-06-30,1,21.71,0.15,18.45
OL-12120,ORD-14906,CUST-1421,PROD-017,2025-06-30,4,242.78,0.05,922.56
OL-12121,ORD-14907,CUST-1421,PROD-007,2025-05-10,4,511.33,0.15,1738.52
OL-12122,ORD-14907,CUST-1421,PROD-035,2025-05-10,3,75.75,0,227.25
OL-12123,ORD-14908,CUST-1422,PROD-019,2024-10-16,5,21.71,0.15,92.27
OL-12124,ORD-14908,CUST-1422,PROD-032,2024-10-16,2,129.73,0,259.46
OL-12125,ORD-14908,CUST-1422,PROD-020,2024-10-16,4,37.73,0.1,135.83
OL-12126,ORD-14908,CUST-1422,PROD-009,2024-10-16,2,89.78,0.15,152.63
OL-12127,ORD-14909,CUST-1422,PROD-002,2025-04-03,4,505.32,0.15,1718.09
OL-12128,ORD-14909,CUST-1422,PROD-012,2025-04-03,2,109.67,0.1,197.41
OL-12129,ORD-14909,CUST-1422,PROD-022,2025-04-03,5,27.82,0,139.1
OL-12130,ORD-14909,CUST-1422,PROD-007,2025-04-03,5,511.33,0,2556.65
OL-12131,ORD-14910,CUST-1422,PROD-034,2025-04-27,2,79.8,0.05,151.62
OL-12132,ORD-14910,CUST-1422,PROD-010,2025-04-27,4,121.48,0,485.92
OL-12133,ORD-14910,CUST-1422,PROD-025,2025-04-27,2,25.5,0,51
OL-12134,ORD-14911,CUST-1423,PROD-022,2024-11-26,1,27.82,0,27.82
OL-12135,ORD-14911,CUST-1423,PROD-034,2024-11-26,5,79.8,0.05,379.05
OL-12136,ORD-14912,CUST-1424,PROD-015,2025-06-13,1,295.3,0.1,265.77
OL-12137,ORD-14912,CUST-1424,PROD-018,2025-06-13,4,9.52,0.2,30.46
OL-12138,ORD-14912,CUST-1424,PROD-001,2025-06-13,3,1226.38,0,3679.14
OL-12139,ORD-14912,CUST-1424,PROD-017,2025-06-13,4,242.78,0.05,922.56
OL-12140,ORD-14913,CUST-1425,PROD-009,2024-06-23,4,89.78,0.2,287.3
OL-12141,ORD-14913,CUST-1425,PROD-020,2024-06-23,5,37.73,0.05,179.22
OL-12142,ORD-14914,CUST-1425,PROD-008,2025-03-29,1,342.59,0.05,325.46
OL-12143,ORD-14914,CUST-1425,PROD-027,2025-03-29,3,52.67,0,158.01
OL-12144,ORD-14914,CUST-1425,PROD-012,2025-03-29,4,109.67,0,438.68
OL-12145,ORD-14915,CUST-1425,PROD-010,2024-11-11,3,121.48,0,364.44
OL-12146,ORD-14915,CUST-1425,PROD-036,2024-11-11,4,97.89,0,391.56
OL-12147,ORD-14915,CUST-1425,PROD-020,2024-11-11,3,37.73,0,113.19
OL-12148,ORD-14916,CUST-1425,PROD-023,2025-05-24,4,88.43,0,353.72
OL-12149,ORD-14917,CUST-1425,PROD-034,2025-06-22,4,79.8,0.05,303.24
OL-12150,ORD-14917,CUST-1425,PROD-003,2025-06-22,3,722.82,0.1,1951.61
OL-12151,ORD-14917,CUST-1425,PROD-032,2025-06-22,4,129.73,0.1,467.03
OL-12152,ORD-14918,CUST-1425,PROD-015,2024-12-07,5,295.3,0.15,1255.02
OL-12153,ORD-14919,CUST-1425,PROD-012,2024-11-12,4,109.67,0.05,416.75
OL-12154,ORD-14920,CUST-1425,PROD-035,2024-07-31,5,75.75,0,378.75
OL-12155,ORD-14920,CUST-1425,PROD-016,2024-07-31,5,189.62,0,948.1
OL-12156,ORD-14920,CUST-1425,PROD-013,2024-07-31,2,134.4,0,268.8
OL-12157,ORD-14920,CUST-1425,PROD-023,2024-07-31,3,88.43,0,265.29
OL-12158,ORD-14921,CUST-1425,PROD-025,2024-12-01,1,25.5,0.15,21.68
OL-12159,ORD-14922,CUST-1425,PROD-016,2024-10-12,4,189.62,0.05,720.56
OL-12160,ORD-14922,CUST-1425,PROD-020,2024-10-12,3,37.73,0,113.19
OL-12161,ORD-14922,CUST-1425,PROD-007,2024-10-12,4,511.33,0,2045.32
OL-12162,ORD-14923,CUST-1425,PROD-007,2025-08-25,4,511.33,0.2,1636.26
OL-12163,ORD-14923,CUST-1425,PROD-003,2025-08-25,2,722.82,0.1,1301.08
OL-12164,ORD-14923,CUST-1425,PROD-019,2025-08-25,1,21.71,0.15,18.45
OL-12165,ORD-14924,CUST-1425,PROD-021,2024-10-02,3,38.34,0,115.02
OL-12166,ORD-14924,CUST-1425,PROD-034,2024-10-02,5,79.8,0.15,339.15
OL-12167,ORD-14925,CUST-1425,PROD-009,2024-07-12,4,89.78,0.05,341.16
OL-12168,ORD-14926,CUST-1425,PROD-029,2024-08-14,1,32.8,0,32.8
OL-12169,ORD-14926,CUST-1425,PROD-032,2024-08-14,4,129.73,0.15,441.08
OL-12170,ORD-14927,CUST-1425,PROD-013,2025-03-21,4,134.4,0,537.6
OL-12171,ORD-14927,CUST-1425,PROD-001,2025-03-21,3,1226.38,0.05,3495.18
OL-12172,ORD-14927,CUST-1425,PROD-007,2025-03-21,5,511.33,0,2556.65
OL-12173,ORD-14928,CUST-1425,PROD-013,2024-07-15,1,134.4,0.2,107.52
OL-12174,ORD-14929,CUST-1425,PROD-011,2025-08-22,1,103.76,0.2,83.01
OL-12175,ORD-14929,CUST-1425,PROD-037,2025-08-22,4,23.39,0,93.56
OL-12176,ORD-14930,CUST-1425,PROD-025,2025-09-04,3,25.5,0.1,68.85
OL-12177,ORD-14931,CUST-1425,PROD-003,2025-07-26,2,722.82,0.05,1373.36
OL-12178,ORD-14931,CUST-1425,PROD-010,2025-07-26,4,121.48,0,485.92
OL-12179,ORD-14931,CUST-1425,PROD-037,2025-07-26,3,23.39,0,70.17
OL-12180,ORD-14932,CUST-1425,PROD-021,2025-09-01,5,38.34,0,191.7
OL-12181,ORD-14932,CUST-1425,PROD-036,2025-09-01,2,97.89,0,195.78
OL-12182,ORD-14932,CUST-1425,PROD-029,2025-09-01,5,32.8,0.05,155.8
OL-12183,ORD-14932,CUST-1425,PROD-009,2025-09-01,3,89.78,0.05,255.87
OL-12184,ORD-14933,CUST-1425,PROD-003,2024-10-07,5,722.82,0.1,3252.69
OL-12185,ORD-14933,CUST-1425,PROD-001,2024-10-07,1,1226.38,0.15,1042.42
OL-12186,ORD-14933,CUST-1425,PROD-036,2024-10-07,1,97.89,0.2,78.31
OL-12187,ORD-14933,CUST-1425,PROD-024,2024-10-07,5,38.87,0.2,155.48
OL-12188,ORD-14934,CUST-1425,PROD-001,2025-04-16,2,1226.38,0,2452.76
OL-12189,ORD-14935,CUST-1425,PROD-013,2024-07-08,2,134.4,0.1,241.92
OL-12190,ORD-14935,CUST-1425,PROD-030,2024-07-08,4,33.74,0.2,107.97
OL-12191,ORD-14935,CUST-1425,PROD-035,2024-07-08,5,75.75,0.15,321.94
OL-12192,ORD-14936,CUST-1425,PROD-010,2025-03-10,2,121.48,0,242.96
OL-12193,ORD-14936,CUST-1425,PROD-004,2025-03-10,4,921.23,0,3684.92
OL-12194,ORD-14937,CUST-1425,PROD-028,2024-08-08,5,65.64,0.15,278.97
OL-12195,ORD-14938,CUST-1425,PROD-014,2024-10-03,4,487.6,0.15,1657.84
OL-12196,ORD-14938,CUST-1425,PROD-030,2024-10-03,4,33.74,0,134.96
OL-12197,ORD-14939,CUST-1425,PROD-018,2024-09-03,1,9.52,0.1,8.57
OL-12198,ORD-14939,CUST-1425,PROD-005,2024-09-03,5,843.32,0,4216.6
OL-12199,ORD-14939,CUST-1425,PROD-023,2024-09-03,4,88.43,0,353.72
OL-12200,ORD-14940,CUST-1425,PROD-030,2025-09-10,5,33.74,0.15,143.4
OL-12201,ORD-14940,CUST-1425,PROD-009,2025-09-10,2,89.78,0.2,143.65
OL-12202,ORD-14941,CUST-1425,PROD-010,2025-09-01,2,121.48,0,242.96
OL-12203,ORD-14941,CUST-1425,PROD-036,2025-09-01,5,97.89,0.2,391.56
OL-12204,ORD-14941,CUST-1425,PROD-027,2025-09-01,2,52.67,0,105.34
OL-12205,ORD-14942,CUST-1425,PROD-025,2025-05-02,5,25.5,0.1,114.75
OL-12206,ORD-14942,CUST-1425,PROD-013,2025-05-02,5,134.4,0.05,638.4
OL-12207,ORD-14943,CUST-1425,PROD-021,2025-06-03,1,38.34,0.1,34.51
OL-12208,ORD-14943,CUST-1425,PROD-023,2025-06-03,2,88.43,0.2,141.49
OL-12209,ORD-14943,CUST-1425,PROD-006,2025-06-03,2,689.21,0,1378.42
OL-12210,ORD-14944,CUST-1425,PROD-034,2025-01-08,4,79.8,0.2,255.36
OL-12211,ORD-14944,CUST-1425,PROD-033,2025-01-08,2,70.03,0.1,126.05
OL-12212,ORD-14944,CUST-1425,PROD-023,2025-01-08,2,88.43,0,176.86
OL-12213,ORD-14945,CUST-1425,PROD-034,2025-01-28,4,79.8,0,319.2
OL-12214,ORD-14945,CUST-1425,PROD-007,2025-01-28,5,511.33,0,2556.65
OL-12215,ORD-14946,CUST-1425,PROD-036,2025-01-03,2,97.89,0,195.78
OL-12216,ORD-14946,CUST-1425,PROD-032,2025-01-03,2,129.73,0.1,233.51
OL-12217,ORD-14946,CUST-1425,PROD-024,2025-01-03,4,38.87,0,155.48
OL-12218,ORD-14947,CUST-1426,PROD-020,2024-07-04,1,37.73,0.05,35.84
OL-12219,ORD-14948,CUST-1426,PROD-011,2025-03-15,4,103.76,0.1,373.54
OL-12220,ORD-14948,CUST-1426,PROD-003,2025-03-15,5,722.82,0.1,3252.69
OL-12221,ORD-14948,CUST-1426,PROD-012,2025-03-15,1,109.67,0,109.67
OL-12222,ORD-14949,CUST-1426,PROD-035,2025-01-03,5,75.75,0.1,340.88
OL-12223,ORD-14949,CUST-1426,PROD-006,2025-01-03,1,689.21,0.05,654.75
OL-12224,ORD-14949,CUST-1426,PROD-005,2025-01-03,2,843.32,0.1,1517.98
OL-12225,ORD-14950,CUST-1426,PROD-034,2024-12-09,4,79.8,0,319.2
OL-12226,ORD-14950,CUST-1426,PROD-020,2024-12-09,5,37.73,0,188.65
OL-12227,ORD-14950,CUST-1426,PROD-035,2024-12-09,1,75.75,0.2,60.6
OL-12228,ORD-14951,CUST-1426,PROD-027,2024-08-10,5,52.67,0.2,210.68
OL-12229,ORD-14951,CUST-1426,PROD-012,2024-08-10,5,109.67,0.05,520.93
OL-12230,ORD-14952,CUST-1426,PROD-032,2025-01-12,2,129.73,0,259.46
OL-12231,ORD-14953,CUST-1426,PROD-036,2025-09-16,1,97.89,0,97.89
OL-12232,ORD-14954,CUST-1426,PROD-006,2025-03-09,5,689.21,0.05,3273.75
OL-12233,ORD-14955,CUST-1426,PROD-021,2024-12-12,3,38.34,0.15,97.77
OL-12234,ORD-14955,CUST-1426,PROD-029,2024-12-12,2,32.8,0.15,55.76
OL-12235,ORD-14956,CUST-1426,PROD-022,2025-10-26,3,27.82,0.2,66.77
OL-12236,ORD-14956,CUST-1426,PROD-023,2025-10-26,4,88.43,0.1,318.35
OL-12237,ORD-14957,CUST-1426,PROD-028,2024-07-31,3,65.64,0.15,167.38
OL-12238,ORD-14957,CUST-1426,PROD-001,2024-07-31,5,1226.38,0,6131.9
OL-12239,ORD-14957,CUST-1426,PROD-007,2024-07-31,2,511.33,0.2,818.13
OL-12240,ORD-14958,CUST-1426,PROD-010,2024-11-04,5,121.48,0.15,516.29
OL-12241,ORD-14958,CUST-1426,PROD-018,2024-11-04,3,9.52,0.2,22.85
OL-12242,ORD-14958,CUST-1426,PROD-012,2024-11-04,4,109.67,0.15,372.88
OL-12243,ORD-14958,CUST-1426,PROD-019,2024-11-04,1,21.71,0,21.71
OL-12244,ORD-14959,CUST-1426,PROD-008,2024-09-26,4,342.59,0.15,1164.81
OL-12245,ORD-14959,CUST-1426,PROD-037,2024-09-26,4,23.39,0,93.56
OL-12246,ORD-14959,CUST-1426,PROD-003,2024-09-26,3,722.82,0.15,1843.19
OL-12247,ORD-14960,CUST-1426,PROD-004,2024-12-03,2,921.23,0.2,1473.97
OL-12248,ORD-14960,CUST-1426,PROD-024,2024-12-03,3,38.87,0.1,104.95
OL-12249,ORD-14960,CUST-1426,PROD-031,2024-12-03,4,164.42,0.05,624.8
OL-12250,ORD-14960,CUST-1426,PROD-032,2024-12-03,3,129.73,0.05,369.73
OL-12251,ORD-14961,CUST-1426,PROD-004,2025-02-01,2,921.23,0,1842.46
OL-12252,ORD-14961,CUST-1426,PROD-035,2025-02-01,4,75.75,0,303
OL-12253,ORD-14962,CUST-1426,PROD-007,2025-06-26,1,511.33,0,511.33
OL-12254,ORD-14963,CUST-1426,PROD-016,2025-07-20,1,189.62,0.1,170.66
OL-12255,ORD-14963,CUST-1426,PROD-018,2025-07-20,1,9.52,0.2,7.62
OL-12256,ORD-14963,CUST-1426,PROD-030,2025-07-20,3,33.74,0.2,80.98
OL-12257,ORD-14963,CUST-1426,PROD-020,2025-07-20,2,37.73,0,75.46
OL-12258,ORD-14964,CUST-1426,PROD-011,2025-07-01,1,103.76,0,103.76
OL-12259,ORD-14964,CUST-1426,PROD-013,2025-07-01,5,134.4,0.05,638.4
OL-12260,ORD-14965,CUST-1426,PROD-030,2025-10-10,4,33.74,0.1,121.46
OL-12261,ORD-14965,CUST-1426,PROD-016,2025-10-10,2,189.62,0.1,341.32
OL-12262,ORD-14965,CUST-1426,PROD-014,2025-10-10,4,487.6,0.05,1852.88
OL-12263,ORD-14966,CUST-1426,PROD-024,2025-01-11,5,38.87,0.05,184.63
OL-12264,ORD-14966,CUST-1426,PROD-023,2025-01-11,5,88.43,0,442.15
OL-12265,ORD-14966,CUST-1426,PROD-009,2025-01-11,4,89.78,0.1,323.21
OL-12266,ORD-14966,CUST-1426,PROD-022,2025-01-11,3,27.82,0,83.46
OL-12267,ORD-14967,CUST-1426,PROD-025,2025-07-25,5,25.5,0,127.5
OL-12268,ORD-14967,CUST-1426,PROD-018,2025-07-25,4,9.52,0,38.08
OL-12269,ORD-14967,CUST-1426,PROD-033,2025-07-25,5,70.03,0.05,332.64
OL-12270,ORD-14967,CUST-1426,PROD-031,2025-07-25,1,164.42,0,164.42
OL-12271,ORD-14968,CUST-1426,PROD-004,2024-08-11,2,921.23,0,1842.46
OL-12272,ORD-14969,CUST-1426,PROD-026,2025-01-15,2,54.35,0,108.7
OL-12273,ORD-14969,CUST-1426,PROD-017,2025-01-15,3,242.78,0.05,691.92
OL-12274,ORD-14969,CUST-1426,PROD-022,2025-01-15,5,27.82,0.1,125.19
OL-12275,ORD-14970,CUST-1426,PROD-017,2025-01-13,3,242.78,0,728.34
OL-12276,ORD-14970,CUST-1426,PROD-033,2025-01-13,4,70.03,0,280.12
OL-12277,ORD-14971,CUST-1426,PROD-020,2024-12-12,3,37.73,0,113.19
OL-12278,ORD-14972,CUST-1426,PROD-014,2025-01-03,4,487.6,0.1,1755.36
OL-12279,ORD-14972,CUST-1426,PROD-013,2025-01-03,3,134.4,0.15,342.72
OL-12280,ORD-14972,CUST-1426,PROD-031,2025-01-03,1,164.42,0.2,131.54
OL-12281,ORD-14972,CUST-1426,PROD-003,2025-01-03,1,722.82,0.1,650.54
OL-12282,ORD-14973,CUST-1427,PROD-008,2025-01-07,3,342.59,0.15,873.6
OL-12283,ORD-14973,CUST-1427,PROD-013,2025-01-07,5,134.4,0,672
OL-12284,ORD-14973,CUST-1427,PROD-035,2025-01-07,3,75.75,0.1,204.53
OL-12285,ORD-14973,CUST-1427,PROD-029,2025-01-07,3,32.8,0,98.4
OL-12286,ORD-14974,CUST-1428,PROD-013,2024-06-12,2,134.4,0.15,228.48
OL-12287,ORD-14975,CUST-1428,PROD-005,2024-09-12,1,843.32,0.1,758.99
OL-12288,ORD-14975,CUST-1428,PROD-030,2024-09-12,1,33.74,0.2,26.99
OL-12289,ORD-14975,CUST-1428,PROD-006,2024-09-12,1,689.21,0.15,585.83
OL-12290,ORD-14976,CUST-1428,PROD-029,2025-06-17,4,32.8,0,131.2
OL-12291,ORD-14976,CUST-1428,PROD-030,2025-06-17,3,33.74,0.1,91.1
OL-12292,ORD-14976,CUST-1428,PROD-019,2025-06-17,5,21.71,0,108.55
OL-12293,ORD-14976,CUST-1428,PROD-013,2025-06-17,5,134.4,0.1,604.8
OL-12294,ORD-14977,CUST-1428,PROD-029,2024-12-13,3,32.8,0,98.4
OL-12295,ORD-14977,CUST-1428,PROD-007,2024-12-13,4,511.33,0.1,1840.79
OL-12296,ORD-14978,CUST-1428,PROD-031,2025-07-26,3,164.42,0.2,394.61
OL-12297,ORD-14978,CUST-1428,PROD-017,2025-07-26,4,242.78,0.05,922.56
OL-12298,ORD-14978,CUST-1428,PROD-014,2025-07-26,5,487.6,0.1,2194.2
OL-12299,ORD-14979,CUST-1428,PROD-033,2025-04-21,1,70.03,0.05,66.53
OL-12300,ORD-14979,CUST-1428,PROD-027,2025-04-21,1,52.67,0.15,44.77
OL-12301,ORD-14980,CUST-1428,PROD-030,2025-10-12,5,33.74,0.15,143.4
OL-12302,ORD-14980,CUST-1428,PROD-025,2025-10-12,1,25.5,0.1,22.95
OL-12303,ORD-14980,CUST-1428,PROD-020,2025-10-12,3,37.73,0,113.19
OL-12304,ORD-14980,CUST-1428,PROD-021,2025-10-12,1,38.34,0.2,30.67
OL-12305,ORD-14981,CUST-1428,PROD-021,2025-05-09,5,38.34,0.15,162.95
OL-12306,ORD-14981,CUST-1428,PROD-011,2025-05-09,1,103.76,0.15,88.2
OL-12307,ORD-14981,CUST-1428,PROD-005,2025-05-09,1,843.32,0.2,674.66
OL-12308,ORD-14981,CUST-1428,PROD-029,2025-05-09,3,32.8,0,98.4
OL-12309,ORD-14982,CUST-1428,PROD-009,2025-06-01,4,89.78,0,359.12
OL-12310,ORD-14983,CUST-1428,PROD-032,2025-01-02,2,129.73,0.15,220.54
OL-12311,ORD-14983,CUST-1428,PROD-020,2025-01-02,5,37.73,0.2,150.92
OL-12312,ORD-14983,CUST-1428,PROD-004,2025-01-02,3,921.23,0,2763.69
OL-12313,ORD-14984,CUST-1428,PROD-035,2025-05-11,5,75.75,0,378.75
OL-12314,ORD-14984,CUST-1428,PROD-029,2025-05-11,3,32.8,0.1,88.56
OL-12315,ORD-14984,CUST-1428,PROD-028,2025-05-11,1,65.64,0.15,55.79
OL-12316,ORD-14985,CUST-1428,PROD-034,2024-09-22,4,79.8,0.1,287.28
OL-12317,ORD-14985,CUST-1428,PROD-006,2024-09-22,2,689.21,0.05,1309.5
OL-12318,ORD-14985,CUST-1428,PROD-015,2024-09-22,2,295.3,0,590.6
OL-12319,ORD-14985,CUST-1428,PROD-003,2024-09-22,5,722.82,0.15,3071.99
OL-12320,ORD-14986,CUST-1428,PROD-023,2025-06-15,1,88.43,0,88.43
OL-12321,ORD-14986,CUST-1428,PROD-020,2025-06-15,2,37.73,0.2,60.37
OL-12322,ORD-14987,CUST-1428,PROD-021,2025-07-12,2,38.34,0.2,61.34
OL-12323,ORD-14987,CUST-1428,PROD-012,2025-07-12,3,109.67,0.15,279.66
OL-12324,ORD-14987,CUST-1428,PROD-013,2025-07-12,5,134.4,0,672
OL-12325,ORD-14988,CUST-1428,PROD-019,2025-07-15,3,21.71,0.2,52.1
OL-12326,ORD-14988,CUST-1428,PROD-023,2025-07-15,4,88.43,0,353.72
OL-12327,ORD-14989,CUST-1428,PROD-025,2025-10-09,2,25.5,0.2,40.8
OL-12328,ORD-14990,CUST-1428,PROD-018,2025-06-20,3,9.52,0.1,25.7
OL-12329,ORD-14990,CUST-1428,PROD-014,2025-06-20,2,487.6,0.1,877.68
OL-12330,ORD-14990,CUST-1428,PROD-022,2025-06-20,4,27.82,0,111.28
OL-12331,ORD-14990,CUST-1428,PROD-007,2025-06-20,2,511.33,0.05,971.53
OL-12332,ORD-14991,CUST-1428,PROD-010,2025-06-20,2,121.48,0,242.96
OL-12333,ORD-14992,CUST-1428,PROD-003,2025-02-19,1,722.82,0,722.82
OL-12334,ORD-14992,CUST-1428,PROD-009,2025-02-19,4,89.78,0,359.12
OL-12335,ORD-14992,CUST-1428,PROD-034,2025-02-19,4,79.8,0.05,303.24
OL-12336,ORD-14993,CUST-1428,PROD-018,2024-10-23,1,9.52,0,9.52
OL-12337,ORD-14993,CUST-1428,PROD-014,2024-10-23,4,487.6,0,1950.4
OL-12338,ORD-14993,CUST-1428,PROD-027,2024-10-23,2,52.67,0.15,89.54
OL-12339,ORD-14994,CUST-1428,PROD-018,2024-12-31,5,9.52,0.2,38.08
OL-12340,ORD-14994,CUST-1428,PROD-005,2024-12-31,5,843.32,0.15,3584.11
OL-12341,ORD-14994,CUST-1428,PROD-026,2024-12-31,4,54.35,0,217.4
OL-12342,ORD-14994,CUST-1428,PROD-012,2024-12-31,2,109.67,0,219.34
OL-12343,ORD-14995,CUST-1428,PROD-024,2024-09-12,1,38.87,0,38.87
OL-12344,ORD-14996,CUST-1428,PROD-023,2025-06-09,4,88.43,0,353.72
OL-12345,ORD-14996,CUST-1428,PROD-007,2025-06-09,2,511.33,0.15,869.26
OL-12346,ORD-14997,CUST-1428,PROD-003,2025-01-08,5,722.82,0,3614.1
OL-12347,ORD-14997,CUST-1428,PROD-017,2025-01-08,2,242.78,0.05,461.28
OL-12348,ORD-14997,CUST-1428,PROD-020,2025-01-08,1,37.73,0.15,32.07
OL-12349,ORD-14998,CUST-1429,PROD-016,2024-08-29,3,189.62,0.15,483.53
OL-12350,ORD-14998,CUST-1429,PROD-022,2024-08-29,4,27.82,0,111.28
OL-12351,ORD-14999,CUST-1429,PROD-017,2025-12-06,3,242.78,0.15,619.09
OL-12352,ORD-14999,CUST-1429,PROD-003,2025-12-06,3,722.82,0.2,1734.77
OL-12353,ORD-15000,CUST-1429,PROD-003,2025-11-03,1,722.82,0,722.82
OL-12354,ORD-15000,CUST-1429,PROD-026,2025-11-03,2,54.35,0.1,97.83
OL-12355,ORD-15001,CUST-1429,PROD-018,2024-09-21,3,9.52,0.15,24.28
OL-12356,ORD-15002,CUST-1429,PROD-031,2025-06-11,2,164.42,0,328.84
OL-12357,ORD-15002,CUST-1429,PROD-024,2025-06-11,3,38.87,0,116.61
OL-12358,ORD-15003,CUST-1429,PROD-003,2025-05-30,2,722.82,0,1445.64
OL-12359,ORD-15003,CUST-1429,PROD-024,2025-05-30,3,38.87,0,116.61
OL-12360,ORD-15003,CUST-1429,PROD-027,2025-05-30,3,52.67,0.05,150.11
OL-12361,ORD-15003,CUST-1429,PROD-036,2025-05-30,2,97.89,0.1,176.2
OL-12362,ORD-15004,CUST-1429,PROD-034,2025-03-21,2,79.8,0.1,143.64
OL-12363,ORD-15005,CUST-1429,PROD-037,2025-01-24,3,23.39,0.1,63.15
OL-12364,ORD-15005,CUST-1429,PROD-029,2025-01-24,4,32.8,0.1,118.08
OL-12365,ORD-15006,CUST-1430,PROD-003,2025-12-16,3,722.82,0.15,1843.19
OL-12366,ORD-15007,CUST-1431,PROD-013,2025-09-08,1,134.4,0.05,127.68
OL-12367,ORD-15007,CUST-1431,PROD-034,2025-09-08,5,79.8,0.15,339.15
OL-12368,ORD-15008,CUST-1431,PROD-025,2025-11-26,1,25.5,0,25.5
OL-12369,ORD-15008,CUST-1431,PROD-001,2025-11-26,3,1226.38,0.05,3495.18
OL-12370,ORD-15008,CUST-1431,PROD-037,2025-11-26,3,23.39,0,70.17
OL-12371,ORD-15008,CUST-1431,PROD-019,2025-11-26,1,21.71,0.05,20.62
OL-12372,ORD-15009,CUST-1432,PROD-022,2025-06-15,4,27.82,0.15,94.59
OL-12373,ORD-15010,CUST-1433,PROD-021,2025-12-23,4,38.34,0,153.36
OL-12374,ORD-15010,CUST-1433,PROD-034,2025-12-23,5,79.8,0.05,379.05
OL-12375,ORD-15010,CUST-1433,PROD-003,2025-12-23,5,722.82,0.05,3433.39
OL-12376,ORD-15011,CUST-1434,PROD-011,2024-06-08,2,103.76,0,207.52
OL-12377,ORD-15011,CUST-1434,PROD-013,2024-06-08,2,134.4,0,268.8
OL-12378,ORD-15012,CUST-1434,PROD-002,2024-10-30,4,505.32,0,2021.28
OL-12379,ORD-15012,CUST-1434,PROD-004,2024-10-30,1,921.23,0.1,829.11
OL-12380,ORD-15013,CUST-1434,PROD-028,2024-08-15,5,65.64,0.05,311.79
OL-12381,ORD-15014,CUST-1434,PROD-016,2025-08-26,4,189.62,0.2,606.78
OL-12382,ORD-15015,CUST-1434,PROD-006,2024-10-24,1,689.21,0.2,551.37
OL-12383,ORD-15015,CUST-1434,PROD-020,2024-10-24,2,37.73,0.1,67.91
OL-12384,ORD-15015,CUST-1434,PROD-010,2024-10-24,4,121.48,0,485.92
OL-12385,ORD-15016,CUST-1434,PROD-014,2024-08-30,5,487.6,0.05,2316.1
OL-12386,ORD-15016,CUST-1434,PROD-011,2024-08-30,1,103.76,0,103.76
OL-12387,ORD-15017,CUST-1434,PROD-019,2024-06-24,3,21.71,0,65.13
OL-12388,ORD-15017,CUST-1434,PROD-022,2024-06-24,2,27.82,0,55.64
OL-12389,ORD-15018,CUST-1434,PROD-011,2025-07-05,2,103.76,0,207.52
OL-12390,ORD-15018,CUST-1434,PROD-019,2025-07-05,2,21.71,0,43.42
OL-12391,ORD-15019,CUST-1435,PROD-004,2025-12-26,1,921.23,0,921.23
OL-12392,ORD-15019,CUST-1435,PROD-001,2025-12-26,2,1226.38,0,2452.76
OL-12393,ORD-15020,CUST-1436,PROD-035,2024-02-03,3,75.75,0.15,193.16
OL-12394,ORD-15020,CUST-1436,PROD-011,2024-02-03,2,103.76,0,207.52
OL-12395,ORD-15021,CUST-1437,PROD-037,2024-12-02,2,23.39,0.2,37.42
OL-12396,ORD-15021,CUST-1437,PROD-007,2024-12-02,2,511.33,0.1,920.39
OL-12397,ORD-15021,CUST-1437,PROD-015,2024-12-02,3,295.3,0.05,841.61
OL-12398,ORD-15021,CUST-1437,PROD-022,2024-12-02,1,27.82,0.15,23.65
OL-12399,ORD-15022,CUST-1438,PROD-012,2024-11-17,4,109.67,0.2,350.94
OL-12400,ORD-15022,CUST-1438,PROD-018,2024-11-17,4,9.52,0,38.08
OL-12401,ORD-15022,CUST-1438,PROD-034,2024-11-17,1,79.8,0.2,63.84
OL-12402,ORD-15022,CUST-1438,PROD-027,2024-11-17,5,52.67,0.2,210.68
OL-12403,ORD-15023,CUST-1439,PROD-030,2025-11-03,1,33.74,0,33.74
OL-12404,ORD-15023,CUST-1439,PROD-024,2025-11-03,1,38.87,0.1,34.98
OL-12405,ORD-15023,CUST-1439,PROD-014,2025-11-03,2,487.6,0,975.2
OL-12406,ORD-15023,CUST-1439,PROD-025,2025-11-03,4,25.5,0,102
OL-12407,ORD-15024,CUST-1440,PROD-026,2025-03-23,2,54.35,0,108.7
OL-12408,ORD-15025,CUST-1440,PROD-009,2025-10-16,4,89.78,0,359.12
OL-12409,ORD-15026,CUST-1441,PROD-028,2025-02-24,4,65.64,0,262.56
OL-12410,ORD-15026,CUST-1441,PROD-031,2025-02-24,4,164.42,0.15,559.03
OL-12411,ORD-15026,CUST-1441,PROD-011,2025-02-24,2,103.76,0.05,197.14
OL-12412,ORD-15027,CUST-1441,PROD-019,2025-06-14,5,21.71,0.15,92.27
OL-12413,ORD-15027,CUST-1441,PROD-021,2025-06-14,5,38.34,0.1,172.53
OL-12414,ORD-15028,CUST-1441,PROD-030,2025-11-06,3,33.74,0,101.22
OL-12415,ORD-15028,CUST-1441,PROD-013,2025-11-06,5,134.4,0,672
OL-12416,ORD-15028,CUST-1441,PROD-035,2025-11-06,1,75.75,0,75.75
OL-12417,ORD-15028,CUST-1441,PROD-012,2025-11-06,4,109.67,0,438.68
OL-12418,ORD-15029,CUST-1442,PROD-012,2025-03-29,5,109.67,0.2,438.68
OL-12419,ORD-15029,CUST-1442,PROD-011,2025-03-29,2,103.76,0,207.52
OL-12420,ORD-15030,CUST-1443,PROD-013,2025-02-14,5,134.4,0,672
OL-12421,ORD-15031,CUST-1443,PROD-014,2025-05-30,5,487.6,0,2438
OL-12422,ORD-15031,CUST-1443,PROD-022,2025-05-30,4,27.82,0,111.28
OL-12423,ORD-15032,CUST-1443,PROD-019,2025-11-04,1,21.71,0.15,18.45
OL-12424,ORD-15033,CUST-1444,PROD-020,2025-05-09,3,37.73,0,113.19
OL-12425,ORD-15033,CUST-1444,PROD-005,2025-05-09,2,843.32,0,1686.64
OL-12426,ORD-15033,CUST-1444,PROD-011,2025-05-09,5,103.76,0,518.8
OL-12427,ORD-15034,CUST-1444,PROD-025,2025-09-29,5,25.5,0.15,108.38
OL-12428,ORD-15034,CUST-1444,PROD-029,2025-09-29,5,32.8,0,164
OL-12429,ORD-15034,CUST-1444,PROD-002,2025-09-29,5,505.32,0.15,2147.61
OL-12430,ORD-15035,CUST-1444,PROD-003,2025-09-17,2,722.82,0.15,1228.79
OL-12431,ORD-15035,CUST-1444,PROD-018,2025-09-17,5,9.52,0.15,40.46
OL-12432,ORD-15035,CUST-1444,PROD-027,2025-09-17,2,52.67,0,105.34
OL-12433,ORD-15036,CUST-1445,PROD-008,2025-04-07,3,342.59,0.1,924.99
OL-12434,ORD-15036,CUST-1445,PROD-023,2025-04-07,2,88.43,0,176.86
OL-12435,ORD-15036,CUST-1445,PROD-013,2025-04-07,5,134.4,0.05,638.4
OL-12436,ORD-15037,CUST-1446,PROD-006,2024-05-17,2,689.21,0.2,1102.74
OL-12437,ORD-15037,CUST-1446,PROD-002,2024-05-17,1,505.32,0.1,454.79
OL-12438,ORD-15037,CUST-1446,PROD-022,2024-05-17,3,27.82,0,83.46
OL-12439,ORD-15038,CUST-1447,PROD-024,2025-11-30,5,38.87,0.15,165.2
OL-12440,ORD-15038,CUST-1447,PROD-037,2025-11-30,2,23.39,0,46.78
OL-12441,ORD-15038,CUST-1447,PROD-023,2025-11-30,4,88.43,0,353.72
OL-12442,ORD-15038,CUST-1447,PROD-004,2025-11-30,2,921.23,0,1842.46
OL-12443,ORD-15039,CUST-1448,PROD-001,2025-06-08,1,1226.38,0.1,1103.74
OL-12444,ORD-15039,CUST-1448,PROD-031,2025-06-08,4,164.42,0.2,526.14
OL-12445,ORD-15040,CUST-1449,PROD-020,2024-05-15,3,37.73,0.05,107.53
OL-12446,ORD-15040,CUST-1449,PROD-033,2024-05-15,3,70.03,0,210.09
OL-12447,ORD-15040,CUST-1449,PROD-026,2024-05-15,5,54.35,0,271.75
OL-12448,ORD-15040,CUST-1449,PROD-030,2024-05-15,3,33.74,0.1,91.1
OL-12449,ORD-15041,CUST-1449,PROD-025,2024-10-04,5,25.5,0.15,108.38
OL-12450,ORD-15041,CUST-1449,PROD-024,2024-10-04,4,38.87,0.1,139.93
OL-12451,ORD-15041,CUST-1449,PROD-003,2024-10-04,2,722.82,0.15,1228.79
OL-12452,ORD-15042,CUST-1449,PROD-030,2025-08-02,2,33.74,0,67.48
OL-12453,ORD-15042,CUST-1449,PROD-001,2025-08-02,2,1226.38,0.15,2084.85
OL-12454,ORD-15043,CUST-1449,PROD-017,2025-05-14,1,242.78,0.2,194.22
OL-12455,ORD-15043,CUST-1449,PROD-007,2025-05-14,3,511.33,0,1533.99
OL-12456,ORD-15043,CUST-1449,PROD-008,2025-05-14,4,342.59,0,1370.36
OL-12457,ORD-15044,CUST-1449,PROD-005,2025-04-29,4,843.32,0.05,3204.62
OL-12458,ORD-15044,CUST-1449,PROD-010,2025-04-29,4,121.48,0.15,413.03
OL-12459,ORD-15044,CUST-1449,PROD-028,2025-04-29,5,65.64,0,328.2
OL-12460,ORD-15045,CUST-1449,PROD-004,2025-07-06,4,921.23,0,3684.92
OL-12461,ORD-15045,CUST-1449,PROD-021,2025-07-06,4,38.34,0,153.36
OL-12462,ORD-15045,CUST-1449,PROD-037,2025-07-06,2,23.39,0,46.78
OL-12463,ORD-15046,CUST-1449,PROD-011,2025-01-02,2,103.76,0.15,176.39
OL-12464,ORD-15046,CUST-1449,PROD-019,2025-01-02,2,21.71,0,43.42
OL-12465,ORD-15046,CUST-1449,PROD-021,2025-01-02,4,38.34,0,153.36
OL-12466,ORD-15047,CUST-1449,PROD-009,2024-10-15,1,89.78,0,89.78
OL-12467,ORD-15047,CUST-1449,PROD-027,2024-10-15,2,52.67,0,105.34
OL-12468,ORD-15048,CUST-1449,PROD-014,2025-08-17,4,487.6,0,1950.4
OL-12469,ORD-15049,CUST-1449,PROD-018,2024-11-22,1,9.52,0,9.52
OL-12470,ORD-15049,CUST-1449,PROD-013,2024-11-22,5,134.4,0,672
OL-12471,ORD-15050,CUST-1449,PROD-035,2024-11-17,2,75.75,0.15,128.78
OL-12472,ORD-15050,CUST-1449,PROD-016,2024-11-17,1,189.62,0.15,161.18
OL-12473,ORD-15050,CUST-1449,PROD-002,2024-11-17,2,505.32,0,1010.64
OL-12474,ORD-15050,CUST-1449,PROD-024,2024-11-17,3,38.87,0,116.61
OL-12475,ORD-15051,CUST-1449,PROD-018,2025-06-11,4,9.52,0,38.08
OL-12476,ORD-15051,CUST-1449,PROD-029,2025-06-11,4,32.8,0.05,124.64
OL-12477,ORD-15051,CUST-1449,PROD-019,2025-06-11,4,21.71,0,86.84
OL-12478,ORD-15051,CUST-1449,PROD-036,2025-06-11,3,97.89,0,293.67
OL-12479,ORD-15052,CUST-1449,PROD-015,2025-02-13,4,295.3,0.1,1063.08
OL-12480,ORD-15052,CUST-1449,PROD-003,2025-02-13,1,722.82,0.15,614.4
OL-12481,ORD-15052,CUST-1449,PROD-030,2025-02-13,1,33.74,0.15,28.68
OL-12482,ORD-15052,CUST-1449,PROD-002,2025-02-13,1,505.32,0.15,429.52
OL-12483,ORD-15053,CUST-1449,PROD-009,2024-06-17,3,89.78,0.2,215.47
OL-12484,ORD-15054,CUST-1449,PROD-024,2024-10-25,4,38.87,0.1,139.93
OL-12485,ORD-15055,CUST-1449,PROD-009,2025-04-22,5,89.78,0.05,426.45
OL-12486,ORD-15055,CUST-1449,PROD-007,2025-04-22,3,511.33,0.15,1303.89
OL-12487,ORD-15055,CUST-1449,PROD-008,2025-04-22,5,342.59,0.15,1456.01
OL-12488,ORD-15056,CUST-1449,PROD-018,2024-06-09,3,9.52,0.1,25.7
OL-12489,ORD-15057,CUST-1449,PROD-004,2024-07-04,4,921.23,0,3684.92
OL-12490,ORD-15058,CUST-1449,PROD-005,2025-05-22,5,843.32,0,4216.6
OL-12491,ORD-15058,CUST-1449,PROD-019,2025-05-22,1,21.71,0,21.71
OL-12492,ORD-15059,CUST-1449,PROD-002,2025-03-17,3,505.32,0,1515.96
OL-12493,ORD-15059,CUST-1449,PROD-027,2025-03-17,3,52.67,0,158.01
OL-12494,ORD-15060,CUST-1449,PROD-004,2024-08-04,4,921.23,0,3684.92
OL-12495,ORD-15061,CUST-1449,PROD-014,2025-05-08,3,487.6,0,1462.8
OL-12496,ORD-15061,CUST-1449,PROD-005,2025-05-08,1,843.32,0,843.32
OL-12497,ORD-15061,CUST-1449,PROD-002,2025-05-08,1,505.32,0,505.32
OL-12498,ORD-15062,CUST-1449,PROD-036,2025-06-06,4,97.89,0,391.56
OL-12499,ORD-15062,CUST-1449,PROD-021,2025-06-06,4,38.34,0.05,145.69
OL-12500,ORD-15062,CUST-1449,PROD-003,2025-06-06,3,722.82,0.15,1843.19
OL-12501,ORD-15062,CUST-1449,PROD-025,2025-06-06,1,25.5,0,25.5
OL-12502,ORD-15063,CUST-1450,PROD-034,2024-02-25,1,79.8,0,79.8
OL-12503,ORD-15063,CUST-1450,PROD-015,2024-02-25,4,295.3,0,1181.2
OL-12504,ORD-15063,CUST-1450,PROD-023,2024-02-25,5,88.43,0,442.15
OL-12505,ORD-15064,CUST-1450,PROD-009,2024-05-12,1,89.78,0.15,76.31
OL-12506,ORD-15064,CUST-1450,PROD-030,2024-05-12,2,33.74,0,67.48
OL-12507,ORD-15064,CUST-1450,PROD-031,2024-05-12,3,164.42,0.2,394.61
OL-12508,ORD-15065,CUST-1450,PROD-008,2024-07-07,4,342.59,0,1370.36
OL-12509,ORD-15065,CUST-1450,PROD-007,2024-07-07,4,511.33,0.2,1636.26
OL-12510,ORD-15065,CUST-1450,PROD-022,2024-07-07,1,27.82,0,27.82
OL-12511,ORD-15065,CUST-1450,PROD-006,2024-07-07,2,689.21,0.2,1102.74
OL-12512,ORD-15066,CUST-1450,PROD-017,2024-09-17,1,242.78,0.05,230.64
OL-12513,ORD-15066,CUST-1450,PROD-008,2024-09-17,1,342.59,0.15,291.2
OL-12514,ORD-15067,CUST-1450,PROD-021,2025-05-24,2,38.34,0,76.68
OL-12515,ORD-15067,CUST-1450,PROD-001,2025-05-24,3,1226.38,0,3679.14
OL-12516,ORD-15067,CUST-1450,PROD-017,2025-05-24,1,242.78,0.2,194.22
OL-12517,ORD-15067,CUST-1450,PROD-032,2025-05-24,1,129.73,0.05,123.24
OL-12518,ORD-15068,CUST-1450,PROD-005,2024-06-22,4,843.32,0,3373.28
OL-12519,ORD-15068,CUST-1450,PROD-012,2024-06-22,3,109.67,0.15,279.66
OL-12520,ORD-15068,CUST-1450,PROD-010,2024-06-22,1,121.48,0.1,109.33
OL-12521,ORD-15068,CUST-1450,PROD-001,2024-06-22,3,1226.38,0,3679.14
OL-12522,ORD-15069,CUST-1450,PROD-020,2025-05-02,5,37.73,0.1,169.78
OL-12523,ORD-15069,CUST-1450,PROD-002,2025-05-02,4,505.32,0.15,1718.09
OL-12524,ORD-15070,CUST-1450,PROD-028,2025-04-21,5,65.64,0,328.2
OL-12525,ORD-15071,CUST-1450,PROD-016,2024-08-21,1,189.62,0,189.62
OL-12526,ORD-15071,CUST-1450,PROD-027,2024-08-21,1,52.67,0.1,47.4
OL-12527,ORD-15072,CUST-1451,PROD-005,2025-07-24,3,843.32,0.2,2023.97
OL-12528,ORD-15072,CUST-1451,PROD-007,2025-07-24,1,511.33,0,511.33
OL-12529,ORD-15073,CUST-1452,PROD-011,2025-09-13,5,103.76,0.05,492.86
OL-12530,ORD-15074,CUST-1453,PROD-009,2025-07-15,2,89.78,0.1,161.6
OL-12531,ORD-15075,CUST-1454,PROD-005,2024-08-03,5,843.32,0,4216.6
OL-12532,ORD-15075,CUST-1454,PROD-022,2024-08-03,3,27.82,0,83.46
OL-12533,ORD-15075,CUST-1454,PROD-017,2024-08-03,2,242.78,0,485.56
OL-12534,ORD-15076,CUST-1454,PROD-003,2025-08-15,4,722.82,0,2891.28
OL-12535,ORD-15076,CUST-1454,PROD-010,2025-08-15,2,121.48,0.05,230.81
OL-12536,ORD-15076,CUST-1454,PROD-026,2025-08-15,2,54.35,0.1,97.83
OL-12537,ORD-15077,CUST-1454,PROD-026,2025-12-10,1,54.35,0,54.35
OL-12538,ORD-15077,CUST-1454,PROD-028,2025-12-10,1,65.64,0,65.64
OL-12539,ORD-15077,CUST-1454,PROD-018,2025-12-10,1,9.52,0.2,7.62
OL-12540,ORD-15077,CUST-1454,PROD-036,2025-12-10,2,97.89,0.1,176.2
OL-12541,ORD-15078,CUST-1454,PROD-030,2025-07-11,3,33.74,0,101.22
OL-12542,ORD-15078,CUST-1454,PROD-010,2025-07-11,1,121.48,0.15,103.26
OL-12543,ORD-15079,CUST-1454,PROD-031,2025-03-24,4,164.42,0.05,624.8
OL-12544,ORD-15079,CUST-1454,PROD-032,2025-03-24,4,129.73,0.1,467.03
OL-12545,ORD-15079,CUST-1454,PROD-034,2025-03-24,1,79.8,0,79.8
OL-12546,ORD-15079,CUST-1454,PROD-015,2025-03-24,4,295.3,0,1181.2
OL-12547,ORD-15080,CUST-1454,PROD-017,2025-05-06,5,242.78,0.1,1092.51
OL-12548,ORD-15080,CUST-1454,PROD-004,2025-05-06,2,921.23,0.15,1566.09
OL-12549,ORD-15081,CUST-1455,PROD-015,2024-11-23,2,295.3,0.15,502.01
OL-12550,ORD-15082,CUST-1456,PROD-023,2025-05-24,4,88.43,0.1,318.35
OL-12551,ORD-15083,CUST-1456,PROD-036,2025-09-07,2,97.89,0.15,166.41
OL-12552,ORD-15084,CUST-1456,PROD-025,2025-10-13,1,25.5,0.05,24.22
OL-12553,ORD-15084,CUST-1456,PROD-006,2025-10-13,2,689.21,0.1,1240.58
OL-12554,ORD-15084,CUST-1456,PROD-011,2025-10-13,3,103.76,0.15,264.59
OL-12555,ORD-15084,CUST-1456,PROD-002,2025-10-13,1,505.32,0.15,429.52
OL-12556,ORD-15085,CUST-1456,PROD-026,2025-08-18,5,54.35,0.05,258.16
OL-12557,ORD-15085,CUST-1456,PROD-004,2025-08-18,1,921.23,0,921.23
OL-12558,ORD-15085,CUST-1456,PROD-036,2025-08-18,1,97.89,0.1,88.1
OL-12559,ORD-15085,CUST-1456,PROD-027,2025-08-18,3,52.67,0,158.01
OL-12560,ORD-15086,CUST-1457,PROD-037,2024-04-06,2,23.39,0.15,39.76
OL-12561,ORD-15087,CUST-1457,PROD-026,2025-03-22,1,54.35,0.2,43.48
OL-12562,ORD-15087,CUST-1457,PROD-031,2025-03-22,5,164.42,0.05,780.99
OL-12563,ORD-15087,CUST-1457,PROD-014,2025-03-22,2,487.6,0.2,780.16
OL-12564,ORD-15087,CUST-1457,PROD-027,2025-03-22,2,52.67,0,105.34
OL-12565,ORD-15088,CUST-1457,PROD-003,2025-06-12,4,722.82,0,2891.28
OL-12566,ORD-15088,CUST-1457,PROD-026,2025-06-12,3,54.35,0,163.05
OL-12567,ORD-15088,CUST-1457,PROD-032,2025-06-12,1,129.73,0.1,116.76
OL-12568,ORD-15089,CUST-1457,PROD-003,2025-03-17,3,722.82,0.2,1734.77
OL-12569,ORD-15090,CUST-1457,PROD-004,2025-08-05,5,921.23,0,4606.15
OL-12570,ORD-15091,CUST-1457,PROD-012,2024-05-13,1,109.67,0,109.67
OL-12571,ORD-15091,CUST-1457,PROD-024,2024-05-13,3,38.87,0.05,110.78
OL-12572,ORD-15091,CUST-1457,PROD-004,2024-05-13,3,921.23,0,2763.69
OL-12573,ORD-15091,CUST-1457,PROD-033,2024-05-13,1,70.03,0.1,63.03
OL-12574,ORD-15092,CUST-1457,PROD-005,2025-02-08,2,843.32,0.05,1602.31
OL-12575,ORD-15092,CUST-1457,PROD-009,2025-02-08,1,89.78,0.05,85.29
OL-12576,ORD-15092,CUST-1457,PROD-017,2025-02-08,1,242.78,0,242.78
OL-12577,ORD-15093,CUST-1457,PROD-003,2024-04-27,4,722.82,0,2891.28
OL-12578,ORD-15093,CUST-1457,PROD-029,2024-04-27,5,32.8,0,164
OL-12579,ORD-15094,CUST-1457,PROD-020,2025-05-16,5,37.73,0.1,169.78
OL-12580,ORD-15095,CUST-1458,PROD-032,2024-02-01,2,129.73,0,259.46
OL-12581,ORD-15095,CUST-1458,PROD-034,2024-02-01,1,79.8,0.05,75.81
OL-12582,ORD-15095,CUST-1458,PROD-017,2024-02-01,4,242.78,0,971.12
OL-12583,ORD-15095,CUST-1458,PROD-001,2024-02-01,5,1226.38,0.2,4905.52
OL-12584,ORD-15096,CUST-1458,PROD-008,2025-02-07,4,342.59,0.05,1301.84
OL-12585,ORD-15097,CUST-1458,PROD-024,2024-09-28,3,38.87,0,116.61
OL-12586,ORD-15097,CUST-1458,PROD-002,2024-09-28,4,505.32,0,2021.28
OL-12587,ORD-15097,CUST-1458,PROD-003,2024-09-28,2,722.82,0.15,1228.79
OL-12588,ORD-15098,CUST-1458,PROD-022,2025-05-09,4,27.82,0,111.28
OL-12589,ORD-15099,CUST-1458,PROD-012,2025-01-12,1,109.67,0.15,93.22
OL-12590,ORD-15099,CUST-1458,PROD-021,2025-01-12,5,38.34,0,191.7
OL-12591,ORD-15100,CUST-1458,PROD-003,2025-04-13,4,722.82,0.05,2746.72
OL-12592,ORD-15100,CUST-1458,PROD-013,2025-04-13,3,134.4,0.1,362.88
OL-12593,ORD-15100,CUST-1458,PROD-004,2025-04-13,4,921.23,0.05,3500.67
OL-12594,ORD-15100,CUST-1458,PROD-014,2025-04-13,3,487.6,0.05,1389.66
OL-12595,ORD-15101,CUST-1458,PROD-014,2024-10-15,3,487.6,0,1462.8
OL-12596,ORD-15101,CUST-1458,PROD-021,2024-10-15,3,38.34,0.15,97.77
OL-12597,ORD-15101,CUST-1458,PROD-005,2024-10-15,4,843.32,0,3373.28
OL-12598,ORD-15102,CUST-1458,PROD-032,2024-05-30,5,129.73,0,648.65
OL-12599,ORD-15102,CUST-1458,PROD-001,2024-05-30,2,1226.38,0,2452.76
OL-12600,ORD-15103,CUST-1458,PROD-002,2024-10-08,2,505.32,0.05,960.11
OL-12601,ORD-15104,CUST-1459,PROD-001,2025-06-07,1,1226.38,0,1226.38
OL-12602,ORD-15105,CUST-1460,PROD-001,2024-11-22,2,1226.38,0.2,1962.21
OL-12603,ORD-15105,CUST-1460,PROD-033,2024-11-22,2,70.03,0,140.06
OL-12604,ORD-15106,CUST-1461,PROD-001,2024-04-06,3,1226.38,0.05,3495.18
OL-12605,ORD-15106,CUST-1461,PROD-002,2024-04-06,5,505.32,0.1,2273.94
OL-12606,ORD-15106,CUST-1461,PROD-037,2024-04-06,3,23.39,0,70.17
OL-12607,ORD-15106,CUST-1461,PROD-030,2024-04-06,4,33.74,0.05,128.21
OL-12608,ORD-15107,CUST-1461,PROD-032,2024-06-03,4,129.73,0,518.92
OL-12609,ORD-15108,CUST-1461,PROD-004,2024-09-27,5,921.23,0,4606.15
OL-12610,ORD-15108,CUST-1461,PROD-018,2024-09-27,4,9.52,0.15,32.37
OL-12611,ORD-15108,CUST-1461,PROD-015,2024-09-27,1,295.3,0.05,280.54
OL-12612,ORD-15109,CUST-1461,PROD-009,2025-03-18,4,89.78,0.15,305.25
OL-12613,ORD-15109,CUST-1461,PROD-011,2025-03-18,4,103.76,0,415.04
OL-12614,ORD-15110,CUST-1462,PROD-002,2024-02-13,3,505.32,0,1515.96
OL-12615,ORD-15111,CUST-1462,PROD-011,2025-04-03,4,103.76,0,415.04
OL-12616,ORD-15112,CUST-1462,PROD-034,2025-03-16,4,79.8,0,319.2
OL-12617,ORD-15112,CUST-1462,PROD-020,2025-03-16,3,37.73,0.1,101.87
OL-12618,ORD-15113,CUST-1462,PROD-034,2024-05-11,5,79.8,0,399
OL-12619,ORD-15114,CUST-1462,PROD-017,2024-09-12,5,242.78,0.05,1153.2
OL-12620,ORD-15114,CUST-1462,PROD-037,2024-09-12,3,23.39,0,70.17
OL-12621,ORD-15114,CUST-1462,PROD-014,2024-09-12,2,487.6,0.1,877.68
OL-12622,ORD-15114,CUST-1462,PROD-013,2024-09-12,1,134.4,0.1,120.96
OL-12623,ORD-15115,CUST-1462,PROD-015,2024-03-21,3,295.3,0.1,797.31
OL-12624,ORD-15115,CUST-1462,PROD-035,2024-03-21,4,75.75,0.05,287.85
OL-12625,ORD-15116,CUST-1462,PROD-020,2024-04-12,2,37.73,0.15,64.14
OL-12626,ORD-15116,CUST-1462,PROD-017,2024-04-12,4,242.78,0,971.12
OL-12627,ORD-15116,CUST-1462,PROD-015,2024-04-12,4,295.3,0.2,944.96
OL-12628,ORD-15117,CUST-1462,PROD-004,2025-01-23,5,921.23,0,4606.15
OL-12629,ORD-15118,CUST-1463,PROD-015,2025-11-25,4,295.3,0.05,1122.14
OL-12630,ORD-15118,CUST-1463,PROD-030,2025-11-25,2,33.74,0,67.48
OL-12631,ORD-15118,CUST-1463,PROD-020,2025-11-25,5,37.73,0.15,160.35
OL-12632,ORD-15119,CUST-1464,PROD-012,2024-11-18,1,109.67,0,109.67
OL-12633,ORD-15119,CUST-1464,PROD-037,2024-11-18,3,23.39,0.1,63.15
OL-12634,ORD-15119,CUST-1464,PROD-002,2024-11-18,2,505.32,0.15,859.04
OL-12635,ORD-15120,CUST-1464,PROD-011,2025-08-09,4,103.76,0.15,352.78
OL-12636,ORD-15120,CUST-1464,PROD-013,2025-08-09,1,134.4,0,134.4
OL-12637,ORD-15120,CUST-1464,PROD-019,2025-08-09,1,21.71,0.2,17.37
OL-12638,ORD-15121,CUST-1465,PROD-028,2024-06-30,4,65.64,0.05,249.43
OL-12639,ORD-15122,CUST-1465,PROD-034,2025-07-26,5,79.8,0.05,379.05
OL-12640,ORD-15123,CUST-1465,PROD-002,2024-08-06,4,505.32,0.05,1920.22
OL-12641,ORD-15124,CUST-1465,PROD-033,2025-10-05,3,70.03,0,210.09
OL-12642,ORD-15124,CUST-1465,PROD-029,2025-10-05,3,32.8,0.2,78.72
OL-12643,ORD-15124,CUST-1465,PROD-011,2025-10-05,4,103.76,0,415.04
OL-12644,ORD-15125,CUST-1465,PROD-037,2025-04-23,5,23.39,0.2,93.56
OL-12645,ORD-15125,CUST-1465,PROD-014,2025-04-23,3,487.6,0,1462.8
OL-12646,ORD-15126,CUST-1465,PROD-020,2025-07-09,3,37.73,0.15,96.21
OL-12647,ORD-15127,CUST-1465,PROD-015,2025-01-03,5,295.3,0.1,1328.85
OL-12648,ORD-15128,CUST-1465,PROD-034,2025-02-04,3,79.8,0.05,227.43
OL-12649,ORD-15128,CUST-1465,PROD-013,2025-02-04,4,134.4,0.1,483.84
OL-12650,ORD-15129,CUST-1465,PROD-034,2025-08-05,1,79.8,0,79.8
OL-12651,ORD-15130,CUST-1465,PROD-003,2024-12-12,2,722.82,0,1445.64
OL-12652,ORD-15130,CUST-1465,PROD-009,2024-12-12,5,89.78,0.15,381.56
OL-12653,ORD-15130,CUST-1465,PROD-026,2024-12-12,2,54.35,0.2,86.96
OL-12654,ORD-15130,CUST-1465,PROD-022,2024-12-12,1,27.82,0,27.82
OL-12655,ORD-15131,CUST-1465,PROD-002,2025-06-19,1,505.32,0.05,480.05
OL-12656,ORD-15131,CUST-1465,PROD-031,2025-06-19,5,164.42,0.2,657.68
OL-12657,ORD-15132,CUST-1465,PROD-019,2024-09-06,5,21.71,0.15,92.27
OL-12658,ORD-15133,CUST-1465,PROD-002,2025-03-26,5,505.32,0.15,2147.61
OL-12659,ORD-15133,CUST-1465,PROD-005,2025-03-26,2,843.32,0,1686.64
OL-12660,ORD-15133,CUST-1465,PROD-023,2025-03-26,3,88.43,0.2,212.23
OL-12661,ORD-15133,CUST-1465,PROD-004,2025-03-26,3,921.23,0,2763.69
OL-12662,ORD-15134,CUST-1465,PROD-017,2024-10-14,3,242.78,0.2,582.67
OL-12663,ORD-15134,CUST-1465,PROD-023,2024-10-14,1,88.43,0.1,79.59
OL-12664,ORD-15135,CUST-1465,PROD-032,2024-10-29,5,129.73,0,648.65
OL-12665,ORD-15135,CUST-1465,PROD-036,2024-10-29,3,97.89,0.15,249.62
OL-12666,ORD-15136,CUST-1465,PROD-010,2025-03-23,4,121.48,0.2,388.74
OL-12667,ORD-15136,CUST-1465,PROD-023,2025-03-23,3,88.43,0,265.29
OL-12668,ORD-15136,CUST-1465,PROD-002,2025-03-23,5,505.32,0.2,2021.28
OL-12669,ORD-15137,CUST-1465,PROD-013,2024-09-21,5,134.4,0,672
OL-12670,ORD-15138,CUST-1465,PROD-004,2025-09-10,4,921.23,0.1,3316.43
OL-12671,ORD-15139,CUST-1465,PROD-029,2025-02-19,3,32.8,0,98.4
OL-12672,ORD-15139,CUST-1465,PROD-022,2025-02-19,3,27.82,0.05,79.29
OL-12673,ORD-15139,CUST-1465,PROD-001,2025-02-19,4,1226.38,0.15,4169.69
OL-12674,ORD-15139,CUST-1465,PROD-003,2025-02-19,1,722.82,0.15,614.4
OL-12675,ORD-15140,CUST-1465,PROD-029,2024-11-04,3,32.8,0,98.4
OL-12676,ORD-15140,CUST-1465,PROD-014,2024-11-04,3,487.6,0.05,1389.66
OL-12677,ORD-15140,CUST-1465,PROD-025,2024-11-04,3,25.5,0,76.5
OL-12678,ORD-15140,CUST-1465,PROD-005,2024-11-04,3,843.32,0.2,2023.97
OL-12679,ORD-15141,CUST-1465,PROD-028,2025-09-12,2,65.64,0,131.28
OL-12680,ORD-15142,CUST-1465,PROD-028,2025-05-26,3,65.64,0.1,177.23
OL-12681,ORD-15142,CUST-1465,PROD-027,2025-05-26,2,52.67,0.15,89.54
OL-12682,ORD-15142,CUST-1465,PROD-005,2025-05-26,3,843.32,0.15,2150.47
OL-12683,ORD-15143,CUST-1465,PROD-020,2024-11-15,4,37.73,0.1,135.83
OL-12684,ORD-15143,CUST-1465,PROD-035,2024-11-15,2,75.75,0.15,128.78
OL-12685,ORD-15143,CUST-1465,PROD-022,2024-11-15,4,27.82,0.15,94.59
OL-12686,ORD-15143,CUST-1465,PROD-005,2024-11-15,3,843.32,0.15,2150.47
OL-12687,ORD-15144,CUST-1465,PROD-013,2025-03-25,3,134.4,0.2,322.56
OL-12688,ORD-15144,CUST-1465,PROD-004,2025-03-25,4,921.23,0,3684.92
OL-12689,ORD-15144,CUST-1465,PROD-025,2025-03-25,1,25.5,0.05,24.22
OL-12690,ORD-15144,CUST-1465,PROD-005,2025-03-25,3,843.32,0.2,2023.97
OL-12691,ORD-15145,CUST-1465,PROD-020,2024-08-28,3,37.73,0.05,107.53
OL-12692,ORD-15145,CUST-1465,PROD-002,2024-08-28,5,505.32,0.2,2021.28
OL-12693,ORD-15145,CUST-1465,PROD-004,2024-08-28,2,921.23,0.2,1473.97
OL-12694,ORD-15145,CUST-1465,PROD-010,2024-08-28,3,121.48,0.1,328
OL-12695,ORD-15146,CUST-1465,PROD-009,2025-06-15,5,89.78,0.05,426.45
OL-12696,ORD-15146,CUST-1465,PROD-029,2025-06-15,4,32.8,0.05,124.64
OL-12697,ORD-15146,CUST-1465,PROD-034,2025-06-15,4,79.8,0,319.2
OL-12698,ORD-15146,CUST-1465,PROD-016,2025-06-15,3,189.62,0,568.86
OL-12699,ORD-15147,CUST-1465,PROD-020,2024-09-21,1,37.73,0,37.73
OL-12700,ORD-15147,CUST-1465,PROD-031,2024-09-21,3,164.42,0,493.26
OL-12701,ORD-15148,CUST-1465,PROD-029,2025-10-11,1,32.8,0.2,26.24
OL-12702,ORD-15148,CUST-1465,PROD-018,2025-10-11,2,9.52,0.1,17.14
OL-12703,ORD-15149,CUST-1465,PROD-027,2025-06-11,4,52.67,0,210.68
OL-12704,ORD-15149,CUST-1465,PROD-023,2025-06-11,2,88.43,0.1,159.17
OL-12705,ORD-15150,CUST-1465,PROD-031,2024-11-06,4,164.42,0,657.68
OL-12706,ORD-15150,CUST-1465,PROD-024,2024-11-06,3,38.87,0,116.61
OL-12707,ORD-15150,CUST-1465,PROD-025,2024-11-06,3,25.5,0,76.5
OL-12708,ORD-15150,CUST-1465,PROD-012,2024-11-06,2,109.67,0.2,175.47
OL-12709,ORD-15151,CUST-1465,PROD-029,2024-12-18,5,32.8,0,164
OL-12710,ORD-15151,CUST-1465,PROD-024,2024-12-18,3,38.87,0,116.61
OL-12711,ORD-15152,CUST-1465,PROD-011,2025-02-04,5,103.76,0,518.8
OL-12712,ORD-15152,CUST-1465,PROD-012,2025-02-04,4,109.67,0,438.68
OL-12713,ORD-15152,CUST-1465,PROD-004,2025-02-04,3,921.23,0,2763.69
OL-12714,ORD-15153,CUST-1465,PROD-032,2025-10-11,5,129.73,0.15,551.35
OL-12715,ORD-15153,CUST-1465,PROD-026,2025-10-11,2,54.35,0.1,97.83
OL-12716,ORD-15153,CUST-1465,PROD-023,2025-10-11,1,88.43,0,88.43
OL-12717,ORD-15154,CUST-1465,PROD-025,2025-11-10,3,25.5,0.2,61.2
OL-12718,ORD-15154,CUST-1465,PROD-011,2025-11-10,2,103.76,0.1,186.77
OL-12719,ORD-15154,CUST-1465,PROD-029,2025-11-10,5,32.8,0,164
OL-12720,ORD-15154,CUST-1465,PROD-004,2025-11-10,2,921.23,0.2,1473.97
OL-12721,ORD-15155,CUST-1465,PROD-005,2025-10-03,3,843.32,0.15,2150.47
OL-12722,ORD-15155,CUST-1465,PROD-023,2025-10-03,3,88.43,0,265.29
OL-12723,ORD-15155,CUST-1465,PROD-034,2025-10-03,1,79.8,0,79.8
OL-12724,ORD-15155,CUST-1465,PROD-015,2025-10-03,5,295.3,0.1,1328.85
OL-12725,ORD-15156,CUST-1465,PROD-016,2025-07-02,3,189.62,0.2,455.09
OL-12726,ORD-15156,CUST-1465,PROD-036,2025-07-02,2,97.89,0.2,156.62
OL-12727,ORD-15156,CUST-1465,PROD-021,2025-07-02,3,38.34,0,115.02
OL-12728,ORD-15156,CUST-1465,PROD-020,2025-07-02,2,37.73,0.1,67.91
OL-12729,ORD-15157,CUST-1465,PROD-035,2025-10-17,4,75.75,0.1,272.7
OL-12730,ORD-15157,CUST-1465,PROD-001,2025-10-17,5,1226.38,0.05,5825.31
OL-12731,ORD-15157,CUST-1465,PROD-020,2025-10-17,5,37.73,0.15,160.35
OL-12732,ORD-15158,CUST-1465,PROD-035,2025-04-26,4,75.75,0.05,287.85
OL-12733,ORD-15159,CUST-1465,PROD-012,2024-10-25,3,109.67,0.05,312.56
OL-12734,ORD-15159,CUST-1465,PROD-032,2024-10-25,4,129.73,0,518.92
OL-12735,ORD-15159,CUST-1465,PROD-011,2024-10-25,1,103.76,0,103.76
OL-12736,ORD-15160,CUST-1465,PROD-013,2025-02-28,3,134.4,0.05,383.04
OL-12737,ORD-15160,CUST-1465,PROD-031,2025-02-28,1,164.42,0.2,131.54
OL-12738,ORD-15160,CUST-1465,PROD-035,2025-02-28,4,75.75,0,303
OL-12739,ORD-15160,CUST-1465,PROD-006,2025-02-28,1,689.21,0.15,585.83
OL-12740,ORD-15161,CUST-1466,PROD-025,2025-05-07,1,25.5,0,25.5
OL-12741,ORD-15161,CUST-1466,PROD-031,2025-05-07,5,164.42,0.15,698.78
OL-12742,ORD-15162,CUST-1467,PROD-005,2025-03-09,1,843.32,0.15,716.82
OL-12743,ORD-15162,CUST-1467,PROD-019,2025-03-09,2,21.71,0,43.42
OL-12744,ORD-15163,CUST-1469,PROD-026,2025-10-26,4,54.35,0.05,206.53
OL-12745,ORD-15164,CUST-1470,PROD-028,2025-07-29,2,65.64,0,131.28
OL-12746,ORD-15165,CUST-1471,PROD-035,2024-04-16,4,75.75,0.05,287.85
OL-12747,ORD-15165,CUST-1471,PROD-034,2024-04-16,2,79.8,0.15,135.66
OL-12748,ORD-15165,CUST-1471,PROD-037,2024-04-16,1,23.39,0.1,21.05
OL-12749,ORD-15165,CUST-1471,PROD-028,2024-04-16,2,65.64,0,131.28
OL-12750,ORD-15166,CUST-1471,PROD-037,2024-10-07,4,23.39,0.05,88.88
OL-12751,ORD-15166,CUST-1471,PROD-012,2024-10-07,5,109.67,0.05,520.93
OL-12752,ORD-15166,CUST-1471,PROD-009,2024-10-07,4,89.78,0,359.12
OL-12753,ORD-15166,CUST-1471,PROD-017,2024-10-07,4,242.78,0,971.12
OL-12754,ORD-15167,CUST-1471,PROD-006,2024-11-17,3,689.21,0.05,1964.25
OL-12755,ORD-15167,CUST-1471,PROD-018,2024-11-17,5,9.52,0,47.6
OL-12756,ORD-15167,CUST-1471,PROD-034,2024-11-17,3,79.8,0.05,227.43
OL-12757,ORD-15167,CUST-1471,PROD-037,2024-11-17,5,23.39,0,116.95
OL-12758,ORD-15168,CUST-1471,PROD-013,2025-04-20,2,134.4,0.1,241.92
OL-12759,ORD-15168,CUST-1471,PROD-021,2025-04-20,5,38.34,0,191.7
OL-12760,ORD-15169,CUST-1471,PROD-019,2024-05-14,2,21.71,0.2,34.74
OL-12761,ORD-15169,CUST-1471,PROD-005,2024-05-14,4,843.32,0,3373.28
OL-12762,ORD-15170,CUST-1471,PROD-018,2024-09-06,4,9.52,0.2,30.46
OL-12763,ORD-15170,CUST-1471,PROD-009,2024-09-06,1,89.78,0,89.78
OL-12764,ORD-15170,CUST-1471,PROD-019,2024-09-06,3,21.71,0,65.13
OL-12765,ORD-15171,CUST-1472,PROD-012,2024-04-09,5,109.67,0,548.35
OL-12766,ORD-15171,CUST-1472,PROD-005,2024-04-09,5,843.32,0,4216.6
OL-12767,ORD-15172,CUST-1472,PROD-006,2024-06-06,4,689.21,0.05,2619
OL-12768,ORD-15172,CUST-1472,PROD-001,2024-06-06,4,1226.38,0.15,4169.69
OL-12769,ORD-15172,CUST-1472,PROD-029,2024-06-06,4,32.8,0.15,111.52
OL-12770,ORD-15172,CUST-1472,PROD-002,2024-06-06,5,505.32,0,2526.6
OL-12771,ORD-15173,CUST-1472,PROD-014,2025-06-21,1,487.6,0.2,390.08
OL-12772,ORD-15174,CUST-1472,PROD-020,2025-07-02,2,37.73,0,75.46
OL-12773,ORD-15174,CUST-1472,PROD-021,2025-07-02,4,38.34,0,153.36
OL-12774,ORD-15174,CUST-1472,PROD-016,2025-07-02,2,189.62,0,379.24
OL-12775,ORD-15174,CUST-1472,PROD-036,2025-07-02,3,97.89,0,293.67
OL-12776,ORD-15175,CUST-1472,PROD-024,2025-07-05,2,38.87,0.15,66.08
OL-12777,ORD-15175,CUST-1472,PROD-016,2025-07-05,2,189.62,0.2,303.39
OL-12778,ORD-15176,CUST-1472,PROD-003,2025-05-04,1,722.82,0,722.82
OL-12779,ORD-15177,CUST-1472,PROD-026,2024-10-13,5,54.35,0,271.75
OL-12780,ORD-15177,CUST-1472,PROD-029,2024-10-13,3,32.8,0.1,88.56
OL-12781,ORD-15177,CUST-1472,PROD-021,2024-10-13,5,38.34,0.15,162.95
OL-12782,ORD-15178,CUST-1472,PROD-037,2025-02-27,1,23.39,0,23.39
OL-12783,ORD-15178,CUST-1472,PROD-029,2025-02-27,1,32.8,0.15,27.88
OL-12784,ORD-15178,CUST-1472,PROD-031,2025-02-27,4,164.42,0,657.68
OL-12785,ORD-15179,CUST-1472,PROD-035,2024-10-25,2,75.75,0,151.5
OL-12786,ORD-15179,CUST-1472,PROD-009,2024-10-25,1,89.78,0,89.78
OL-12787,ORD-15179,CUST-1472,PROD-024,2024-10-25,3,38.87,0.2,93.29
OL-12788,ORD-15179,CUST-1472,PROD-036,2024-10-25,2,97.89,0,195.78
OL-12789,ORD-15180,CUST-1472,PROD-025,2024-09-27,4,25.5,0.1,91.8
OL-12790,ORD-15180,CUST-1472,PROD-013,2024-09-27,5,134.4,0.1,604.8
OL-12791,ORD-15180,CUST-1472,PROD-026,2024-09-27,2,54.35,0.05,103.27
OL-12792,ORD-15181,CUST-1473,PROD-016,2025-11-01,1,189.62,0,189.62
OL-12793,ORD-15181,CUST-1473,PROD-027,2025-11-01,4,52.67,0,210.68
OL-12794,ORD-15181,CUST-1473,PROD-020,2025-11-01,2,37.73,0.2,60.37
OL-12795,ORD-15181,CUST-1473,PROD-033,2025-11-01,4,70.03,0.2,224.1
OL-12796,ORD-15182,CUST-1474,PROD-037,2024-12-09,1,23.39,0.05,22.22
OL-12797,ORD-15182,CUST-1474,PROD-009,2024-12-09,1,89.78,0,89.78
OL-12798,ORD-15183,CUST-1474,PROD-010,2025-03-05,1,121.48,0.1,109.33
OL-12799,ORD-15183,CUST-1474,PROD-009,2025-03-05,2,89.78,0,179.56
OL-12800,ORD-15183,CUST-1474,PROD-005,2025-03-05,4,843.32,0,3373.28
OL-12801,ORD-15184,CUST-1474,PROD-004,2025-04-11,5,921.23,0,4606.15
OL-12802,ORD-15184,CUST-1474,PROD-028,2025-04-11,1,65.64,0.1,59.08
OL-12803,ORD-15184,CUST-1474,PROD-031,2025-04-11,5,164.42,0.15,698.78
OL-12804,ORD-15185,CUST-1474,PROD-009,2025-04-09,2,89.78,0.1,161.6
OL-12805,ORD-15185,CUST-1474,PROD-008,2025-04-09,2,342.59,0.15,582.4
OL-12806,ORD-15185,CUST-1474,PROD-007,2025-04-09,5,511.33,0.1,2300.99
OL-12807,ORD-15185,CUST-1474,PROD-002,2025-04-09,5,505.32,0,2526.6
OL-12808,ORD-15186,CUST-1475,PROD-007,2024-09-19,3,511.33,0,1533.99
OL-12809,ORD-15187,CUST-1475,PROD-023,2025-11-07,4,88.43,0,353.72
OL-12810,ORD-15187,CUST-1475,PROD-020,2025-11-07,4,37.73,0.1,135.83
OL-12811,ORD-15187,CUST-1475,PROD-032,2025-11-07,1,129.73,0.15,110.27
OL-12812,ORD-15188,CUST-1475,PROD-033,2025-08-21,1,70.03,0,70.03
OL-12813,ORD-15188,CUST-1475,PROD-003,2025-08-21,3,722.82,0.15,1843.19
OL-12814,ORD-15188,CUST-1475,PROD-016,2025-08-21,3,189.62,0.2,455.09
OL-12815,ORD-15188,CUST-1475,PROD-020,2025-08-21,4,37.73,0.1,135.83
OL-12816,ORD-15189,CUST-1476,PROD-013,2025-11-05,1,134.4,0.2,107.52
OL-12817,ORD-15190,CUST-1477,PROD-014,2025-04-02,1,487.6,0,487.6
OL-12818,ORD-15190,CUST-1477,PROD-016,2025-04-02,4,189.62,0,758.48
OL-12819,ORD-15190,CUST-1477,PROD-027,2025-04-02,2,52.67,0,105.34
OL-12820,ORD-15191,CUST-1477,PROD-008,2025-06-08,3,342.59,0,1027.77
OL-12821,ORD-15192,CUST-1478,PROD-037,2024-07-06,4,23.39,0.1,84.2
OL-12822,ORD-15192,CUST-1478,PROD-006,2024-07-06,1,689.21,0.1,620.29
OL-12823,ORD-15193,CUST-1478,PROD-005,2025-01-31,2,843.32,0.05,1602.31
OL-12824,ORD-15194,CUST-1478,PROD-032,2024-12-17,4,129.73,0,518.92
OL-12825,ORD-15195,CUST-1478,PROD-002,2025-07-14,5,505.32,0,2526.6
OL-12826,ORD-15195,CUST-1478,PROD-024,2025-07-14,5,38.87,0.15,165.2
OL-12827,ORD-15196,CUST-1478,PROD-002,2024-11-02,5,505.32,0,2526.6
OL-12828,ORD-15196,CUST-1478,PROD-037,2024-11-02,1,23.39,0.2,18.71
OL-12829,ORD-15196,CUST-1478,PROD-005,2024-11-02,1,843.32,0,843.32
OL-12830,ORD-15196,CUST-1478,PROD-027,2024-11-02,2,52.67,0.15,89.54
OL-12831,ORD-15197,CUST-1478,PROD-025,2025-02-19,3,25.5,0,76.5
OL-12832,ORD-15198,CUST-1478,PROD-024,2025-05-28,5,38.87,0.05,184.63
OL-12833,ORD-15198,CUST-1478,PROD-013,2025-05-28,2,134.4,0,268.8
OL-12834,ORD-15198,CUST-1478,PROD-018,2025-05-28,1,9.52,0,9.52
OL-12835,ORD-15199,CUST-1478,PROD-003,2025-09-29,3,722.82,0,2168.46
OL-12836,ORD-15199,CUST-1478,PROD-008,2025-09-29,1,342.59,0,342.59
OL-12837,ORD-15199,CUST-1478,PROD-024,2025-09-29,2,38.87,0,77.74
OL-12838,ORD-15199,CUST-1478,PROD-013,2025-09-29,3,134.4,0.05,383.04
OL-12839,ORD-15200,CUST-1478,PROD-020,2025-08-06,5,37.73,0.15,160.35
OL-12840,ORD-15200,CUST-1478,PROD-036,2025-08-06,5,97.89,0.15,416.03
OL-12841,ORD-15201,CUST-1478,PROD-020,2025-07-08,5,37.73,0.05,179.22
OL-12842,ORD-15202,CUST-1478,PROD-027,2024-08-12,3,52.67,0,158.01
OL-12843,ORD-15202,CUST-1478,PROD-018,2024-08-12,3,9.52,0,28.56
OL-12844,ORD-15202,CUST-1478,PROD-036,2024-08-12,4,97.89,0.1,352.4
OL-12845,ORD-15203,CUST-1479,PROD-011,2024-06-28,1,103.76,0.2,83.01
OL-12846,ORD-15203,CUST-1479,PROD-019,2024-06-28,3,21.71,0.2,52.1
OL-12847,ORD-15204,CUST-1479,PROD-019,2025-06-04,2,21.71,0,43.42
OL-12848,ORD-15204,CUST-1479,PROD-007,2025-06-04,2,511.33,0.1,920.39
OL-12849,ORD-15204,CUST-1479,PROD-006,2025-06-04,1,689.21,0.15,585.83
OL-12850,ORD-15204,CUST-1479,PROD-037,2025-06-04,1,23.39,0,23.39
OL-12851,ORD-15205,CUST-1479,PROD-026,2025-04-01,4,54.35,0.05,206.53
OL-12852,ORD-15206,CUST-1479,PROD-024,2025-02-23,2,38.87,0,77.74
OL-12853,ORD-15207,CUST-1479,PROD-033,2025-03-29,1,70.03,0,70.03
OL-12854,ORD-15207,CUST-1479,PROD-025,2025-03-29,2,25.5,0.1,45.9
OL-12855,ORD-15207,CUST-1479,PROD-034,2025-03-29,3,79.8,0,239.4
OL-12856,ORD-15208,CUST-1479,PROD-003,2025-05-11,5,722.82,0.15,3071.99
OL-12857,ORD-15209,CUST-1479,PROD-021,2025-06-16,3,38.34,0.05,109.27
OL-12858,ORD-15209,CUST-1479,PROD-035,2025-06-16,5,75.75,0.2,303
OL-12859,ORD-15210,CUST-1479,PROD-013,2024-10-23,4,134.4,0,537.6
OL-12860,ORD-15211,CUST-1479,PROD-031,2024-10-30,1,164.42,0,164.42
OL-12861,ORD-15211,CUST-1479,PROD-014,2024-10-30,5,487.6,0.2,1950.4
OL-12862,ORD-15211,CUST-1479,PROD-006,2024-10-30,5,689.21,0.05,3273.75
OL-12863,ORD-15211,CUST-1479,PROD-010,2024-10-30,5,121.48,0.15,516.29
OL-12864,ORD-15212,CUST-1479,PROD-034,2025-06-30,1,79.8,0.05,75.81
OL-12865,ORD-15212,CUST-1479,PROD-023,2025-06-30,3,88.43,0.1,238.76
OL-12866,ORD-15212,CUST-1479,PROD-014,2025-06-30,4,487.6,0.1,1755.36
OL-12867,ORD-15213,CUST-1479,PROD-017,2024-08-21,5,242.78,0,1213.9
OL-12868,ORD-15213,CUST-1479,PROD-002,2024-08-21,1,505.32,0,505.32
OL-12869,ORD-15214,CUST-1479,PROD-004,2024-07-20,1,921.23,0,921.23
OL-12870,ORD-15214,CUST-1479,PROD-005,2024-07-20,4,843.32,0,3373.28
OL-12871,ORD-15214,CUST-1479,PROD-036,2024-07-20,4,97.89,0,391.56
OL-12872,ORD-15215,CUST-1480,PROD-018,2025-03-02,5,9.52,0.2,38.08
OL-12873,ORD-15216,CUST-1480,PROD-007,2025-09-16,3,511.33,0.1,1380.59
OL-12874,ORD-15216,CUST-1480,PROD-009,2025-09-16,1,89.78,0,89.78
OL-12875,ORD-15216,CUST-1480,PROD-013,2025-09-16,5,134.4,0,672
OL-12876,ORD-15217,CUST-1481,PROD-021,2024-02-08,5,38.34,0.05,182.12
OL-12877,ORD-15217,CUST-1481,PROD-016,2024-02-08,2,189.62,0,379.24
OL-12878,ORD-15218,CUST-1481,PROD-028,2025-04-30,3,65.64,0,196.92
OL-12879,ORD-15218,CUST-1481,PROD-006,2025-04-30,2,689.21,0.15,1171.66
OL-12880,ORD-15218,CUST-1481,PROD-018,2025-04-30,5,9.52,0.1,42.84
OL-12881,ORD-15219,CUST-1481,PROD-005,2024-10-09,1,843.32,0.1,758.99
OL-12882,ORD-15220,CUST-1481,PROD-008,2024-05-31,2,342.59,0.1,616.66
OL-12883,ORD-15220,CUST-1481,PROD-022,2024-05-31,3,27.82,0,83.46
OL-12884,ORD-15221,CUST-1481,PROD-008,2024-11-04,2,342.59,0,685.18
OL-12885,ORD-15221,CUST-1481,PROD-007,2024-11-04,3,511.33,0.2,1227.19
OL-12886,ORD-15221,CUST-1481,PROD-020,2024-11-04,1,37.73,0.1,33.96
OL-12887,ORD-15221,CUST-1481,PROD-033,2024-11-04,4,70.03,0.15,238.1
OL-12888,ORD-15222,CUST-1481,PROD-027,2024-08-17,2,52.67,0,105.34
OL-12889,ORD-15222,CUST-1481,PROD-005,2024-08-17,4,843.32,0.2,2698.62
OL-12890,ORD-15223,CUST-1481,PROD-037,2025-04-02,1,23.39,0,23.39
OL-12891,ORD-15223,CUST-1481,PROD-020,2025-04-02,1,37.73,0,37.73
OL-12892,ORD-15223,CUST-1481,PROD-034,2025-04-02,2,79.8,0.15,135.66
OL-12893,ORD-15223,CUST-1481,PROD-006,2025-04-02,2,689.21,0,1378.42
OL-12894,ORD-15224,CUST-1481,PROD-008,2025-02-14,4,342.59,0.05,1301.84
OL-12895,ORD-15225,CUST-1481,PROD-022,2024-12-16,2,27.82,0,55.64
OL-12896,ORD-15225,CUST-1481,PROD-024,2024-12-16,2,38.87,0.1,69.97
OL-12897,ORD-15225,CUST-1481,PROD-025,2024-12-16,2,25.5,0.05,48.45
OL-12898,ORD-15225,CUST-1481,PROD-030,2024-12-16,5,33.74,0,168.7
OL-12899,ORD-15226,CUST-1481,PROD-016,2024-04-14,4,189.62,0,758.48
OL-12900,ORD-15226,CUST-1481,PROD-020,2024-04-14,2,37.73,0.2,60.37
OL-12901,ORD-15226,CUST-1481,PROD-019,2024-04-14,5,21.71,0,108.55
OL-12902,ORD-15227,CUST-1481,PROD-017,2025-03-13,5,242.78,0.15,1031.82
OL-12903,ORD-15227,CUST-1481,PROD-004,2025-03-13,5,921.23,0.2,3684.92
OL-12904,ORD-15227,CUST-1481,PROD-021,2025-03-13,1,38.34,0,38.34
OL-12905,ORD-15227,CUST-1481,PROD-013,2025-03-13,5,134.4,0,672
OL-12906,ORD-15228,CUST-1481,PROD-011,2024-02-26,4,103.76,0.1,373.54
OL-12907,ORD-15228,CUST-1481,PROD-034,2024-02-26,2,79.8,0.05,151.62
OL-12908,ORD-15228,CUST-1481,PROD-005,2024-02-26,2,843.32,0,1686.64
OL-12909,ORD-15229,CUST-1481,PROD-012,2024-10-09,4,109.67,0,438.68
OL-12910,ORD-15229,CUST-1481,PROD-006,2024-10-09,4,689.21,0,2756.84
OL-12911,ORD-15229,CUST-1481,PROD-002,2024-10-09,1,505.32,0,505.32
OL-12912,ORD-15229,CUST-1481,PROD-033,2024-10-09,3,70.03,0.1,189.08
OL-12913,ORD-15230,CUST-1482,PROD-030,2025-06-05,1,33.74,0,33.74
OL-12914,ORD-15230,CUST-1482,PROD-037,2025-06-05,3,23.39,0,70.17
OL-12915,ORD-15230,CUST-1482,PROD-033,2025-06-05,1,70.03,0.1,63.03
OL-12916,ORD-15231,CUST-1483,PROD-024,2024-09-09,3,38.87,0,116.61
OL-12917,ORD-15231,CUST-1483,PROD-011,2024-09-09,3,103.76,0,311.28
OL-12918,ORD-15231,CUST-1483,PROD-028,2024-09-09,2,65.64,0,131.28
OL-12919,ORD-15232,CUST-1483,PROD-009,2025-05-29,3,89.78,0,269.34
OL-12920,ORD-15232,CUST-1483,PROD-036,2025-05-29,3,97.89,0.2,234.94
OL-12921,ORD-15233,CUST-1483,PROD-011,2025-06-19,2,103.76,0,207.52
OL-12922,ORD-15233,CUST-1483,PROD-037,2025-06-19,2,23.39,0.1,42.1
OL-12923,ORD-15233,CUST-1483,PROD-035,2025-06-19,1,75.75,0.15,64.39
OL-12924,ORD-15233,CUST-1483,PROD-004,2025-06-19,4,921.23,0,3684.92
OL-12925,ORD-15234,CUST-1483,PROD-007,2025-04-08,2,511.33,0,1022.66
OL-12926,ORD-15234,CUST-1483,PROD-016,2025-04-08,3,189.62,0.15,483.53
OL-12927,ORD-15234,CUST-1483,PROD-017,2025-04-08,3,242.78,0.2,582.67
OL-12928,ORD-15235,CUST-1483,PROD-016,2025-06-02,1,189.62,0,189.62
OL-12929,ORD-15236,CUST-1483,PROD-009,2025-03-28,2,89.78,0,179.56
OL-12930,ORD-15236,CUST-1483,PROD-024,2025-03-28,2,38.87,0,77.74
OL-12931,ORD-15236,CUST-1483,PROD-015,2025-03-28,1,295.3,0,295.3
OL-12932,ORD-15236,CUST-1483,PROD-004,2025-03-28,1,921.23,0,921.23
OL-12933,ORD-15237,CUST-1484,PROD-014,2024-12-22,1,487.6,0,487.6
OL-12934,ORD-15238,CUST-1485,PROD-020,2024-07-01,3,37.73,0,113.19
OL-12935,ORD-15238,CUST-1485,PROD-012,2024-07-01,4,109.67,0.15,372.88
OL-12936,ORD-15238,CUST-1485,PROD-006,2024-07-01,4,689.21,0.1,2481.16
OL-12937,ORD-15239,CUST-1485,PROD-024,2025-06-28,3,38.87,0.15,99.12
OL-12938,ORD-15240,CUST-1485,PROD-009,2025-10-24,4,89.78,0,359.12
OL-12939,ORD-15240,CUST-1485,PROD-031,2025-10-24,2,164.42,0.05,312.4
OL-12940,ORD-15241,CUST-1486,PROD-037,2025-03-28,5,23.39,0.15,99.41
OL-12941,ORD-15241,CUST-1486,PROD-030,2025-03-28,4,33.74,0.1,121.46
OL-12942,ORD-15241,CUST-1486,PROD-026,2025-03-28,5,54.35,0.15,230.99
OL-12943,ORD-15242,CUST-1487,PROD-012,2024-06-13,3,109.67,0,329.01
OL-12944,ORD-15242,CUST-1487,PROD-023,2024-06-13,1,88.43,0,88.43
OL-12945,ORD-15242,CUST-1487,PROD-026,2024-06-13,3,54.35,0,163.05
OL-12946,ORD-15242,CUST-1487,PROD-028,2024-06-13,4,65.64,0.15,223.18
OL-12947,ORD-15243,CUST-1487,PROD-025,2025-02-05,4,25.5,0.15,86.7
OL-12948,ORD-15243,CUST-1487,PROD-029,2025-02-05,4,32.8,0,131.2
OL-12949,ORD-15243,CUST-1487,PROD-011,2025-02-05,2,103.76,0.1,186.77
OL-12950,ORD-15244,CUST-1487,PROD-003,2025-01-24,4,722.82,0,2891.28
OL-12951,ORD-15245,CUST-1487,PROD-019,2025-10-07,4,21.71,0,86.84
OL-12952,ORD-15246,CUST-1488,PROD-012,2024-05-04,1,109.67,0,109.67
OL-12953,ORD-15246,CUST-1488,PROD-009,2024-05-04,2,89.78,0.2,143.65
OL-12954,ORD-15246,CUST-1488,PROD-003,2024-05-04,4,722.82,0.2,2313.02
OL-12955,ORD-15247,CUST-1488,PROD-019,2025-07-08,2,21.71,0,43.42
OL-12956,ORD-15248,CUST-1488,PROD-037,2025-05-12,2,23.39,0,46.78
OL-12957,ORD-15248,CUST-1488,PROD-015,2025-05-12,5,295.3,0,1476.5
OL-12958,ORD-15248,CUST-1488,PROD-016,2025-05-12,3,189.62,0,568.86
OL-12959,ORD-15249,CUST-1488,PROD-027,2024-09-04,1,52.67,0.05,50.04
OL-12960,ORD-15250,CUST-1488,PROD-020,2024-12-12,4,37.73,0,150.92
OL-12961,ORD-15250,CUST-1488,PROD-027,2024-12-12,1,52.67,0.1,47.4
OL-12962,ORD-15250,CUST-1488,PROD-032,2024-12-12,5,129.73,0.2,518.92
OL-12963,ORD-15250,CUST-1488,PROD-003,2024-12-12,5,722.82,0,3614.1
OL-12964,ORD-15251,CUST-1488,PROD-008,2025-08-21,1,342.59,0,342.59
OL-12965,ORD-15252,CUST-1488,PROD-009,2025-01-26,4,89.78,0,359.12
OL-12966,ORD-15252,CUST-1488,PROD-016,2025-01-26,3,189.62,0.15,483.53
OL-12967,ORD-15252,CUST-1488,PROD-004,2025-01-26,3,921.23,0.1,2487.32
OL-12968,ORD-15252,CUST-1488,PROD-013,2025-01-26,4,134.4,0,537.6
OL-12969,ORD-15253,CUST-1488,PROD-020,2024-08-20,2,37.73,0.15,64.14
OL-12970,ORD-15253,CUST-1488,PROD-009,2024-08-20,3,89.78,0,269.34
OL-12971,ORD-15253,CUST-1488,PROD-014,2024-08-20,5,487.6,0.1,2194.2
OL-12972,ORD-15253,CUST-1488,PROD-026,2024-08-20,3,54.35,0.15,138.59
OL-12973,ORD-15254,CUST-1488,PROD-029,2024-11-27,3,32.8,0.05,93.48
OL-12974,ORD-15254,CUST-1488,PROD-005,2024-11-27,5,843.32,0.05,4005.77
OL-12975,ORD-15255,CUST-1489,PROD-034,2025-06-25,1,79.8,0,79.8
OL-12976,ORD-15256,CUST-1490,PROD-005,2024-07-05,3,843.32,0,2529.96
OL-12977,ORD-15256,CUST-1490,PROD-032,2024-07-05,1,129.73,0,129.73
OL-12978,ORD-15256,CUST-1490,PROD-034,2024-07-05,2,79.8,0.15,135.66
OL-12979,ORD-15256,CUST-1490,PROD-017,2024-07-05,4,242.78,0.2,776.9
OL-12980,ORD-15257,CUST-1490,PROD-011,2024-11-30,2,103.76,0.05,197.14
OL-12981,ORD-15257,CUST-1490,PROD-018,2024-11-30,5,9.52,0.2,38.08
OL-12982,ORD-15257,CUST-1490,PROD-020,2024-11-30,2,37.73,0.05,71.69
OL-12983,ORD-15258,CUST-1490,PROD-004,2025-02-04,4,921.23,0.2,2947.94
OL-12984,ORD-15258,CUST-1490,PROD-019,2025-02-04,4,21.71,0,86.84
OL-12985,ORD-15258,CUST-1490,PROD-020,2025-02-04,1,37.73,0.1,33.96
OL-12986,ORD-15258,CUST-1490,PROD-035,2025-02-04,5,75.75,0,378.75
OL-12987,ORD-15259,CUST-1490,PROD-034,2025-02-13,2,79.8,0.15,135.66
OL-12988,ORD-15260,CUST-1491,PROD-015,2024-02-07,3,295.3,0.1,797.31
OL-12989,ORD-15260,CUST-1491,PROD-019,2024-02-07,4,21.71,0.05,82.5
OL-12990,ORD-15260,CUST-1491,PROD-029,2024-02-07,5,32.8,0.15,139.4
OL-12991,ORD-15260,CUST-1491,PROD-030,2024-02-07,3,33.74,0,101.22
OL-12992,ORD-15261,CUST-1491,PROD-030,2025-02-15,2,33.74,0.15,57.36
OL-12993,ORD-15261,CUST-1491,PROD-016,2025-02-15,1,189.62,0.15,161.18
OL-12994,ORD-15262,CUST-1492,PROD-021,2024-05-01,4,38.34,0.05,145.69
OL-12995,ORD-15263,CUST-1492,PROD-008,2024-10-30,3,342.59,0.15,873.6
OL-12996,ORD-15263,CUST-1492,PROD-014,2024-10-30,3,487.6,0,1462.8
OL-12997,ORD-15263,CUST-1492,PROD-022,2024-10-30,4,27.82,0.1,100.15
OL-12998,ORD-15264,CUST-1492,PROD-030,2025-01-04,5,33.74,0.2,134.96
OL-12999,ORD-15265,CUST-1493,PROD-031,2025-12-28,4,164.42,0.15,559.03
OL-13000,ORD-15266,CUST-1494,PROD-024,2024-10-14,1,38.87,0,38.87
OL-13001,ORD-15266,CUST-1494,PROD-022,2024-10-14,1,27.82,0.05,26.43
OL-13002,ORD-15266,CUST-1494,PROD-014,2024-10-14,2,487.6,0,975.2
OL-13003,ORD-15267,CUST-1495,PROD-007,2025-08-01,2,511.33,0,1022.66
OL-13004,ORD-15267,CUST-1495,PROD-010,2025-08-01,5,121.48,0,607.4
OL-13005,ORD-15267,CUST-1495,PROD-031,2025-08-01,1,164.42,0.15,139.76
OL-13006,ORD-15268,CUST-1495,PROD-025,2025-11-17,3,25.5,0,76.5
OL-13007,ORD-15268,CUST-1495,PROD-029,2025-11-17,3,32.8,0,98.4
OL-13008,ORD-15268,CUST-1495,PROD-009,2025-11-17,3,89.78,0.2,215.47
OL-13009,ORD-15269,CUST-1496,PROD-021,2025-08-11,4,38.34,0.05,145.69
OL-13010,ORD-15269,CUST-1496,PROD-007,2025-08-11,3,511.33,0.15,1303.89
OL-13011,ORD-15270,CUST-1497,PROD-021,2024-07-10,2,38.34,0.2,61.34
OL-13012,ORD-15270,CUST-1497,PROD-010,2024-07-10,3,121.48,0,364.44
OL-13013,ORD-15270,CUST-1497,PROD-026,2024-07-10,4,54.35,0,217.4
OL-13014,ORD-15270,CUST-1497,PROD-020,2024-07-10,2,37.73,0.1,67.91
OL-13015,ORD-15271,CUST-1497,PROD-010,2025-08-10,2,121.48,0,242.96
OL-13016,ORD-15271,CUST-1497,PROD-002,2025-08-10,1,505.32,0,505.32
OL-13017,ORD-15272,CUST-1497,PROD-027,2024-08-31,3,52.67,0.1,142.21
OL-13018,ORD-15273,CUST-1497,PROD-030,2025-02-17,2,33.74,0.05,64.11
OL-13019,ORD-15274,CUST-1497,PROD-004,2025-01-15,3,921.23,0.1,2487.32
OL-13020,ORD-15274,CUST-1497,PROD-007,2025-01-15,4,511.33,0.05,1943.05
OL-13021,ORD-15275,CUST-1497,PROD-029,2024-08-18,1,32.8,0,32.8
OL-13022,ORD-15275,CUST-1497,PROD-015,2024-08-18,5,295.3,0,1476.5
OL-13023,ORD-15275,CUST-1497,PROD-011,2024-08-18,2,103.76,0,207.52
OL-13024,ORD-15275,CUST-1497,PROD-024,2024-08-18,5,38.87,0,194.35
OL-13025,ORD-15276,CUST-1497,PROD-012,2025-02-09,3,109.67,0.15,279.66
OL-13026,ORD-15276,CUST-1497,PROD-004,2025-02-09,1,921.23,0.05,875.17
OL-13027,ORD-15277,CUST-1498,PROD-003,2025-12-04,4,722.82,0.15,2457.59
OL-13028,ORD-15277,CUST-1498,PROD-026,2025-12-04,1,54.35,0.15,46.2
OL-13029,ORD-15277,CUST-1498,PROD-037,2025-12-04,3,23.39,0.1,63.15
OL-13030,ORD-15278,CUST-1499,PROD-023,2025-03-22,4,88.43,0,353.72
OL-13031,ORD-15278,CUST-1499,PROD-009,2025-03-22,5,89.78,0,448.9
OL-13032,ORD-15278,CUST-1499,PROD-014,2025-03-22,1,487.6,0,487.6
OL-13033,ORD-15279,CUST-1500,PROD-003,2025-01-04,2,722.82,0,1445.64
OL-13034,ORD-15280,CUST-1500,PROD-032,2025-10-21,1,129.73,0.2,103.78
OL-13035,ORD-15280,CUST-1500,PROD-026,2025-10-21,4,54.35,0,217.4
OL-13036,ORD-15280,CUST-1500,PROD-003,2025-10-21,2,722.82,0,1445.64
OL-13037,ORD-15280,CUST-1500,PROD-020,2025-10-21,1,37.73,0.2,30.18
OL-13038,ORD-15281,CUST-1500,PROD-030,2025-07-23,3,33.74,0,101.22
OL-13039,ORD-15282,CUST-1500,PROD-031,2025-11-23,1,164.42,0,164.42
OL-13040,ORD-15282,CUST-1500,PROD-012,2025-11-23,5,109.67,0.05,520.93
OL-13041,ORD-15282,CUST-1500,PROD-037,2025-11-23,3,23.39,0,70.17
OL-13042,ORD-15282,CUST-1500,PROD-027,2025-11-23,1,52.67,0,52.67
